N,M,expertiseMean,expertiseSpread,expertiseSkew,entrantExpertiseMean,entrantExpertiseSpread,entrantExpertiseFloor,graphAttachment,transferRate,decayRate,learningRateSpread,personalLearningRate,mobilityMode,jumpProbability,competitionAversion,prestigeWeight,baseMoveProb,turnoverRate,learningCap,seniorTenureYears,aptitudeMean,aptitudeSpread,teachTopN,aboveMeanDrag,criticalMass,criticalMassSharpness,aiEnabled,aiLevelFraction,aiDampeningBelow,aiDampeningAbove,graphSource,institutionSizing,candidateCap,worldModelFingerprint,comboIndex,arm,t,meanE_mean,meanE_std,p10E_mean,p10E_std,p50E_mean,p50E_std,p90E_mean,p90E_std,divergence_mean,divergence_std,topE_mean,topE_std,aiLevel_mean,aiLevel_std,shareBelowAI_mean,shareBelowAI_std,shareExpert_mean,shareExpert_std,minOccupancy_mean,minOccupancy_std,emptyInstitutions_mean,emptyInstitutions_std,underOccupiedInstitutions_mean,underOccupiedInstitutions_std,n
600,245,0.28,0.3,3,0.05,0.05,0.05,2,0.08,0.012,1,0.005,hybrid,0.1,0.5,0.3,0.01,0.0020833333333333333,0.0048,8,0.75,0.2,8,16,0,2,true,0.585,0.75,1,worldModel,weighted,0,a2a0fec2,0,treatment,120,0.4845118217356503,0,0.2015,0,0.5295,0,0.6415,0,0.012610723456116748,0,0.8905141949653625,0,0.585,0,0.725,0,0.275,0,0,0,47,0,213,0,1
600,245,0.28,0.3,3,0.05,0.05,0.05,2,0.08,0.012,1,0.005,hybrid,0.1,0.5,0.3,0.01,0.0020833333333333333,0.0048,8,0.75,0.2,8,16,0,2,false,0.585,0.75,1,worldModel,weighted,0,a2a0fec2,0,baseline,120,0.5013210293029745,0,0.2215,0,0.5445,0,0.6645,0,0.013913280724294022,0,0.9140117168426514,0,,,,,0.32666666666666666,0,0,0,49,0,213,0,1
600,245,0.28,0.3,3,0.05,0.05,0.05,2,0.08,0.01375,1,0.005,hybrid,0.1,0.5,0.3,0.01,0.0020833333333333333,0.0048,8,0.75,0.2,8,16,0,2,true,0.585,0.75,1,worldModel,weighted,0,a2a0fec2,1,treatment,120,0.500075925582399,0,0.2045,0,0.5465,0,0.6595,0,0.015620528845053161,0,0.9314778447151184,0,0.585,0,0.6483333333333333,0,0.3516666666666667,0,0,0,41,0,216,0,1
600,245,0.28,0.3,3,0.05,0.05,0.05,2,0.08,0.01375,1,0.005,hybrid,0.1,0.5,0.3,0.01,0.0020833333333333333,0.0048,8,0.75,0.2,8,16,0,2,false,0.585,0.75,1,worldModel,weighted,0,a2a0fec2,1,baseline,120,0.5170371162767211,0,0.2235,0,0.5675,0,0.6655,0,0.013157600662844052,0,0.9317672252655029,0,,,,,0.4266666666666667,0,0,0,37,0,214,0,1
600,245,0.28,0.3,3,0.05,0.05,0.05,2,0.08,0.0155,1,0.005,hybrid,0.1,0.5,0.3,0.01,0.0020833333333333333,0.0048,8,0.75,0.2,8,16,0,2,true,0.585,0.75,1,worldModel,weighted,0,a2a0fec2,2,treatment,120,0.4798882049818834,0,0.1755,0,0.5285,0,0.6455,0,0.0153848828504121,0,0.860657811164856,0,0.585,0,0.73,0,0.27,0,0,0,57,0,211,0,1
600,245,0.28,0.3,3,0.05,0.05,0.05,2,0.08,0.0155,1,0.005,hybrid,0.1,0.5,0.3,0.01,0.0020833333333333333,0.0048,8,0.75,0.2,8,16,0,2,false,0.585,0.75,1,worldModel,weighted,0,a2a0fec2,2,baseline,120,0.5038782769752046,0,0.2005,0,0.5555,0,0.6585,0,0.015412369926917144,0,0.8560367822647095,0,,,,,0.37333333333333335,0,0,0,64,0,207,0,1
600,245,0.28,0.3,3,0.05,0.05,0.05,2,0.08,0.01725,1,0.005,hybrid,0.1,0.5,0.3,0.01,0.0020833333333333333,0.0048,8,0.75,0.2,8,16,0,2,true,0.585,0.75,1,worldModel,weighted,0,a2a0fec2,3,treatment,120,0.47657849884902437,0,0.1765,0,0.5165,0,0.6485,0,0.015608484817388387,0,0.8543305993080139,0,0.585,0,0.7333333333333333,0,0.26666666666666666,0,0,0,48,0,212,0,1
600,245,0.28,0.3,3,0.05,0.05,0.05,2,0.08,0.01725,1,0.005,hybrid,0.1,0.5,0.3,0.01,0.0020833333333333333,0.0048,8,0.75,0.2,8,16,0,2,false,0.585,0.75,1,worldModel,weighted,0,a2a0fec2,3,baseline,120,0.4993598204168181,0,0.2285,0,0.5455,0,0.6495,0,0.015307482110660482,0,0.9128655791282654,0,,,,,0.32166666666666666,0,0,0,48,0,213,0,1
600,245,0.28,0.3,3,0.05,0.05,0.05,2,0.08,0.019,1,0.005,hybrid,0.1,0.5,0.3,0.01,0.0020833333333333333,0.0048,8,0.75,0.2,8,16,0,2,true,0.585,0.75,1,worldModel,weighted,0,a2a0fec2,4,treatment,120,0.47421236999953786,0,0.1965,0,0.5205,0,0.6445,0,0.016194486734864712,0,0.9483919739723206,0,0.585,0,0.75,0,0.25,0,0,0,43,0,215,0,1
600,245,0.28,0.3,3,0.05,0.05,0.05,2,0.08,0.019,1,0.005,hybrid,0.1,0.5,0.3,0.01,0.0020833333333333333,0.0048,8,0.75,0.2,8,16,0,2,false,0.585,0.75,1,worldModel,weighted,0,a2a0fec2,4,baseline,120,0.5052753253094852,0,0.2655,0,0.5475,0,0.6515,0,0.015927341459830616,0,0.9524449706077576,0,,,,,0.3466666666666667,0,0,0,41,0,211,0,1
600,245,0.28,0.3,3,0.05,0.05,0.05,2,0.08,0.02075,1,0.005,hybrid,0.1,0.5,0.3,0.01,0.0020833333333333333,0.0048,8,0.75,0.2,8,16,0,2,true,0.585,0.75,1,worldModel,weighted,0,a2a0fec2,5,treatment,120,0.47795775833229226,0,0.2265,0,0.5125,0,0.6275,0,0.015278036042431487,0,0.862188458442688,0,0.585,0,0.7866666666666666,0,0.21333333333333335,0,0,0,52,0,211,0,1
600,245,0.28,0.3,3,0.05,0.05,0.05,2,0.08,0.02075,1,0.005,hybrid,0.1,0.5,0.3,0.01,0.0020833333333333333,0.0048,8,0.75,0.2,8,16,0,2,false,0.585,0.75,1,worldModel,weighted,0,a2a0fec2,5,baseline,120,0.5019910950399935,0,0.2635,0,0.5365,0,0.6375,0,0.012326381897390288,0,0.8589704632759094,0,,,,,0.2866666666666667,0,0,0,45,0,214,0,1
600,245,0.28,0.3,3,0.05,0.05,0.05,2,0.08,0.0225,1,0.005,hybrid,0.1,0.5,0.3,0.01,0.0020833333333333333,0.0048,8,0.75,0.2,8,16,0,2,true,0.585,0.75,1,worldModel,weighted,0,a2a0fec2,6,treatment,120,0.48584048375487326,0,0.2305,0,0.5205,0,0.6525,0,0.014890148139360819,0,0.8361310362815857,0,0.585,0,0.745,0,0.255,0,0,0,39,0,214,0,1
600,245,0.28,0.3,3,0.05,0.05,0.05,2,0.08,0.0225,1,0.005,hybrid,0.1,0.5,0.3,0.01,0.0020833333333333333,0.0048,8,0.75,0.2,8,16,0,2,false,0.585,0.75,1,worldModel,weighted,0,a2a0fec2,6,baseline,120,0.5083909379442533,0,0.2805,0,0.5445,0,0.6595,0,0.015263181587339763,0,0.920789361000061,0,,,,,0.33,0,0,0,41,0,216,0,1
600,245,0.28,0.3,3,0.05,0.05,0.05,2,0.08,0.02425,1,0.005,hybrid,0.1,0.5,0.3,0.01,0.0020833333333333333,0.0048,8,0.75,0.2,8,16,0,2,true,0.585,0.75,1,worldModel,weighted,0,a2a0fec2,7,treatment,120,0.45466287912180026,0,0.1615,0,0.5055,0,0.6115,0,0.015541058425476977,0,0.845751166343689,0,0.585,0,0.8516666666666667,0,0.14833333333333334,0,0,0,46,0,203,0,1
600,245,0.28,0.3,3,0.05,0.05,0.05,2,0.08,0.02425,1,0.005,hybrid,0.1,0.5,0.3,0.01,0.0020833333333333333,0.0048,8,0.75,0.2,8,16,0,2,false,0.585,0.75,1,worldModel,weighted,0,a2a0fec2,7,baseline,120,0.4758638685444991,0,0.1915,0,0.5285,0,0.6225,0,0.015206563825817126,0,0.8921034336090088,0,,,,,0.21666666666666667,0,0,0,45,0,209,0,1
600,245,0.28,0.3,3,0.05,0.05,0.05,2,0.08,0.026,1,0.005,hybrid,0.1,0.5,0.3,0.01,0.0020833333333333333,0.0048,8,0.75,0.2,8,16,0,2,true,0.585,0.75,1,worldModel,weighted,0,a2a0fec2,8,treatment,120,0.4567828305438161,0,0.1595,0,0.5015,0,0.6245,0,0.019392902946228554,0,0.8677608966827393,0,0.585,0,0.8483333333333334,0,0.15166666666666667,0,0,0,48,0,210,0,1
600,245,0.28,0.3,3,0.05,0.05,0.05,2,0.08,0.026,1,0.005,hybrid,0.1,0.5,0.3,0.01,0.0020833333333333333,0.0048,8,0.75,0.2,8,16,0,2,false,0.585,0.75,1,worldModel,weighted,0,a2a0fec2,8,baseline,120,0.47452184641733763,0,0.2175,0,0.5115,0,0.6175,0,0.020152444549807025,0,0.8983829021453857,0,,,,,0.19,0,0,0,50,0,205,0,1
600,245,0.28,0.3,3,0.05,0.05,0.05,2,0.08,0.02775,1,0.005,hybrid,0.1,0.5,0.3,0.01,0.0020833333333333333,0.0048,8,0.75,0.2,8,16,0,2,true,0.585,0.75,1,worldModel,weighted,0,a2a0fec2,9,treatment,120,0.4533013865910471,0,0.1705,0,0.5005,0,0.6155,0,0.014976990294663102,0,0.8631666898727417,0,0.585,0,0.8266666666666667,0,0.17333333333333334,0,0,0,48,0,211,0,1
600,245,0.28,0.3,3,0.05,0.05,0.05,2,0.08,0.02775,1,0.005,hybrid,0.1,0.5,0.3,0.01,0.0020833333333333333,0.0048,8,0.75,0.2,8,16,0,2,false,0.585,0.75,1,worldModel,weighted,0,a2a0fec2,9,baseline,120,0.47268829713265104,0,0.2105,0,0.5175,0,0.6225,0,0.013343913275225676,0,0.7739932537078857,0,,,,,0.20333333333333334,0,0,0,54,0,214,0,1
600,245,0.28,0.3,3,0.05,0.05,0.05,2,0.08,0.0295,1,0.005,hybrid,0.1,0.5,0.3,0.01,0.0020833333333333333,0.0048,8,0.75,0.2,8,16,0,2,true,0.585,0.75,1,worldModel,weighted,0,a2a0fec2,10,treatment,120,0.46354462950179975,0,0.2005,0,0.5005,0,0.6055,0,0.015631984623613374,0,0.9568552374839783,0,0.585,0,0.8516666666666667,0,0.14833333333333334,0,0,0,48,0,210,0,1
600,245,0.28,0.3,3,0.05,0.05,0.05,2,0.08,0.0295,1,0.005,hybrid,0.1,0.5,0.3,0.01,0.0020833333333333333,0.0048,8,0.75,0.2,8,16,0,2,false,0.585,0.75,1,worldModel,weighted,0,a2a0fec2,10,baseline,120,0.4847483836176495,0,0.2385,0,0.5275,0,0.6245,0,0.014276037237137213,0,0.9534772634506226,0,,,,,0.26666666666666666,0,0,0,43,0,210,0,1
600,245,0.28,0.3,3,0.05,0.05,0.05,2,0.08,0.03125,1,0.005,hybrid,0.1,0.5,0.3,0.01,0.0020833333333333333,0.0048,8,0.75,0.2,8,16,0,2,true,0.585,0.75,1,worldModel,weighted,0,a2a0fec2,11,treatment,120,0.4559971777846416,0,0.1795,0,0.4995,0,0.6005,0,0.015524824300174737,0,0.8714578151702881,0,0.585,0,0.8566666666666667,0,0.14333333333333334,0,0,0,55,0,208,0,1
600,245,0.28,0.3,3,0.05,0.05,0.05,2,0.08,0.03125,1,0.005,hybrid,0.1,0.5,0.3,0.01,0.0020833333333333333,0.0048,8,0.75,0.2,8,16,0,2,false,0.585,0.75,1,worldModel,weighted,0,a2a0fec2,11,baseline,120,0.4802267470955849,0,0.2265,0,0.5235,0,0.6235,0,0.013733385997847264,0,0.8305651545524597,0,,,,,0.23666666666666666,0,0,0,42,0,209,0,1
600,245,0.28,0.3,3,0.05,0.05,0.05,2,0.08,0.033,1,0.005,hybrid,0.1,0.5,0.3,0.01,0.0020833333333333333,0.0048,8,0.75,0.2,8,16,0,2,true,0.585,0.75,1,worldModel,weighted,0,a2a0fec2,12,treatment,120,0.45624529050663115,0,0.1715,0,0.4995,0,0.5935,0,0.01575850062226559,0,0.9081056118011475,0,0.585,0,0.8766666666666667,0,0.12333333333333334,0,0,0,48,0,209,0,1
600,245,0.28,0.3,3,0.05,0.05,0.05,2,0.08,0.033,1,0.005,hybrid,0.1,0.5,0.3,0.01,0.0020833333333333333,0.0048,8,0.75,0.2,8,16,0,2,false,0.585,0.75,1,worldModel,weighted,0,a2a0fec2,12,baseline,120,0.477496158418556,0,0.2545,0,0.5145,0,0.6095,0,0.015457834636652984,0,0.9069819450378418,0,,,,,0.17,0,0,0,50,0,207,0,1
600,245,0.28,0.3,3,0.05,0.05,0.05,2,0.08,0.03475,1,0.005,hybrid,0.1,0.5,0.3,0.01,0.0020833333333333333,0.0048,8,0.75,0.2,8,16,0,2,true,0.585,0.75,1,worldModel,weighted,0,a2a0fec2,13,treatment,120,0.4413162587520977,0,0.1585,0,0.4835,0,0.5975,0,0.020613065562563995,0,0.9836274981498718,0,0.585,0,0.875,0,0.125,0,0,0,51,0,212,0,1
600,245,0.28,0.3,3,0.05,0.05,0.05,2,0.08,0.03475,1,0.005,hybrid,0.1,0.5,0.3,0.01,0.0020833333333333333,0.0048,8,0.75,0.2,8,16,0,2,false,0.585,0.75,1,worldModel,weighted,0,a2a0fec2,13,baseline,120,0.46988613381360966,0,0.2185,0,0.5105,0,0.6225,0,0.018770973715122208,0,0.970912516117096,0,,,,,0.175,0,0,0,54,0,207,0,1
600,245,0.28,0.3,3,0.05,0.05,0.05,2,0.08,0.0365,1,0.005,hybrid,0.1,0.5,0.3,0.01,0.0020833333333333333,0.0048,8,0.75,0.2,8,16,0,2,true,0.585,0.75,1,worldModel,weighted,0,a2a0fec2,14,treatment,120,0.4559727987088263,0,0.2035,0,0.4945,0,0.6095,0,0.01240326078562248,0,0.7860941290855408,0,0.585,0,0.8466666666666667,0,0.15333333333333332,0,0,0,52,0,210,0,1
600,245,0.28,0.3,3,0.05,0.05,0.05,2,0.08,0.0365,1,0.005,hybrid,0.1,0.5,0.3,0.01,0.0020833333333333333,0.0048,8,0.75,0.2,8,16,0,2,false,0.585,0.75,1,worldModel,weighted,0,a2a0fec2,14,baseline,120,0.46576582541068395,0,0.1965,0,0.5055,0,0.6115,0,0.015106752928015409,0,0.8165037631988525,0,,,,,0.18,0,0,0,52,0,211,0,1
600,245,0.28,0.3,3,0.05,0.05,0.05,2,0.08,0.03825,1,0.005,hybrid,0.1,0.5,0.3,0.01,0.0020833333333333333,0.0048,8,0.75,0.2,8,16,0,2,true,0.585,0.75,1,worldModel,weighted,0,a2a0fec2,15,treatment,120,0.4385230861355861,0,0.1875,0,0.4725,0,0.5875,0,0.017504749151918127,0,0.8423693776130676,0,0.585,0,0.8966666666666666,0,0.10333333333333333,0,0,0,55,0,211,0,1
600,245,0.28,0.3,3,0.05,0.05,0.05,2,0.08,0.03825,1,0.005,hybrid,0.1,0.5,0.3,0.01,0.0020833333333333333,0.0048,8,0.75,0.2,8,16,0,2,false,0.585,0.75,1,worldModel,weighted,0,a2a0fec2,15,baseline,120,0.4637340933457017,0,0.2115,0,0.4975,0,0.6075,0,0.013653798674626613,0,0.8423693776130676,0,,,,,0.16166666666666665,0,0,0,53,0,209,0,1
600,245,0.28,0.3,3,0.05,0.05,0.05,2,0.08,0.04,1,0.005,hybrid,0.1,0.5,0.3,0.01,0.0020833333333333333,0.0048,8,0.75,0.2,8,16,0,2,true,0.585,0.75,1,worldModel,weighted,0,a2a0fec2,16,treatment,120,0.44476292041440807,0,0.1955,0,0.4775,0,0.5865,0,0.016328482368372713,0,0.8498495221138,0,0.585,0,0.8966666666666666,0,0.10333333333333333,0,0,0,51,0,208,0,1
600,245,0.28,0.3,3,0.05,0.05,0.05,2,0.08,0.04,1,0.005,hybrid,0.1,0.5,0.3,0.01,0.0020833333333333333,0.0048,8,0.75,0.2,8,16,0,2,false,0.585,0.75,1,worldModel,weighted,0,a2a0fec2,16,baseline,120,0.47181540430213015,0,0.2365,0,0.5065,0,0.6015,0,0.015137485756464758,0,0.8582814335823059,0,,,,,0.165,0,0,0,47,0,211,0,1
600,245,0.28,0.3,3,0.05,0.05,0.05,2,0.08,0.04175,1,0.005,hybrid,0.1,0.5,0.3,0.01,0.0020833333333333333,0.0048,8,0.75,0.2,8,16,0,2,true,0.585,0.75,1,worldModel,weighted,0,a2a0fec2,17,treatment,120,0.44976994587729374,0,0.2175,0,0.4805,0,0.5835,0,0.012870391708595576,0,0.9406672716140747,0,0.585,0,0.9016666666666666,0,0.09833333333333333,0,0,0,39,0,210,0,1
600,245,0.28,0.3,3,0.05,0.05,0.05,2,0.08,0.04175,1,0.005,hybrid,0.1,0.5,0.3,0.01,0.0020833333333333333,0.0048,8,0.75,0.2,8,16,0,2,false,0.585,0.75,1,worldModel,weighted,0,a2a0fec2,17,baseline,120,0.4740703752512733,0,0.2515,0,0.5045,0,0.6065,0,0.010142482692685596,0,0.8482092022895813,0,,,,,0.17,0,0,0,47,0,210,0,1
600,245,0.28,0.3,3,0.05,0.05,0.05,2,0.08,0.0435,1,0.005,hybrid,0.1,0.5,0.3,0.01,0.0020833333333333333,0.0048,8,0.75,0.2,8,16,0,2,true,0.585,0.75,1,worldModel,weighted,0,a2a0fec2,18,treatment,120,0.45570978126178185,0,0.2275,0,0.4905,0,0.5815,0,0.013996323900522554,0,0.9484490156173706,0,0.585,0,0.9066666666666666,0,0.09333333333333334,0,0,0,46,0,214,0,1
600,245,0.28,0.3,3,0.05,0.05,0.05,2,0.08,0.0435,1,0.005,hybrid,0.1,0.5,0.3,0.01,0.0020833333333333333,0.0048,8,0.75,0.2,8,16,0,2,false,0.585,0.75,1,worldModel,weighted,0,a2a0fec2,18,baseline,120,0.4676236964762211,0,0.2225,0,0.5135,0,0.5855,0,0.017319161873698353,0,0.9544809460639954,0,,,,,0.10166666666666667,0,0,0,54,0,209,0,1
600,245,0.28,0.3,3,0.05,0.05,0.05,2,0.08,0.04525,1,0.005,hybrid,0.1,0.5,0.3,0.01,0.0020833333333333333,0.0048,8,0.75,0.2,8,16,0,2,true,0.585,0.75,1,worldModel,weighted,0,a2a0fec2,19,treatment,120,0.44598136883229017,0,0.1945,0,0.4795,0,0.5925,0,0.013341888001942335,0,0.915725588798523,0,0.585,0,0.8833333333333333,0,0.11666666666666667,0,0,0,59,0,210,0,1
600,245,0.28,0.3,3,0.05,0.05,0.05,2,0.08,0.04525,1,0.005,hybrid,0.1,0.5,0.3,0.01,0.0020833333333333333,0.0048,8,0.75,0.2,8,16,0,2,false,0.585,0.75,1,worldModel,weighted,0,a2a0fec2,19,baseline,120,0.46011296978841226,0,0.2115,0,0.4965,0,0.5955,0,0.014556621396654753,0,0.808078408241272,0,,,,,0.14333333333333334,0,0,0,50,0,209,0,1
600,245,0.28,0.3,3,0.05,0.05,0.05,2,0.08,0.047,1,0.005,hybrid,0.1,0.5,0.3,0.01,0.0020833333333333333,0.0048,8,0.75,0.2,8,16,0,2,true,0.585,0.75,1,worldModel,weighted,0,a2a0fec2,20,treatment,120,0.4408074692947169,0,0.1825,0,0.4815,0,0.5915,0,0.014343550285215972,0,0.9160664081573486,0,0.585,0,0.8933333333333333,0,0.10666666666666667,0,0,0,45,0,209,0,1
600,245,0.28,0.3,3,0.05,0.05,0.05,2,0.08,0.047,1,0.005,hybrid,0.1,0.5,0.3,0.01,0.0020833333333333333,0.0048,8,0.75,0.2,8,16,0,2,false,0.585,0.75,1,worldModel,weighted,0,a2a0fec2,20,baseline,120,0.46383068107068537,0,0.2225,0,0.5035,0,0.6125,0,0.016604672284297538,0,0.871979832649231,0,,,,,0.17833333333333334,0,0,0,59,0,209,0,1
600,245,0.28,0.3,3,0.05,0.05,0.05,2,0.089,0.012,1,0.005,hybrid,0.1,0.5,0.3,0.01,0.0020833333333333333,0.0048,8,0.75,0.2,8,16,0,2,true,0.585,0.75,1,worldModel,weighted,0,a2a0fec2,21,treatment,120,0.4942695361934602,0,0.1685,0,0.5435,0,0.6745,0,0.017088598869518083,0,0.9049343466758728,0,0.585,0,0.6483333333333333,0,0.3516666666666667,0,0,0,47,0,209,0,1
600,245,0.28,0.3,3,0.05,0.05,0.05,2,0.089,0.012,1,0.005,hybrid,0.1,0.5,0.3,0.01,0.0020833333333333333,0.0048,8,0.75,0.2,8,16,0,2,false,0.585,0.75,1,worldModel,weighted,0,a2a0fec2,21,baseline,120,0.5187632038754721,0,0.2315,0,0.5655,0,0.6745,0,0.013931733414234235,0,0.9067200422286987,0,,,,,0.43666666666666665,0,0,0,42,0,209,0,1
600,245,0.28,0.3,3,0.05,0.05,0.05,2,0.089,0.01375,1,0.005,hybrid,0.1,0.5,0.3,0.01,0.0020833333333333333,0.0048,8,0.75,0.2,8,16,0,2,true,0.585,0.75,1,worldModel,weighted,0,a2a0fec2,22,treatment,120,0.49900697643558184,0,0.2175,0,0.5385,0,0.6685,0,0.018723438800857528,0,0.9477226734161377,0,0.585,0,0.6583333333333333,0,0.3416666666666667,0,0,0,52,0,212,0,1
600,245,0.28,0.3,3,0.05,0.05,0.05,2,0.089,0.01375,1,0.005,hybrid,0.1,0.5,0.3,0.01,0.0020833333333333333,0.0048,8,0.75,0.2,8,16,0,2,false,0.585,0.75,1,worldModel,weighted,0,a2a0fec2,22,baseline,120,0.5122228409039478,0,0.2395,0,0.5585,0,0.6815,0,0.018601710667767727,0,0.9463924169540405,0,,,,,0.4116666666666667,0,0,0,42,0,213,0,1
600,245,0.28,0.3,3,0.05,0.05,0.05,2,0.089,0.0155,1,0.005,hybrid,0.1,0.5,0.3,0.01,0.0020833333333333333,0.0048,8,0.75,0.2,8,16,0,2,true,0.585,0.75,1,worldModel,weighted,0,a2a0fec2,23,treatment,120,0.4867862429842353,0,0.1695,0,0.5245,0,0.6525,0,0.015299143397291479,0,0.8772946000099182,0,0.585,0,0.7016666666666667,0,0.29833333333333334,0,0,0,47,0,210,0,1
600,245,0.28,0.3,3,0.05,0.05,0.05,2,0.089,0.0155,1,0.005,hybrid,0.1,0.5,0.3,0.01,0.0020833333333333333,0.0048,8,0.75,0.2,8,16,0,2,false,0.585,0.75,1,worldModel,weighted,0,a2a0fec2,23,baseline,120,0.5053301369026303,0,0.2165,0,0.5475,0,0.6635,0,0.017117322844938537,0,0.8778777718544006,0,,,,,0.3566666666666667,0,0,0,55,0,211,0,1
600,245,0.28,0.3,3,0.05,0.05,0.05,2,0.089,0.01725,1,0.005,hybrid,0.1,0.5,0.3,0.01,0.0020833333333333333,0.0048,8,0.75,0.2,8,16,0,2,true,0.585,0.75,1,worldModel,weighted,0,a2a0fec2,24,treatment,120,0.48220845378314453,0,0.2075,0,0.5325,0,0.6325,0,0.014563130688050676,0,0.8211709856987,0,0.585,0,0.7533333333333333,0,0.24666666666666667,0,0,0,43,0,208,0,1
600,245,0.28,0.3,3,0.05,0.05,0.05,2,0.089,0.01725,1,0.005,hybrid,0.1,0.5,0.3,0.01,0.0020833333333333333,0.0048,8,0.75,0.2,8,16,0,2,false,0.585,0.75,1,worldModel,weighted,0,a2a0fec2,24,baseline,120,0.5071690873925885,0,0.2545,0,0.5535,0,0.6505,0,0.015302139809953753,0,0.8190481662750244,0,,,,,0.3383333333333333,0,0,0,44,0,208,0,1
600,245,0.28,0.3,3,0.05,0.05,0.05,2,0.089,0.019,1,0.005,hybrid,0.1,0.5,0.3,0.01,0.0020833333333333333,0.0048,8,0.75,0.2,8,16,0,2,true,0.585,0.75,1,worldModel,weighted,0,a2a0fec2,25,treatment,120,0.48946258224546907,0,0.2405,0,0.5255,0,0.6475,0,0.015083375441738694,0,0.8498244881629944,0,0.585,0,0.71,0,0.29,0,0,0,61,0,209,0,1
600,245,0.28,0.3,3,0.05,0.05,0.05,2,0.089,0.019,1,0.005,hybrid,0.1,0.5,0.3,0.01,0.0020833333333333333,0.0048,8,0.75,0.2,8,16,0,2,false,0.585,0.75,1,worldModel,weighted,0,a2a0fec2,25,baseline,120,0.50622049536556,0,0.2205,0,0.5465,0,0.6575,0,0.014940119371653736,0,0.8498244881629944,0,,,,,0.365,0,0,0,50,0,215,0,1
600,245,0.28,0.3,3,0.05,0.05,0.05,2,0.089,0.02075,1,0.005,hybrid,0.1,0.5,0.3,0.01,0.0020833333333333333,0.0048,8,0.75,0.2,8,16,0,2,true,0.585,0.75,1,worldModel,weighted,0,a2a0fec2,26,treatment,120,0.4777717733445267,0,0.1875,0,0.5225,0,0.6405,0,0.019847242392209686,0,0.9089303612709045,0,0.585,0,0.74,0,0.26,0,0,0,47,0,214,0,1
600,245,0.28,0.3,3,0.05,0.05,0.05,2,0.089,0.02075,1,0.005,hybrid,0.1,0.5,0.3,0.01,0.0020833333333333333,0.0048,8,0.75,0.2,8,16,0,2,false,0.585,0.75,1,worldModel,weighted,0,a2a0fec2,26,baseline,120,0.4970110350350539,0,0.2375,0,0.5405,0,0.6495,0,0.018350322820525653,0,0.9096440672874451,0,,,,,0.31166666666666665,0,0,0,53,0,212,0,1
600,245,0.28,0.3,3,0.05,0.05,0.05,2,0.089,0.0225,1,0.005,hybrid,0.1,0.5,0.3,0.01,0.0020833333333333333,0.0048,8,0.75,0.2,8,16,0,2,true,0.585,0.75,1,worldModel,weighted,0,a2a0fec2,27,treatment,120,0.4713895697084566,0,0.1835,0,0.5115,0,0.6365,0,0.017946437554494647,0,0.9539998173713684,0,0.585,0,0.765,0,0.235,0,0,0,51,0,211,0,1
600,245,0.28,0.3,3,0.05,0.05,0.05,2,0.089,0.0225,1,0.005,hybrid,0.1,0.5,0.3,0.01,0.0020833333333333333,0.0048,8,0.75,0.2,8,16,0,2,false,0.585,0.75,1,worldModel,weighted,0,a2a0fec2,27,baseline,120,0.5003857866612573,0,0.2315,0,0.5455,0,0.6525,0,0.01898081497716989,0,0.8840243816375732,0,,,,,0.35333333333333333,0,0,0,57,0,207,0,1
600,245,0.28,0.3,3,0.05,0.05,0.05,2,0.089,0.02425,1,0.005,hybrid,0.1,0.5,0.3,0.01,0.0020833333333333333,0.0048,8,0.75,0.2,8,16,0,2,true,0.585,0.75,1,worldModel,weighted,0,a2a0fec2,28,treatment,120,0.47731485090528925,0,0.1965,0,0.5205,0,0.6285,0,0.015961100504376068,0,0.8674535751342773,0,0.585,0,0.7616666666666667,0,0.23833333333333334,0,0,0,47,0,212,0,1
600,245,0.28,0.3,3,0.05,0.05,0.05,2,0.089,0.02425,1,0.005,hybrid,0.1,0.5,0.3,0.01,0.0020833333333333333,0.0048,8,0.75,0.2,8,16,0,2,false,0.585,0.75,1,worldModel,weighted,0,a2a0fec2,28,baseline,120,0.5006152636309464,0,0.2285,0,0.5495,0,0.6415,0,0.013451408400741301,0,0.8568032383918762,0,,,,,0.33,0,0,0,48,0,211,0,1
600,245,0.28,0.3,3,0.05,0.05,0.05,2,0.089,0.026,1,0.005,hybrid,0.1,0.5,0.3,0.01,0.0020833333333333333,0.0048,8,0.75,0.2,8,16,0,2,true,0.585,0.75,1,worldModel,weighted,0,a2a0fec2,29,treatment,120,0.47397507751360535,0,0.2045,0,0.5195,0,0.6205,0,0.014093236423729793,0,0.8277435898780823,0,0.585,0,0.8,0,0.2,0,0,0,56,0,208,0,1
600,245,0.28,0.3,3,0.05,0.05,0.05,2,0.089,0.026,1,0.005,hybrid,0.1,0.5,0.3,0.01,0.0020833333333333333,0.0048,8,0.75,0.2,8,16,0,2,false,0.585,0.75,1,worldModel,weighted,0,a2a0fec2,29,baseline,120,0.4943647844841083,0,0.2385,0,0.5345,0,0.6365,0,0.014731166873915987,0,0.8098859786987305,0,,,,,0.28,0,0,0,57,0,205,0,1
600,245,0.28,0.3,3,0.05,0.05,0.05,2,0.089,0.02775,1,0.005,hybrid,0.1,0.5,0.3,0.01,0.0020833333333333333,0.0048,8,0.75,0.2,8,16,0,2,true,0.585,0.75,1,worldModel,weighted,0,a2a0fec2,30,treatment,120,0.4624249983765185,0,0.2055,0,0.5025,0,0.6175,0,0.015559595182748152,0,0.9305477738380432,0,0.585,0,0.8066666666666666,0,0.19333333333333333,0,0,0,47,0,218,0,1
600,245,0.28,0.3,3,0.05,0.05,0.05,2,0.089,0.02775,1,0.005,hybrid,0.1,0.5,0.3,0.01,0.0020833333333333333,0.0048,8,0.75,0.2,8,16,0,2,false,0.585,0.75,1,worldModel,weighted,0,a2a0fec2,30,baseline,120,0.49010594442486766,0,0.2365,0,0.5325,0,0.6355,0,0.01471306058519265,0,0.847449541091919,0,,,,,0.27,0,0,0,53,0,214,0,1
600,245,0.28,0.3,3,0.05,0.05,0.05,2,0.089,0.0295,1,0.005,hybrid,0.1,0.5,0.3,0.01,0.0020833333333333333,0.0048,8,0.75,0.2,8,16,0,2,true,0.585,0.75,1,worldModel,weighted,0,a2a0fec2,31,treatment,120,0.44545866108809906,0,0.1555,0,0.4895,0,0.6165,0,0.019158935632416413,0,0.8556742668151855,0,0.585,0,0.8383333333333334,0,0.16166666666666665,0,0,0,48,0,208,0,1
600,245,0.28,0.3,3,0.05,0.05,0.05,2,0.089,0.0295,1,0.005,hybrid,0.1,0.5,0.3,0.01,0.0020833333333333333,0.0048,8,0.75,0.2,8,16,0,2,false,0.585,0.75,1,worldModel,weighted,0,a2a0fec2,31,baseline,120,0.4670435697895785,0,0.1845,0,0.5165,0,0.6225,0,0.012881371418210495,0,0.8254960775375366,0,,,,,0.19166666666666668,0,0,0,57,0,208,0,1
600,245,0.28,0.3,3,0.05,0.05,0.05,2,0.089,0.03125,1,0.005,hybrid,0.1,0.5,0.3,0.01,0.0020833333333333333,0.0048,8,0.75,0.2,8,16,0,2,true,0.585,0.75,1,worldModel,weighted,0,a2a0fec2,32,treatment,120,0.45431439062580464,0,0.1945,0,0.5045,0,0.5855,0,0.012441547173002384,0,0.7864910960197449,0,0.585,0,0.8983333333333333,0,0.10166666666666667,0,0,0,40,0,212,0,1
600,245,0.28,0.3,3,0.05,0.05,0.05,2,0.089,0.03125,1,0.005,hybrid,0.1,0.5,0.3,0.01,0.0020833333333333333,0.0048,8,0.75,0.2,8,16,0,2,false,0.585,0.75,1,worldModel,weighted,0,a2a0fec2,32,baseline,120,0.4679795092344284,0,0.2075,0,0.5165,0,0.6025,0,0.012991883948139285,0,0.7851791381835938,0,,,,,0.14666666666666667,0,0,0,51,0,214,0,1
600,245,0.28,0.3,3,0.05,0.05,0.05,2,0.089,0.033,1,0.005,hybrid,0.1,0.5,0.3,0.01,0.0020833333333333333,0.0048,8,0.75,0.2,8,16,0,2,true,0.585,0.75,1,worldModel,weighted,0,a2a0fec2,33,treatment,120,0.45521858068803944,0,0.1965,0,0.5005,0,0.5925,0,0.013393052006222417,0,0.9568483829498291,0,0.585,0,0.8866666666666667,0,0.11333333333333333,0,0,0,46,0,209,0,1
600,245,0.28,0.3,3,0.05,0.05,0.05,2,0.089,0.033,1,0.005,hybrid,0.1,0.5,0.3,0.01,0.0020833333333333333,0.0048,8,0.75,0.2,8,16,0,2,false,0.585,0.75,1,worldModel,weighted,0,a2a0fec2,33,baseline,120,0.48360372106855115,0,0.2365,0,0.5335,0,0.6095,0,0.01452770344933578,0,0.8212036490440369,0,,,,,0.20666666666666667,0,0,0,42,0,212,0,1
600,245,0.28,0.3,3,0.05,0.05,0.05,2,0.089,0.03475,1,0.005,hybrid,0.1,0.5,0.3,0.01,0.0020833333333333333,0.0048,8,0.75,0.2,8,16,0,2,true,0.585,0.75,1,worldModel,weighted,0,a2a0fec2,34,treatment,120,0.46470373606930176,0,0.1705,0,0.5125,0,0.6325,0,0.015778855374714497,0,0.8450185060501099,0,0.585,0,0.7583333333333333,0,0.24166666666666667,0,0,0,49,0,210,0,1
600,245,0.28,0.3,3,0.05,0.05,0.05,2,0.089,0.03475,1,0.005,hybrid,0.1,0.5,0.3,0.01,0.0020833333333333333,0.0048,8,0.75,0.2,8,16,0,2,false,0.585,0.75,1,worldModel,weighted,0,a2a0fec2,34,baseline,120,0.48775563927367327,0,0.1975,0,0.5325,0,0.6365,0,0.013434854141633265,0,0.9123815298080444,0,,,,,0.2966666666666667,0,0,0,45,0,213,0,1
600,245,0.28,0.3,3,0.05,0.05,0.05,2,0.089,0.0365,1,0.005,hybrid,0.1,0.5,0.3,0.01,0.0020833333333333333,0.0048,8,0.75,0.2,8,16,0,2,true,0.585,0.75,1,worldModel,weighted,0,a2a0fec2,35,treatment,120,0.45883611037085453,0,0.1925,0,0.4975,0,0.6015,0,0.013150699722563136,0,0.8331688046455383,0,0.585,0,0.8666666666666667,0,0.13333333333333333,0,0,0,48,0,210,0,1
600,245,0.28,0.3,3,0.05,0.05,0.05,2,0.089,0.0365,1,0.005,hybrid,0.1,0.5,0.3,0.01,0.0020833333333333333,0.0048,8,0.75,0.2,8,16,0,2,false,0.585,0.75,1,worldModel,weighted,0,a2a0fec2,35,baseline,120,0.47674913666521507,0,0.2245,0,0.5125,0,0.6145,0,0.010657256315386986,0,0.8332611918449402,0,,,,,0.17,0,0,0,37,0,213,0,1
600,245,0.28,0.3,3,0.05,0.05,0.05,2,0.089,0.03825,1,0.005,hybrid,0.1,0.5,0.3,0.01,0.0020833333333333333,0.0048,8,0.75,0.2,8,16,0,2,true,0.585,0.75,1,worldModel,weighted,0,a2a0fec2,36,treatment,120,0.460446739072601,0,0.2245,0,0.4905,0,0.6075,0,0.018155073232081268,0,0.9047179222106934,0,0.585,0,0.865,0,0.135,0,0,0,53,0,211,0,1
600,245,0.28,0.3,3,0.05,0.05,0.05,2,0.089,0.03825,1,0.005,hybrid,0.1,0.5,0.3,0.01,0.0020833333333333333,0.0048,8,0.75,0.2,8,16,0,2,false,0.585,0.75,1,worldModel,weighted,0,a2a0fec2,36,baseline,120,0.47452369395643473,0,0.2245,0,0.5165,0,0.6225,0,0.01692770213457604,0,0.877213716506958,0,,,,,0.18333333333333332,0,0,0,46,0,207,0,1
600,245,0.28,0.3,3,0.05,0.05,0.05,2,0.089,0.04,1,0.005,hybrid,0.1,0.5,0.3,0.01,0.0020833333333333333,0.0048,8,0.75,0.2,8,16,0,2,true,0.585,0.75,1,worldModel,weighted,0,a2a0fec2,37,treatment,120,0.4407425660826266,0,0.1775,0,0.4735,0,0.5955,0,0.019445582709923928,0,0.8473129272460938,0,0.585,0,0.8783333333333333,0,0.12166666666666667,0,0,0,47,0,213,0,1
600,245,0.28,0.3,3,0.05,0.05,0.05,2,0.089,0.04,1,0.005,hybrid,0.1,0.5,0.3,0.01,0.0020833333333333333,0.0048,8,0.75,0.2,8,16,0,2,false,0.585,0.75,1,worldModel,weighted,0,a2a0fec2,37,baseline,120,0.4585676316047708,0,0.2195,0,0.4945,0,0.5895,0,0.014510597927770997,0,0.7992810606956482,0,,,,,0.11,0,0,0,48,0,214,0,1
600,245,0.28,0.3,3,0.05,0.05,0.05,2,0.089,0.04175,1,0.005,hybrid,0.1,0.5,0.3,0.01,0.0020833333333333333,0.0048,8,0.75,0.2,8,16,0,2,true,0.585,0.75,1,worldModel,weighted,0,a2a0fec2,38,treatment,120,0.4399058637581766,0,0.1755,0,0.4795,0,0.5955,0,0.014800811075946423,0,0.7545720934867859,0,0.585,0,0.88,0,0.12,0,0,0,51,0,212,0,1
600,245,0.28,0.3,3,0.05,0.05,0.05,2,0.089,0.04175,1,0.005,hybrid,0.1,0.5,0.3,0.01,0.0020833333333333333,0.0048,8,0.75,0.2,8,16,0,2,false,0.585,0.75,1,worldModel,weighted,0,a2a0fec2,38,baseline,120,0.46512324263031285,0,0.2175,0,0.5075,0,0.6045,0,0.012556896098671822,0,0.7617136836051941,0,,,,,0.16333333333333333,0,0,0,50,0,211,0,1
600,245,0.28,0.3,3,0.05,0.05,0.05,2,0.089,0.0435,1,0.005,hybrid,0.1,0.5,0.3,0.01,0.0020833333333333333,0.0048,8,0.75,0.2,8,16,0,2,true,0.585,0.75,1,worldModel,weighted,0,a2a0fec2,39,treatment,120,0.440817809086293,0,0.1815,0,0.4785,0,0.5905,0,0.015855756149066154,0,0.7919520139694214,0,0.585,0,0.8866666666666667,0,0.11333333333333333,0,0,0,52,0,209,0,1
600,245,0.28,0.3,3,0.05,0.05,0.05,2,0.089,0.0435,1,0.005,hybrid,0.1,0.5,0.3,0.01,0.0020833333333333333,0.0048,8,0.75,0.2,8,16,0,2,false,0.585,0.75,1,worldModel,weighted,0,a2a0fec2,39,baseline,120,0.46372621862217783,0,0.2205,0,0.4995,0,0.6065,0,0.01413639286464051,0,0.8694432973861694,0,,,,,0.155,0,0,0,44,0,210,0,1
600,245,0.28,0.3,3,0.05,0.05,0.05,2,0.089,0.04525,1,0.005,hybrid,0.1,0.5,0.3,0.01,0.0020833333333333333,0.0048,8,0.75,0.2,8,16,0,2,true,0.585,0.75,1,worldModel,weighted,0,a2a0fec2,40,treatment,120,0.44394277180855474,0,0.1925,0,0.4765,0,0.5895,0,0.015009547280184079,0,0.8379765748977661,0,0.585,0,0.8916666666666667,0,0.10833333333333334,0,0,0,57,0,213,0,1
600,245,0.28,0.3,3,0.05,0.05,0.05,2,0.089,0.04525,1,0.005,hybrid,0.1,0.5,0.3,0.01,0.0020833333333333333,0.0048,8,0.75,0.2,8,16,0,2,false,0.585,0.75,1,worldModel,weighted,0,a2a0fec2,40,baseline,120,0.46680411986385784,0,0.2085,0,0.5025,0,0.6095,0,0.01600692989391038,0,0.8278395533561707,0,,,,,0.18166666666666667,0,0,0,48,0,213,0,1
600,245,0.28,0.3,3,0.05,0.05,0.05,2,0.089,0.047,1,0.005,hybrid,0.1,0.5,0.3,0.01,0.0020833333333333333,0.0048,8,0.75,0.2,8,16,0,2,true,0.585,0.75,1,worldModel,weighted,0,a2a0fec2,41,treatment,120,0.43295959908515214,0,0.1795,0,0.4685,0,0.5595,0,0.010104031289017441,0,0.7946898937225342,0,0.585,0,0.9583333333333334,0,0.041666666666666664,0,0,0,44,0,213,0,1
600,245,0.28,0.3,3,0.05,0.05,0.05,2,0.089,0.047,1,0.005,hybrid,0.1,0.5,0.3,0.01,0.0020833333333333333,0.0048,8,0.75,0.2,8,16,0,2,false,0.585,0.75,1,worldModel,weighted,0,a2a0fec2,41,baseline,120,0.4650240978660683,0,0.2295,0,0.5075,0,0.5795,0,0.009983070757341223,0,0.8155092000961304,0,,,,,0.08166666666666667,0,0,0,47,0,209,0,1
600,245,0.28,0.3,3,0.05,0.05,0.05,2,0.098,0.012,1,0.005,hybrid,0.1,0.5,0.3,0.01,0.0020833333333333333,0.0048,8,0.75,0.2,8,16,0,2,true,0.585,0.75,1,worldModel,weighted,0,a2a0fec2,42,treatment,120,0.4973230574528376,0,0.1845,0,0.5405,0,0.6665,0,0.016371885424992315,0,0.921475350856781,0,0.585,0,0.6716666666666666,0,0.3283333333333333,0,0,0,43,0,213,0,1
600,245,0.28,0.3,3,0.05,0.05,0.05,2,0.098,0.012,1,0.005,hybrid,0.1,0.5,0.3,0.01,0.0020833333333333333,0.0048,8,0.75,0.2,8,16,0,2,false,0.585,0.75,1,worldModel,weighted,0,a2a0fec2,42,baseline,120,0.5131046004717549,0,0.2515,0,0.5575,0,0.6765,0,0.01547338471674481,0,0.9174779057502747,0,,,,,0.39166666666666666,0,0,0,43,0,215,0,1
600,245,0.28,0.3,3,0.05,0.05,0.05,2,0.098,0.01375,1,0.005,hybrid,0.1,0.5,0.3,0.01,0.0020833333333333333,0.0048,8,0.75,0.2,8,16,0,2,true,0.585,0.75,1,worldModel,weighted,0,a2a0fec2,43,treatment,120,0.48473949535439415,0,0.2075,0,0.5295,0,0.6445,0,0.015616567182705517,0,0.8998100757598877,0,0.585,0,0.715,0,0.285,0,0,0,43,0,213,0,1
600,245,0.28,0.3,3,0.05,0.05,0.05,2,0.098,0.01375,1,0.005,hybrid,0.1,0.5,0.3,0.01,0.0020833333333333333,0.0048,8,0.75,0.2,8,16,0,2,false,0.585,0.75,1,worldModel,weighted,0,a2a0fec2,43,baseline,120,0.5110128414382538,0,0.2395,0,0.5555,0,0.6645,0,0.015378156095113163,0,0.8502748012542725,0,,,,,0.3883333333333333,0,0,0,52,0,210,0,1
600,245,0.28,0.3,3,0.05,0.05,0.05,2,0.098,0.0155,1,0.005,hybrid,0.1,0.5,0.3,0.01,0.0020833333333333333,0.0048,8,0.75,0.2,8,16,0,2,true,0.585,0.75,1,worldModel,weighted,0,a2a0fec2,44,treatment,120,0.4922015273508926,0,0.2345,0,0.5365,0,0.6555,0,0.013405027302976975,0,0.8831679821014404,0,0.585,0,0.6933333333333334,0,0.30666666666666664,0,0,0,52,0,208,0,1
600,245,0.28,0.3,3,0.05,0.05,0.05,2,0.098,0.0155,1,0.005,hybrid,0.1,0.5,0.3,0.01,0.0020833333333333333,0.0048,8,0.75,0.2,8,16,0,2,false,0.585,0.75,1,worldModel,weighted,0,a2a0fec2,44,baseline,120,0.5137734817278882,0,0.2735,0,0.5495,0,0.6645,0,0.015005101887394224,0,0.9311536550521851,0,,,,,0.37,0,0,0,41,0,212,0,1
600,245,0.28,0.3,3,0.05,0.05,0.05,2,0.098,0.01725,1,0.005,hybrid,0.1,0.5,0.3,0.01,0.0020833333333333333,0.0048,8,0.75,0.2,8,16,0,2,true,0.585,0.75,1,worldModel,weighted,0,a2a0fec2,45,treatment,120,0.48698951677108804,0,0.1805,0,0.5385,0,0.6605,0,0.014811627437273319,0,0.9054328799247742,0,0.585,0,0.7033333333333334,0,0.2966666666666667,0,0,0,40,0,210,0,1
600,245,0.28,0.3,3,0.05,0.05,0.05,2,0.098,0.01725,1,0.005,hybrid,0.1,0.5,0.3,0.01,0.0020833333333333333,0.0048,8,0.75,0.2,8,16,0,2,false,0.585,0.75,1,worldModel,weighted,0,a2a0fec2,45,baseline,120,0.5139669341718157,0,0.2435,0,0.5535,0,0.6765,0,0.017291176013040466,0,0.9158274531364441,0,,,,,0.405,0,0,0,43,0,214,0,1
600,245,0.28,0.3,3,0.05,0.05,0.05,2,0.098,0.019,1,0.005,hybrid,0.1,0.5,0.3,0.01,0.0020833333333333333,0.0048,8,0.75,0.2,8,16,0,2,true,0.585,0.75,1,worldModel,weighted,0,a2a0fec2,46,treatment,120,0.5088896324423452,0,0.2205,0,0.5495,0,0.6685,0,0.015646608672738427,0,0.9309983253479004,0,0.585,0,0.6266666666666667,0,0.37333333333333335,0,0,0,47,0,210,0,1
600,245,0.28,0.3,3,0.05,0.05,0.05,2,0.098,0.019,1,0.005,hybrid,0.1,0.5,0.3,0.01,0.0020833333333333333,0.0048,8,0.75,0.2,8,16,0,2,false,0.585,0.75,1,worldModel,weighted,0,a2a0fec2,46,baseline,120,0.527361334785819,0,0.2805,0,0.5625,0,0.6805,0,0.014759775448798928,0,0.9240089654922485,0,,,,,0.42333333333333334,0,0,0,43,0,212,0,1
600,245,0.28,0.3,3,0.05,0.05,0.05,2,0.098,0.02075,1,0.005,hybrid,0.1,0.5,0.3,0.01,0.0020833333333333333,0.0048,8,0.75,0.2,8,16,0,2,true,0.585,0.75,1,worldModel,weighted,0,a2a0fec2,47,treatment,120,0.4839782119604448,0,0.2295,0,0.5265,0,0.6345,0,0.014528326683067144,0,0.9510464668273926,0,0.585,0,0.7633333333333333,0,0.23666666666666666,0,0,0,51,0,211,0,1
600,245,0.28,0.3,3,0.05,0.05,0.05,2,0.098,0.02075,1,0.005,hybrid,0.1,0.5,0.3,0.01,0.0020833333333333333,0.0048,8,0.75,0.2,8,16,0,2,false,0.585,0.75,1,worldModel,weighted,0,a2a0fec2,47,baseline,120,0.5036881850411494,0,0.2845,0,0.5435,0,0.6455,0,0.015815260676766172,0,0.9512491822242737,0,,,,,0.315,0,0,0,41,0,211,0,1
600,245,0.28,0.3,3,0.05,0.05,0.05,2,0.098,0.0225,1,0.005,hybrid,0.1,0.5,0.3,0.01,0.0020833333333333333,0.0048,8,0.75,0.2,8,16,0,2,true,0.585,0.75,1,worldModel,weighted,0,a2a0fec2,48,treatment,120,0.4693902019225061,0,0.1985,0,0.5125,0,0.6305,0,0.013214780561331038,0,0.7697522640228271,0,0.585,0,0.78,0,0.22,0,0,0,60,0,207,0,1
600,245,0.28,0.3,3,0.05,0.05,0.05,2,0.098,0.0225,1,0.005,hybrid,0.1,0.5,0.3,0.01,0.0020833333333333333,0.0048,8,0.75,0.2,8,16,0,2,false,0.585,0.75,1,worldModel,weighted,0,a2a0fec2,48,baseline,120,0.49418958126877743,0,0.2305,0,0.5405,0,0.6515,0,0.014686381309943469,0,0.9681423306465149,0,,,,,0.32,0,0,0,48,0,214,0,1
600,245,0.28,0.3,3,0.05,0.05,0.05,2,0.098,0.02425,1,0.005,hybrid,0.1,0.5,0.3,0.01,0.0020833333333333333,0.0048,8,0.75,0.2,8,16,0,2,true,0.585,0.75,1,worldModel,weighted,0,a2a0fec2,49,treatment,120,0.4906814101773004,0,0.2235,0,0.5335,0,0.6295,0,0.013475428965540385,0,0.9097936153411865,0,0.585,0,0.7233333333333334,0,0.27666666666666667,0,0,0,47,0,208,0,1
600,245,0.28,0.3,3,0.05,0.05,0.05,2,0.098,0.02425,1,0.005,hybrid,0.1,0.5,0.3,0.01,0.0020833333333333333,0.0048,8,0.75,0.2,8,16,0,2,false,0.585,0.75,1,worldModel,weighted,0,a2a0fec2,49,baseline,120,0.5100920799995462,0,0.2735,0,0.5495,0,0.6415,0,0.010881060042055562,0,0.8882774114608765,0,,,,,0.355,0,0,0,48,0,210,0,1
600,245,0.28,0.3,3,0.05,0.05,0.05,2,0.098,0.026,1,0.005,hybrid,0.1,0.5,0.3,0.01,0.0020833333333333333,0.0048,8,0.75,0.2,8,16,0,2,true,0.585,0.75,1,worldModel,weighted,0,a2a0fec2,50,treatment,120,0.45936991612737377,0,0.1515,0,0.5175,0,0.6265,0,0.020121006340789296,0,0.9007015228271484,0,0.585,0,0.8083333333333333,0,0.19166666666666668,0,0,0,51,0,208,0,1
600,245,0.28,0.3,3,0.05,0.05,0.05,2,0.098,0.026,1,0.005,hybrid,0.1,0.5,0.3,0.01,0.0020833333333333333,0.0048,8,0.75,0.2,8,16,0,2,false,0.585,0.75,1,worldModel,weighted,0,a2a0fec2,50,baseline,120,0.4908428051136434,0,0.2085,0,0.5355,0,0.6415,0,0.018547583780214462,0,0.8179999589920044,0,,,,,0.29333333333333333,0,0,0,50,0,207,0,1
600,245,0.28,0.3,3,0.05,0.05,0.05,2,0.098,0.02775,1,0.005,hybrid,0.1,0.5,0.3,0.01,0.0020833333333333333,0.0048,8,0.75,0.2,8,16,0,2,true,0.585,0.75,1,worldModel,weighted,0,a2a0fec2,51,treatment,120,0.47222374061122535,0,0.1855,0,0.5145,0,0.6405,0,0.021643678619017063,0,0.8808336853981018,0,0.585,0,0.7633333333333333,0,0.23666666666666666,0,0,0,52,0,209,0,1
600,245,0.28,0.3,3,0.05,0.05,0.05,2,0.098,0.02775,1,0.005,hybrid,0.1,0.5,0.3,0.01,0.0020833333333333333,0.0048,8,0.75,0.2,8,16,0,2,false,0.585,0.75,1,worldModel,weighted,0,a2a0fec2,51,baseline,120,0.49190905729308726,0,0.2085,0,0.5325,0,0.6495,0,0.015484969787495988,0,0.8808336853981018,0,,,,,0.25,0,0,0,50,0,211,0,1
600,245,0.28,0.3,3,0.05,0.05,0.05,2,0.098,0.0295,1,0.005,hybrid,0.1,0.5,0.3,0.01,0.0020833333333333333,0.0048,8,0.75,0.2,8,16,0,2,true,0.585,0.75,1,worldModel,weighted,0,a2a0fec2,52,treatment,120,0.46095098059003553,0,0.1735,0,0.5055,0,0.6085,0,0.016703893564561458,0,0.8904379606246948,0,0.585,0,0.8483333333333334,0,0.15166666666666667,0,0,0,50,0,212,0,1
600,245,0.28,0.3,3,0.05,0.05,0.05,2,0.098,0.0295,1,0.005,hybrid,0.1,0.5,0.3,0.01,0.0020833333333333333,0.0048,8,0.75,0.2,8,16,0,2,false,0.585,0.75,1,worldModel,weighted,0,a2a0fec2,52,baseline,120,0.4872646535622577,0,0.2335,0,0.5275,0,0.6185,0,0.014182094114386042,0,0.9423038363456726,0,,,,,0.245,0,0,0,44,0,211,0,1
600,245,0.28,0.3,3,0.05,0.05,0.05,2,0.098,0.03125,1,0.005,hybrid,0.1,0.5,0.3,0.01,0.0020833333333333333,0.0048,8,0.75,0.2,8,16,0,2,true,0.585,0.75,1,worldModel,weighted,0,a2a0fec2,53,treatment,120,0.4798333271158238,0,0.2435,0,0.5165,0,0.6285,0,0.018477192207446765,0,0.9254499077796936,0,0.585,0,0.79,0,0.21,0,0,0,55,0,212,0,1
600,245,0.28,0.3,3,0.05,0.05,0.05,2,0.098,0.03125,1,0.005,hybrid,0.1,0.5,0.3,0.01,0.0020833333333333333,0.0048,8,0.75,0.2,8,16,0,2,false,0.585,0.75,1,worldModel,weighted,0,a2a0fec2,53,baseline,120,0.49707481410354376,0,0.2265,0,0.5405,0,0.6345,0,0.01684760296399974,0,0.9254499077796936,0,,,,,0.34,0,0,0,45,0,208,0,1
600,245,0.28,0.3,3,0.05,0.05,0.05,2,0.098,0.033,1,0.005,hybrid,0.1,0.5,0.3,0.01,0.0020833333333333333,0.0048,8,0.75,0.2,8,16,0,2,true,0.585,0.75,1,worldModel,weighted,0,a2a0fec2,54,treatment,120,0.4701557746777932,0,0.1935,0,0.5105,0,0.6285,0,0.02015747272133334,0,0.9739214181900024,0,0.585,0,0.7933333333333333,0,0.20666666666666667,0,0,0,51,0,213,0,1
600,245,0.28,0.3,3,0.05,0.05,0.05,2,0.098,0.033,1,0.005,hybrid,0.1,0.5,0.3,0.01,0.0020833333333333333,0.0048,8,0.75,0.2,8,16,0,2,false,0.585,0.75,1,worldModel,weighted,0,a2a0fec2,54,baseline,120,0.4908960208358864,0,0.2435,0,0.5235,0,0.6305,0,0.01618225966539652,0,0.9220990538597107,0,,,,,0.2633333333333333,0,0,0,47,0,213,0,1
600,245,0.28,0.3,3,0.05,0.05,0.05,2,0.098,0.03475,1,0.005,hybrid,0.1,0.5,0.3,0.01,0.0020833333333333333,0.0048,8,0.75,0.2,8,16,0,2,true,0.585,0.75,1,worldModel,weighted,0,a2a0fec2,55,treatment,120,0.4566961211152375,0,0.2105,0,0.4985,0,0.6045,0,0.014331946326904805,0,0.8416345119476318,0,0.585,0,0.8483333333333334,0,0.15166666666666667,0,0,0,50,0,211,0,1
600,245,0.28,0.3,3,0.05,0.05,0.05,2,0.098,0.03475,1,0.005,hybrid,0.1,0.5,0.3,0.01,0.0020833333333333333,0.0048,8,0.75,0.2,8,16,0,2,false,0.585,0.75,1,worldModel,weighted,0,a2a0fec2,55,baseline,120,0.4806795774710675,0,0.2645,0,0.5115,0,0.6155,0,0.013182118801612465,0,0.8171711564064026,0,,,,,0.21666666666666667,0,0,0,61,0,210,0,1
600,245,0.28,0.3,3,0.05,0.05,0.05,2,0.098,0.0365,1,0.005,hybrid,0.1,0.5,0.3,0.01,0.0020833333333333333,0.0048,8,0.75,0.2,8,16,0,2,true,0.585,0.75,1,worldModel,weighted,0,a2a0fec2,56,treatment,120,0.46013921008134884,0,0.2365,0,0.4925,0,0.5975,0,0.01249290827077304,0,0.8505851626396179,0,0.585,0,0.8633333333333333,0,0.13666666666666666,0,0,0,48,0,214,0,1
600,245,0.28,0.3,3,0.05,0.05,0.05,2,0.098,0.0365,1,0.005,hybrid,0.1,0.5,0.3,0.01,0.0020833333333333333,0.0048,8,0.75,0.2,8,16,0,2,false,0.585,0.75,1,worldModel,weighted,0,a2a0fec2,56,baseline,120,0.47829102852692207,0,0.2455,0,0.5145,0,0.6105,0,0.013433177505351442,0,0.8358353972434998,0,,,,,0.18833333333333332,0,0,0,63,0,212,0,1
600,245,0.28,0.3,3,0.05,0.05,0.05,2,0.098,0.03825,1,0.005,hybrid,0.1,0.5,0.3,0.01,0.0020833333333333333,0.0048,8,0.75,0.2,8,16,0,2,true,0.585,0.75,1,worldModel,weighted,0,a2a0fec2,57,treatment,120,0.4581618318458398,0,0.2115,0,0.4965,0,0.5925,0,0.01591989496846298,0,0.9161803722381592,0,0.585,0,0.88,0,0.12,0,0,0,53,0,215,0,1
600,245,0.28,0.3,3,0.05,0.05,0.05,2,0.098,0.03825,1,0.005,hybrid,0.1,0.5,0.3,0.01,0.0020833333333333333,0.0048,8,0.75,0.2,8,16,0,2,false,0.585,0.75,1,worldModel,weighted,0,a2a0fec2,57,baseline,120,0.47506251390402515,0,0.2065,0,0.5215,0,0.6205,0,0.015018771322892985,0,0.8965123891830444,0,,,,,0.21333333333333335,0,0,0,50,0,208,0,1
600,245,0.28,0.3,3,0.05,0.05,0.05,2,0.098,0.04,1,0.005,hybrid,0.1,0.5,0.3,0.01,0.0020833333333333333,0.0048,8,0.75,0.2,8,16,0,2,true,0.585,0.75,1,worldModel,weighted,0,a2a0fec2,58,treatment,120,0.4594283930088083,0,0.2395,0,0.4945,0,0.5965,0,0.014380146647520554,0,0.8840711712837219,0,0.585,0,0.8716666666666667,0,0.12833333333333333,0,0,0,57,0,209,0,1
600,245,0.28,0.3,3,0.05,0.05,0.05,2,0.098,0.04,1,0.005,hybrid,0.1,0.5,0.3,0.01,0.0020833333333333333,0.0048,8,0.75,0.2,8,16,0,2,false,0.585,0.75,1,worldModel,weighted,0,a2a0fec2,58,baseline,120,0.4779521096435686,0,0.2595,0,0.5125,0,0.6175,0,0.012028390682586779,0,0.8868760466575623,0,,,,,0.22,0,0,0,51,0,215,0,1
600,245,0.28,0.3,3,0.05,0.05,0.05,2,0.098,0.04175,1,0.005,hybrid,0.1,0.5,0.3,0.01,0.0020833333333333333,0.0048,8,0.75,0.2,8,16,0,2,true,0.585,0.75,1,worldModel,weighted,0,a2a0fec2,59,treatment,120,0.4350653053633869,0,0.1745,0,0.4725,0,0.5785,0,0.017834974735013484,0,0.8717528581619263,0,0.585,0,0.9083333333333333,0,0.09166666666666666,0,0,0,48,0,213,0,1
600,245,0.28,0.3,3,0.05,0.05,0.05,2,0.098,0.04175,1,0.005,hybrid,0.1,0.5,0.3,0.01,0.0020833333333333333,0.0048,8,0.75,0.2,8,16,0,2,false,0.585,0.75,1,worldModel,weighted,0,a2a0fec2,59,baseline,120,0.4642993381929894,0,0.2025,0,0.5055,0,0.6055,0,0.017440529857877606,0,0.8832694888114929,0,,,,,0.18333333333333332,0,0,0,50,0,212,0,1
600,245,0.28,0.3,3,0.05,0.05,0.05,2,0.098,0.0435,1,0.005,hybrid,0.1,0.5,0.3,0.01,0.0020833333333333333,0.0048,8,0.75,0.2,8,16,0,2,true,0.585,0.75,1,worldModel,weighted,0,a2a0fec2,60,treatment,120,0.4519809202477336,0,0.1775,0,0.5045,0,0.5935,0,0.01568334510027563,0,0.8733450174331665,0,0.585,0,0.8783333333333333,0,0.12166666666666667,0,0,0,45,0,212,0,1
600,245,0.28,0.3,3,0.05,0.05,0.05,2,0.098,0.0435,1,0.005,hybrid,0.1,0.5,0.3,0.01,0.0020833333333333333,0.0048,8,0.75,0.2,8,16,0,2,false,0.585,0.75,1,worldModel,weighted,0,a2a0fec2,60,baseline,120,0.47145778346806766,0,0.2065,0,0.5155,0,0.6105,0,0.016293783907758937,0,0.8702019453048706,0,,,,,0.21333333333333335,0,0,0,51,0,211,0,1
600,245,0.28,0.3,3,0.05,0.05,0.05,2,0.098,0.04525,1,0.005,hybrid,0.1,0.5,0.3,0.01,0.0020833333333333333,0.0048,8,0.75,0.2,8,16,0,2,true,0.585,0.75,1,worldModel,weighted,0,a2a0fec2,61,treatment,120,0.43615914325540267,0,0.1945,0,0.4735,0,0.5705,0,0.012294698297756857,0,0.8026996850967407,0,0.585,0,0.92,0,0.08,0,0,0,45,0,205,0,1
600,245,0.28,0.3,3,0.05,0.05,0.05,2,0.098,0.04525,1,0.005,hybrid,0.1,0.5,0.3,0.01,0.0020833333333333333,0.0048,8,0.75,0.2,8,16,0,2,false,0.585,0.75,1,worldModel,weighted,0,a2a0fec2,61,baseline,120,0.45593643908078474,0,0.2105,0,0.4975,0,0.5865,0,0.013665790085817569,0,0.8022205829620361,0,,,,,0.11166666666666666,0,0,0,42,0,212,0,1
600,245,0.28,0.3,3,0.05,0.05,0.05,2,0.098,0.047,1,0.005,hybrid,0.1,0.5,0.3,0.01,0.0020833333333333333,0.0048,8,0.75,0.2,8,16,0,2,true,0.585,0.75,1,worldModel,weighted,0,a2a0fec2,62,treatment,120,0.44525302400191624,0,0.2115,0,0.4845,0,0.5725,0,0.014867731536004009,0,0.7493175864219666,0,0.585,0,0.925,0,0.075,0,0,0,53,0,213,0,1
600,245,0.28,0.3,3,0.05,0.05,0.05,2,0.098,0.047,1,0.005,hybrid,0.1,0.5,0.3,0.01,0.0020833333333333333,0.0048,8,0.75,0.2,8,16,0,2,false,0.585,0.75,1,worldModel,weighted,0,a2a0fec2,62,baseline,120,0.47396263654033344,0,0.2755,0,0.5105,0,0.5945,0,0.013199501210827304,0,0.7493748068809509,0,,,,,0.12833333333333333,0,0,0,50,0,215,0,1
600,245,0.28,0.3,3,0.05,0.05,0.05,2,0.107,0.012,1,0.005,hybrid,0.1,0.5,0.3,0.01,0.0020833333333333333,0.0048,8,0.75,0.2,8,16,0,2,true,0.585,0.75,1,worldModel,weighted,0,a2a0fec2,63,treatment,120,0.47993281750629346,0,0.1585,0,0.5225,0,0.6605,0,0.016750034946945193,0,0.9177989363670349,0,0.585,0,0.7166666666666667,0,0.2833333333333333,0,0,0,42,0,207,0,1
600,245,0.28,0.3,3,0.05,0.05,0.05,2,0.107,0.012,1,0.005,hybrid,0.1,0.5,0.3,0.01,0.0020833333333333333,0.0048,8,0.75,0.2,8,16,0,2,false,0.585,0.75,1,worldModel,weighted,0,a2a0fec2,63,baseline,120,0.5006240953567127,0,0.1925,0,0.5485,0,0.6675,0,0.021381082620696865,0,0.9911137223243713,0,,,,,0.3566666666666667,0,0,0,39,0,211,0,1
600,245,0.28,0.3,3,0.05,0.05,0.05,2,0.107,0.01375,1,0.005,hybrid,0.1,0.5,0.3,0.01,0.0020833333333333333,0.0048,8,0.75,0.2,8,16,0,2,true,0.585,0.75,1,worldModel,weighted,0,a2a0fec2,64,treatment,120,0.49295072196051476,0,0.2035,0,0.5325,0,0.6655,0,0.015566405967426835,0,0.8856716156005859,0,0.585,0,0.665,0,0.335,0,0,0,48,0,215,0,1
600,245,0.28,0.3,3,0.05,0.05,0.05,2,0.107,0.01375,1,0.005,hybrid,0.1,0.5,0.3,0.01,0.0020833333333333333,0.0048,8,0.75,0.2,8,16,0,2,false,0.585,0.75,1,worldModel,weighted,0,a2a0fec2,64,baseline,120,0.517547087992231,0,0.2455,0,0.5615,0,0.6825,0,0.014035329459922584,0,0.8797511458396912,0,,,,,0.4066666666666667,0,0,0,57,0,210,0,1
600,245,0.28,0.3,3,0.05,0.05,0.05,2,0.107,0.0155,1,0.005,hybrid,0.1,0.5,0.3,0.01,0.0020833333333333333,0.0048,8,0.75,0.2,8,16,0,2,true,0.585,0.75,1,worldModel,weighted,0,a2a0fec2,65,treatment,120,0.4886342223112782,0,0.2075,0,0.5335,0,0.6385,0,0.014872001864289242,0,0.8347111940383911,0,0.585,0,0.71,0,0.29,0,0,0,47,0,210,0,1
600,245,0.28,0.3,3,0.05,0.05,0.05,2,0.107,0.0155,1,0.005,hybrid,0.1,0.5,0.3,0.01,0.0020833333333333333,0.0048,8,0.75,0.2,8,16,0,2,false,0.585,0.75,1,worldModel,weighted,0,a2a0fec2,65,baseline,120,0.5079459976094465,0,0.2425,0,0.5515,0,0.6555,0,0.016365664562339996,0,0.8437698483467102,0,,,,,0.35333333333333333,0,0,0,43,0,214,0,1
600,245,0.28,0.3,3,0.05,0.05,0.05,2,0.107,0.01725,1,0.005,hybrid,0.1,0.5,0.3,0.01,0.0020833333333333333,0.0048,8,0.75,0.2,8,16,0,2,true,0.585,0.75,1,worldModel,weighted,0,a2a0fec2,66,treatment,120,0.4822351612709463,0,0.1825,0,0.5225,0,0.6485,0,0.015299218166335293,0,0.948626697063446,0,0.585,0,0.7366666666666667,0,0.2633333333333333,0,0,0,53,0,211,0,1
600,245,0.28,0.3,3,0.05,0.05,0.05,2,0.107,0.01725,1,0.005,hybrid,0.1,0.5,0.3,0.01,0.0020833333333333333,0.0048,8,0.75,0.2,8,16,0,2,false,0.585,0.75,1,worldModel,weighted,0,a2a0fec2,66,baseline,120,0.5062498468657335,0,0.2395,0,0.5495,0,0.6595,0,0.012751902540884284,0,0.9165712594985962,0,,,,,0.355,0,0,0,48,0,210,0,1
600,245,0.28,0.3,3,0.05,0.05,0.05,2,0.107,0.019,1,0.005,hybrid,0.1,0.5,0.3,0.01,0.0020833333333333333,0.0048,8,0.75,0.2,8,16,0,2,true,0.585,0.75,1,worldModel,weighted,0,a2a0fec2,67,treatment,120,0.49400890327369174,0,0.1885,0,0.5385,0,0.6685,0,0.018778539647131894,0,0.9476327300071716,0,0.585,0,0.6566666666666666,0,0.3433333333333333,0,0,0,45,0,207,0,1
600,245,0.28,0.3,3,0.05,0.05,0.05,2,0.107,0.019,1,0.005,hybrid,0.1,0.5,0.3,0.01,0.0020833333333333333,0.0048,8,0.75,0.2,8,16,0,2,false,0.585,0.75,1,worldModel,weighted,0,a2a0fec2,67,baseline,120,0.5112314564051728,0,0.2205,0,0.5605,0,0.6755,0,0.017634969726621763,0,0.9389974474906921,0,,,,,0.42833333333333334,0,0,0,43,0,212,0,1
600,245,0.28,0.3,3,0.05,0.05,0.05,2,0.107,0.02075,1,0.005,hybrid,0.1,0.5,0.3,0.01,0.0020833333333333333,0.0048,8,0.75,0.2,8,16,0,2,true,0.585,0.75,1,worldModel,weighted,0,a2a0fec2,68,treatment,120,0.48667860055342316,0,0.2275,0,0.5265,0,0.6335,0,0.017573873453079706,0,0.9887443780899048,0,0.585,0,0.74,0,0.26,0,0,0,38,0,212,0,1
600,245,0.28,0.3,3,0.05,0.05,0.05,2,0.107,0.02075,1,0.005,hybrid,0.1,0.5,0.3,0.01,0.0020833333333333333,0.0048,8,0.75,0.2,8,16,0,2,false,0.585,0.75,1,worldModel,weighted,0,a2a0fec2,68,baseline,120,0.5030464735006293,0,0.2665,0,0.5405,0,0.6445,0,0.013385361386389344,0,0.9887443780899048,0,,,,,0.31333333333333335,0,0,0,50,0,213,0,1
600,245,0.28,0.3,3,0.05,0.05,0.05,2,0.107,0.0225,1,0.005,hybrid,0.1,0.5,0.3,0.01,0.0020833333333333333,0.0048,8,0.75,0.2,8,16,0,2,true,0.585,0.75,1,worldModel,weighted,0,a2a0fec2,69,treatment,120,0.4730241528774301,0,0.1835,0,0.5125,0,0.6475,0,0.01871750343426826,0,0.9166419506072998,0,0.585,0,0.7833333333333333,0,0.21666666666666667,0,0,0,50,0,216,0,1
600,245,0.28,0.3,3,0.05,0.05,0.05,2,0.107,0.0225,1,0.005,hybrid,0.1,0.5,0.3,0.01,0.0020833333333333333,0.0048,8,0.75,0.2,8,16,0,2,false,0.585,0.75,1,worldModel,weighted,0,a2a0fec2,69,baseline,120,0.4935672404182454,0,0.2215,0,0.5335,0,0.6485,0,0.01859625929241678,0,0.917148768901825,0,,,,,0.2866666666666667,0,0,0,50,0,213,0,1
600,245,0.28,0.3,3,0.05,0.05,0.05,2,0.107,0.02425,1,0.005,hybrid,0.1,0.5,0.3,0.01,0.0020833333333333333,0.0048,8,0.75,0.2,8,16,0,2,true,0.585,0.75,1,worldModel,weighted,0,a2a0fec2,70,treatment,120,0.4611984098951022,0,0.1805,0,0.5005,0,0.6005,0,0.01744940336260371,0,0.8670693635940552,0,0.585,0,0.8583333333333333,0,0.14166666666666666,0,0,0,50,0,210,0,1
600,245,0.28,0.3,3,0.05,0.05,0.05,2,0.107,0.02425,1,0.005,hybrid,0.1,0.5,0.3,0.01,0.0020833333333333333,0.0048,8,0.75,0.2,8,16,0,2,false,0.585,0.75,1,worldModel,weighted,0,a2a0fec2,70,baseline,120,0.4805436687543988,0,0.2375,0,0.5195,0,0.6175,0,0.01603367244738532,0,0.8801467418670654,0,,,,,0.215,0,0,0,55,0,208,0,1
600,245,0.28,0.3,3,0.05,0.05,0.05,2,0.107,0.026,1,0.005,hybrid,0.1,0.5,0.3,0.01,0.0020833333333333333,0.0048,8,0.75,0.2,8,16,0,2,true,0.585,0.75,1,worldModel,weighted,0,a2a0fec2,71,treatment,120,0.4761796352081001,0,0.2065,0,0.5155,0,0.6205,0,0.015343648251943157,0,0.9082739949226379,0,0.585,0,0.8,0,0.2,0,0,0,43,0,212,0,1
600,245,0.28,0.3,3,0.05,0.05,0.05,2,0.107,0.026,1,0.005,hybrid,0.1,0.5,0.3,0.01,0.0020833333333333333,0.0048,8,0.75,0.2,8,16,0,2,false,0.585,0.75,1,worldModel,weighted,0,a2a0fec2,71,baseline,120,0.5058975195263823,0,0.2435,0,0.5455,0,0.6365,0,0.013972216388069397,0,0.8061700463294983,0,,,,,0.30833333333333335,0,0,0,47,0,208,0,1
600,245,0.28,0.3,3,0.05,0.05,0.05,2,0.107,0.02775,1,0.005,hybrid,0.1,0.5,0.3,0.01,0.0020833333333333333,0.0048,8,0.75,0.2,8,16,0,2,true,0.585,0.75,1,worldModel,weighted,0,a2a0fec2,72,treatment,120,0.45537417019406956,0,0.1685,0,0.4985,0,0.6095,0,0.014266380442798376,0,0.9263886213302612,0,0.585,0,0.845,0,0.155,0,0,0,53,0,207,0,1
600,245,0.28,0.3,3,0.05,0.05,0.05,2,0.107,0.02775,1,0.005,hybrid,0.1,0.5,0.3,0.01,0.0020833333333333333,0.0048,8,0.75,0.2,8,16,0,2,false,0.585,0.75,1,worldModel,weighted,0,a2a0fec2,72,baseline,120,0.48032941623901326,0,0.2035,0,0.5265,0,0.6255,0,0.012624796673049325,0,0.7994175553321838,0,,,,,0.21666666666666667,0,0,0,42,0,206,0,1
600,245,0.28,0.3,3,0.05,0.05,0.05,2,0.107,0.0295,1,0.005,hybrid,0.1,0.5,0.3,0.01,0.0020833333333333333,0.0048,8,0.75,0.2,8,16,0,2,true,0.585,0.75,1,worldModel,weighted,0,a2a0fec2,73,treatment,120,0.4625361061344544,0,0.1635,0,0.5065,0,0.6345,0,0.01561549392483753,0,0.801988422870636,0,0.585,0,0.7633333333333333,0,0.23666666666666666,0,0,0,52,0,210,0,1
600,245,0.28,0.3,3,0.05,0.05,0.05,2,0.107,0.0295,1,0.005,hybrid,0.1,0.5,0.3,0.01,0.0020833333333333333,0.0048,8,0.75,0.2,8,16,0,2,false,0.585,0.75,1,worldModel,weighted,0,a2a0fec2,73,baseline,120,0.4832711128517985,0,0.1845,0,0.5275,0,0.6505,0,0.0176616794799759,0,0.8250524401664734,0,,,,,0.29333333333333333,0,0,0,40,0,207,0,1
600,245,0.28,0.3,3,0.05,0.05,0.05,2,0.107,0.03125,1,0.005,hybrid,0.1,0.5,0.3,0.01,0.0020833333333333333,0.0048,8,0.75,0.2,8,16,0,2,true,0.585,0.75,1,worldModel,weighted,0,a2a0fec2,74,treatment,120,0.4620420077443123,0,0.1865,0,0.5005,0,0.5985,0,0.015211355405663431,0,0.7910823822021484,0,0.585,0,0.8583333333333333,0,0.14166666666666666,0,0,0,47,0,208,0,1
600,245,0.28,0.3,3,0.05,0.05,0.05,2,0.107,0.03125,1,0.005,hybrid,0.1,0.5,0.3,0.01,0.0020833333333333333,0.0048,8,0.75,0.2,8,16,0,2,false,0.585,0.75,1,worldModel,weighted,0,a2a0fec2,74,baseline,120,0.4810605308289329,0,0.2475,0,0.5215,0,0.6105,0,0.012929262502719434,0,0.7875858545303345,0,,,,,0.17666666666666667,0,0,0,50,0,208,0,1
600,245,0.28,0.3,3,0.05,0.05,0.05,2,0.107,0.033,1,0.005,hybrid,0.1,0.5,0.3,0.01,0.0020833333333333333,0.0048,8,0.75,0.2,8,16,0,2,true,0.585,0.75,1,worldModel,weighted,0,a2a0fec2,75,treatment,120,0.43279731907571356,0,0.1445,0,0.4845,0,0.5835,0,0.015000708969864779,0,0.787996232509613,0,0.585,0,0.9,0,0.1,0,0,0,48,0,207,0,1
600,245,0.28,0.3,3,0.05,0.05,0.05,2,0.107,0.033,1,0.005,hybrid,0.1,0.5,0.3,0.01,0.0020833333333333333,0.0048,8,0.75,0.2,8,16,0,2,false,0.585,0.75,1,worldModel,weighted,0,a2a0fec2,75,baseline,120,0.46217341444144644,0,0.1835,0,0.5085,0,0.6095,0,0.014882721417686413,0,0.8057887554168701,0,,,,,0.18666666666666668,0,0,0,52,0,211,0,1
600,245,0.28,0.3,3,0.05,0.05,0.05,2,0.107,0.03475,1,0.005,hybrid,0.1,0.5,0.3,0.01,0.0020833333333333333,0.0048,8,0.75,0.2,8,16,0,2,true,0.585,0.75,1,worldModel,weighted,0,a2a0fec2,76,treatment,120,0.4493134951467315,0,0.1905,0,0.4775,0,0.5915,0,0.014228268576884405,0,0.8677636384963989,0,0.585,0,0.8866666666666667,0,0.11333333333333333,0,0,0,47,0,210,0,1
600,245,0.28,0.3,3,0.05,0.05,0.05,2,0.107,0.03475,1,0.005,hybrid,0.1,0.5,0.3,0.01,0.0020833333333333333,0.0048,8,0.75,0.2,8,16,0,2,false,0.585,0.75,1,worldModel,weighted,0,a2a0fec2,76,baseline,120,0.47346678234015904,0,0.2255,0,0.5025,0,0.6215,0,0.012949918733408474,0,0.8719602823257446,0,,,,,0.17333333333333334,0,0,0,47,0,210,0,1
600,245,0.28,0.3,3,0.05,0.05,0.05,2,0.107,0.0365,1,0.005,hybrid,0.1,0.5,0.3,0.01,0.0020833333333333333,0.0048,8,0.75,0.2,8,16,0,2,true,0.585,0.75,1,worldModel,weighted,0,a2a0fec2,77,treatment,120,0.4462290653027594,0,0.1755,0,0.4945,0,0.5855,0,0.014238208640077837,0,0.9190836548805237,0,0.585,0,0.8966666666666666,0,0.10333333333333333,0,0,0,43,0,212,0,1
600,245,0.28,0.3,3,0.05,0.05,0.05,2,0.107,0.0365,1,0.005,hybrid,0.1,0.5,0.3,0.01,0.0020833333333333333,0.0048,8,0.75,0.2,8,16,0,2,false,0.585,0.75,1,worldModel,weighted,0,a2a0fec2,77,baseline,120,0.47536415250351033,0,0.2175,0,0.5185,0,0.6205,0,0.014892572744550256,0,0.9170448780059814,0,,,,,0.19333333333333333,0,0,0,46,0,209,0,1
600,245,0.28,0.3,3,0.05,0.05,0.05,2,0.107,0.03825,1,0.005,hybrid,0.1,0.5,0.3,0.01,0.0020833333333333333,0.0048,8,0.75,0.2,8,16,0,2,true,0.585,0.75,1,worldModel,weighted,0,a2a0fec2,78,treatment,120,0.44883604399239024,0,0.1775,0,0.4975,0,0.5805,0,0.013229899540178131,0,0.8394862413406372,0,0.585,0,0.91,0,0.09,0,0,0,47,0,206,0,1
600,245,0.28,0.3,3,0.05,0.05,0.05,2,0.107,0.03825,1,0.005,hybrid,0.1,0.5,0.3,0.01,0.0020833333333333333,0.0048,8,0.75,0.2,8,16,0,2,false,0.585,0.75,1,worldModel,weighted,0,a2a0fec2,78,baseline,120,0.4720645509287715,0,0.2015,0,0.5225,0,0.5995,0,0.013338235442503708,0,0.832614004611969,0,,,,,0.15833333333333333,0,0,0,45,0,214,0,1
600,245,0.28,0.3,3,0.05,0.05,0.05,2,0.107,0.04,1,0.005,hybrid,0.1,0.5,0.3,0.01,0.0020833333333333333,0.0048,8,0.75,0.2,8,16,0,2,true,0.585,0.75,1,worldModel,weighted,0,a2a0fec2,79,treatment,120,0.4392674174904823,0,0.1835,0,0.4765,0,0.5855,0,0.015097514107583587,0,0.7840977907180786,0,0.585,0,0.895,0,0.105,0,0,0,59,0,207,0,1
600,245,0.28,0.3,3,0.05,0.05,0.05,2,0.107,0.04,1,0.005,hybrid,0.1,0.5,0.3,0.01,0.0020833333333333333,0.0048,8,0.75,0.2,8,16,0,2,false,0.585,0.75,1,worldModel,weighted,0,a2a0fec2,79,baseline,120,0.4591323753260076,0,0.2135,0,0.4955,0,0.6015,0,0.012607002977775948,0,0.7627435922622681,0,,,,,0.15166666666666667,0,0,0,53,0,206,0,1
600,245,0.28,0.3,3,0.05,0.05,0.05,2,0.107,0.04175,1,0.005,hybrid,0.1,0.5,0.3,0.01,0.0020833333333333333,0.0048,8,0.75,0.2,8,16,0,2,true,0.585,0.75,1,worldModel,weighted,0,a2a0fec2,80,treatment,120,0.45812226133421063,0,0.1835,0,0.4955,0,0.6235,0,0.01676780133359436,0,0.8217231631278992,0,0.585,0,0.815,0,0.185,0,0,0,45,0,212,0,1
600,245,0.28,0.3,3,0.05,0.05,0.05,2,0.107,0.04175,1,0.005,hybrid,0.1,0.5,0.3,0.01,0.0020833333333333333,0.0048,8,0.75,0.2,8,16,0,2,false,0.585,0.75,1,worldModel,weighted,0,a2a0fec2,80,baseline,120,0.4745604721705119,0,0.2145,0,0.5105,0,0.6345,0,0.016832899701152097,0,0.821956217288971,0,,,,,0.225,0,0,0,44,0,213,0,1
600,245,0.28,0.3,3,0.05,0.05,0.05,2,0.107,0.0435,1,0.005,hybrid,0.1,0.5,0.3,0.01,0.0020833333333333333,0.0048,8,0.75,0.2,8,16,0,2,true,0.585,0.75,1,worldModel,weighted,0,a2a0fec2,81,treatment,120,0.4339912663958967,0,0.1775,0,0.4705,0,0.5715,0,0.016729040020313283,0,0.854047954082489,0,0.585,0,0.925,0,0.075,0,0,0,48,0,208,0,1
600,245,0.28,0.3,3,0.05,0.05,0.05,2,0.107,0.0435,1,0.005,hybrid,0.1,0.5,0.3,0.01,0.0020833333333333333,0.0048,8,0.75,0.2,8,16,0,2,false,0.585,0.75,1,worldModel,weighted,0,a2a0fec2,81,baseline,120,0.46570995656152564,0,0.2535,0,0.5065,0,0.5915,0,0.014583860890682764,0,0.8382320404052734,0,,,,,0.11,0,0,0,43,0,213,0,1
600,245,0.28,0.3,3,0.05,0.05,0.05,2,0.107,0.04525,1,0.005,hybrid,0.1,0.5,0.3,0.01,0.0020833333333333333,0.0048,8,0.75,0.2,8,16,0,2,true,0.585,0.75,1,worldModel,weighted,0,a2a0fec2,82,treatment,120,0.44246021470675867,0,0.1835,0,0.4845,0,0.5685,0,0.012100156450794134,0,0.9085366725921631,0,0.585,0,0.945,0,0.055,0,0,0,43,0,211,0,1
600,245,0.28,0.3,3,0.05,0.05,0.05,2,0.107,0.04525,1,0.005,hybrid,0.1,0.5,0.3,0.01,0.0020833333333333333,0.0048,8,0.75,0.2,8,16,0,2,false,0.585,0.75,1,worldModel,weighted,0,a2a0fec2,82,baseline,120,0.4641584872206052,0,0.2295,0,0.5015,0,0.5895,0,0.012190487310106805,0,0.9085366725921631,0,,,,,0.12,0,0,0,43,0,209,0,1
600,245,0.28,0.3,3,0.05,0.05,0.05,2,0.107,0.047,1,0.005,hybrid,0.1,0.5,0.3,0.01,0.0020833333333333333,0.0048,8,0.75,0.2,8,16,0,2,true,0.585,0.75,1,worldModel,weighted,0,a2a0fec2,83,treatment,120,0.4535398757519821,0,0.1995,0,0.4965,0,0.5775,0,0.016134896910061775,0,0.9439454078674316,0,0.585,0,0.9116666666666666,0,0.08833333333333333,0,0,0,39,0,211,0,1
600,245,0.28,0.3,3,0.05,0.05,0.05,2,0.107,0.047,1,0.005,hybrid,0.1,0.5,0.3,0.01,0.0020833333333333333,0.0048,8,0.75,0.2,8,16,0,2,false,0.585,0.75,1,worldModel,weighted,0,a2a0fec2,83,baseline,120,0.4789930372747282,0,0.2465,0,0.5165,0,0.6015,0,0.013925968080181856,0,0.7915169596672058,0,,,,,0.17666666666666667,0,0,0,40,0,212,0,1
600,245,0.28,0.3,3,0.05,0.05,0.05,2,0.116,0.012,1,0.005,hybrid,0.1,0.5,0.3,0.01,0.0020833333333333333,0.0048,8,0.75,0.2,8,16,0,2,true,0.585,0.75,1,worldModel,weighted,0,a2a0fec2,84,treatment,120,0.48589960045491654,0,0.1525,0,0.5425,0,0.6625,0,0.022730131808565365,0,0.8767490386962891,0,0.585,0,0.6283333333333333,0,0.37166666666666665,0,0,0,47,0,215,0,1
600,245,0.28,0.3,3,0.05,0.05,0.05,2,0.116,0.012,1,0.005,hybrid,0.1,0.5,0.3,0.01,0.0020833333333333333,0.0048,8,0.75,0.2,8,16,0,2,false,0.585,0.75,1,worldModel,weighted,0,a2a0fec2,84,baseline,120,0.5105485853676994,0,0.1835,0,0.5685,0,0.6875,0,0.016290792721982767,0,0.8902249336242676,0,,,,,0.44166666666666665,0,0,0,48,0,203,0,1
600,245,0.28,0.3,3,0.05,0.05,0.05,2,0.116,0.01375,1,0.005,hybrid,0.1,0.5,0.3,0.01,0.0020833333333333333,0.0048,8,0.75,0.2,8,16,0,2,true,0.585,0.75,1,worldModel,weighted,0,a2a0fec2,85,treatment,120,0.4892713541910052,0,0.1615,0,0.5405,0,0.6685,0,0.019756844616416445,0,0.8682836890220642,0,0.585,0,0.6516666666666666,0,0.34833333333333333,0,0,0,53,0,210,0,1
600,245,0.28,0.3,3,0.05,0.05,0.05,2,0.116,0.01375,1,0.005,hybrid,0.1,0.5,0.3,0.01,0.0020833333333333333,0.0048,8,0.75,0.2,8,16,0,2,false,0.585,0.75,1,worldModel,weighted,0,a2a0fec2,85,baseline,120,0.508288994791607,0,0.2085,0,0.5505,0,0.6785,0,0.01981335481472332,0,0.870358943939209,0,,,,,0.3883333333333333,0,0,0,48,0,211,0,1
600,245,0.28,0.3,3,0.05,0.05,0.05,2,0.116,0.0155,1,0.005,hybrid,0.1,0.5,0.3,0.01,0.0020833333333333333,0.0048,8,0.75,0.2,8,16,0,2,true,0.585,0.75,1,worldModel,weighted,0,a2a0fec2,86,treatment,120,0.5091920041789612,0,0.1945,0,0.5565,0,0.6725,0,0.011033076958628681,0,0.9175307750701904,0,0.585,0,0.625,0,0.375,0,0,0,44,0,210,0,1
600,245,0.28,0.3,3,0.05,0.05,0.05,2,0.116,0.0155,1,0.005,hybrid,0.1,0.5,0.3,0.01,0.0020833333333333333,0.0048,8,0.75,0.2,8,16,0,2,false,0.585,0.75,1,worldModel,weighted,0,a2a0fec2,86,baseline,120,0.519661260433495,0,0.2245,0,0.5715,0,0.6705,0,0.012626973685009252,0,0.8553921580314636,0,,,,,0.43666666666666665,0,0,0,46,0,208,0,1
600,245,0.28,0.3,3,0.05,0.05,0.05,2,0.116,0.01725,1,0.005,hybrid,0.1,0.5,0.3,0.01,0.0020833333333333333,0.0048,8,0.75,0.2,8,16,0,2,true,0.585,0.75,1,worldModel,weighted,0,a2a0fec2,87,treatment,120,0.48721760927389063,0,0.1865,0,0.5315,0,0.6285,0,0.015803735958655238,0,0.8718133568763733,0,0.585,0,0.7033333333333334,0,0.2966666666666667,0,0,0,50,0,209,0,1
600,245,0.28,0.3,3,0.05,0.05,0.05,2,0.116,0.01725,1,0.005,hybrid,0.1,0.5,0.3,0.01,0.0020833333333333333,0.0048,8,0.75,0.2,8,16,0,2,false,0.585,0.75,1,worldModel,weighted,0,a2a0fec2,87,baseline,120,0.5145322233438492,0,0.2515,0,0.5605,0,0.6565,0,0.01382420553580572,0,0.8813026547431946,0,,,,,0.39666666666666667,0,0,0,57,0,206,0,1
600,245,0.28,0.3,3,0.05,0.05,0.05,2,0.116,0.019,1,0.005,hybrid,0.1,0.5,0.3,0.01,0.0020833333333333333,0.0048,8,0.75,0.2,8,16,0,2,true,0.585,0.75,1,worldModel,weighted,0,a2a0fec2,88,treatment,120,0.48761126248786846,0,0.2115,0,0.5305,0,0.6385,0,0.01402780879076528,0,0.9263061881065369,0,0.585,0,0.73,0,0.27,0,0,0,44,0,212,0,1
600,245,0.28,0.3,3,0.05,0.05,0.05,2,0.116,0.019,1,0.005,hybrid,0.1,0.5,0.3,0.01,0.0020833333333333333,0.0048,8,0.75,0.2,8,16,0,2,false,0.585,0.75,1,worldModel,weighted,0,a2a0fec2,88,baseline,120,0.5049089587852359,0,0.2515,0,0.5425,0,0.6415,0,0.013301765562881715,0,0.9149777889251709,0,,,,,0.3433333333333333,0,0,0,45,0,207,0,1
600,245,0.28,0.3,3,0.05,0.05,0.05,2,0.116,0.02075,1,0.005,hybrid,0.1,0.5,0.3,0.01,0.0020833333333333333,0.0048,8,0.75,0.2,8,16,0,2,true,0.585,0.75,1,worldModel,weighted,0,a2a0fec2,89,treatment,120,0.4814071735429267,0,0.2415,0,0.5215,0,0.6265,0,0.01475782497168541,0,0.8446417450904846,0,0.585,0,0.7766666666666666,0,0.22333333333333333,0,0,0,45,0,210,0,1
600,245,0.28,0.3,3,0.05,0.05,0.05,2,0.116,0.02075,1,0.005,hybrid,0.1,0.5,0.3,0.01,0.0020833333333333333,0.0048,8,0.75,0.2,8,16,0,2,false,0.585,0.75,1,worldModel,weighted,0,a2a0fec2,89,baseline,120,0.5063805125405391,0,0.2725,0,0.5435,0,0.6465,0,0.01493501280613137,0,0.8444434404373169,0,,,,,0.32666666666666666,0,0,0,49,0,213,0,1
600,245,0.28,0.3,3,0.05,0.05,0.05,2,0.116,0.0225,1,0.005,hybrid,0.1,0.5,0.3,0.01,0.0020833333333333333,0.0048,8,0.75,0.2,8,16,0,2,true,0.585,0.75,1,worldModel,weighted,0,a2a0fec2,90,treatment,120,0.4744590765113632,0,0.1935,0,0.5135,0,0.6245,0,0.014154373843290434,0,0.9329599142074585,0,0.585,0,0.8016666666666666,0,0.19833333333333333,0,0,0,44,0,210,0,1
600,245,0.28,0.3,3,0.05,0.05,0.05,2,0.116,0.0225,1,0.005,hybrid,0.1,0.5,0.3,0.01,0.0020833333333333333,0.0048,8,0.75,0.2,8,16,0,2,false,0.585,0.75,1,worldModel,weighted,0,a2a0fec2,90,baseline,120,0.4929722511147459,0,0.2265,0,0.5265,0,0.6385,0,0.013302931205139616,0,0.8648918271064758,0,,,,,0.27,0,0,0,50,0,212,0,1
600,245,0.28,0.3,3,0.05,0.05,0.05,2,0.116,0.02425,1,0.005,hybrid,0.1,0.5,0.3,0.01,0.0020833333333333333,0.0048,8,0.75,0.2,8,16,0,2,true,0.585,0.75,1,worldModel,weighted,0,a2a0fec2,91,treatment,120,0.4699681284961601,0,0.1995,0,0.5095,0,0.6335,0,0.01661275520721917,0,0.8878182768821716,0,0.585,0,0.7616666666666667,0,0.23833333333333334,0,0,0,44,0,211,0,1
600,245,0.28,0.3,3,0.05,0.05,0.05,2,0.116,0.02425,1,0.005,hybrid,0.1,0.5,0.3,0.01,0.0020833333333333333,0.0048,8,0.75,0.2,8,16,0,2,false,0.585,0.75,1,worldModel,weighted,0,a2a0fec2,91,baseline,120,0.5017837213849028,0,0.2385,0,0.5445,0,0.6515,0,0.012470108774140837,0,0.8877818584442139,0,,,,,0.3283333333333333,0,0,0,39,0,213,0,1
600,245,0.28,0.3,3,0.05,0.05,0.05,2,0.116,0.026,1,0.005,hybrid,0.1,0.5,0.3,0.01,0.0020833333333333333,0.0048,8,0.75,0.2,8,16,0,2,true,0.585,0.75,1,worldModel,weighted,0,a2a0fec2,92,treatment,120,0.4732310517070194,0,0.1915,0,0.5175,0,0.6335,0,0.018292146789289532,0,0.9467582702636719,0,0.585,0,0.7833333333333333,0,0.21666666666666667,0,0,0,52,0,211,0,1
600,245,0.28,0.3,3,0.05,0.05,0.05,2,0.116,0.026,1,0.005,hybrid,0.1,0.5,0.3,0.01,0.0020833333333333333,0.0048,8,0.75,0.2,8,16,0,2,false,0.585,0.75,1,worldModel,weighted,0,a2a0fec2,92,baseline,120,0.49252730313688514,0,0.2245,0,0.5295,0,0.6475,0,0.018239085127848897,0,0.9608030915260315,0,,,,,0.29833333333333334,0,0,0,46,0,214,0,1
600,245,0.28,0.3,3,0.05,0.05,0.05,2,0.116,0.02775,1,0.005,hybrid,0.1,0.5,0.3,0.01,0.0020833333333333333,0.0048,8,0.75,0.2,8,16,0,2,true,0.585,0.75,1,worldModel,weighted,0,a2a0fec2,93,treatment,120,0.45127554692327976,0,0.1575,0,0.4985,0,0.6135,0,0.016761705386807664,0,0.9489250779151917,0,0.585,0,0.8283333333333334,0,0.17166666666666666,0,0,0,51,0,208,0,1
600,245,0.28,0.3,3,0.05,0.05,0.05,2,0.116,0.02775,1,0.005,hybrid,0.1,0.5,0.3,0.01,0.0020833333333333333,0.0048,8,0.75,0.2,8,16,0,2,false,0.585,0.75,1,worldModel,weighted,0,a2a0fec2,93,baseline,120,0.48060466986149547,0,0.1985,0,0.5225,0,0.6455,0,0.018187308207227536,0,0.957159698009491,0,,,,,0.2633333333333333,0,0,0,41,0,212,0,1
600,245,0.28,0.3,3,0.05,0.05,0.05,2,0.116,0.0295,1,0.005,hybrid,0.1,0.5,0.3,0.01,0.0020833333333333333,0.0048,8,0.75,0.2,8,16,0,2,true,0.585,0.75,1,worldModel,weighted,0,a2a0fec2,94,treatment,120,0.46234379363556705,0,0.1995,0,0.5055,0,0.6135,0,0.017182307573899346,0,0.7985511422157288,0,0.585,0,0.8533333333333334,0,0.14666666666666667,0,0,0,45,0,211,0,1
600,245,0.28,0.3,3,0.05,0.05,0.05,2,0.116,0.0295,1,0.005,hybrid,0.1,0.5,0.3,0.01,0.0020833333333333333,0.0048,8,0.75,0.2,8,16,0,2,false,0.585,0.75,1,worldModel,weighted,0,a2a0fec2,94,baseline,120,0.48426410101975004,0,0.2255,0,0.5265,0,0.6145,0,0.015715667627880566,0,0.855782151222229,0,,,,,0.19166666666666668,0,0,0,39,0,212,0,1
600,245,0.28,0.3,3,0.05,0.05,0.05,2,0.116,0.03125,1,0.005,hybrid,0.1,0.5,0.3,0.01,0.0020833333333333333,0.0048,8,0.75,0.2,8,16,0,2,true,0.585,0.75,1,worldModel,weighted,0,a2a0fec2,95,treatment,120,0.47201770370826124,0,0.1935,0,0.5115,0,0.6275,0,0.01607253798017489,0,0.8351443409919739,0,0.585,0,0.785,0,0.215,0,0,0,48,0,208,0,1
600,245,0.28,0.3,3,0.05,0.05,0.05,2,0.116,0.03125,1,0.005,hybrid,0.1,0.5,0.3,0.01,0.0020833333333333333,0.0048,8,0.75,0.2,8,16,0,2,false,0.585,0.75,1,worldModel,weighted,0,a2a0fec2,95,baseline,120,0.495477018908908,0,0.2475,0,0.5365,0,0.6315,0,0.011745800588619987,0,0.8001855611801147,0,,,,,0.285,0,0,0,40,0,217,0,1
600,245,0.28,0.3,3,0.05,0.05,0.05,2,0.116,0.033,1,0.005,hybrid,0.1,0.5,0.3,0.01,0.0020833333333333333,0.0048,8,0.75,0.2,8,16,0,2,true,0.585,0.75,1,worldModel,weighted,0,a2a0fec2,96,treatment,120,0.4520002066530287,0,0.1775,0,0.4975,0,0.6115,0,0.01569474991950933,0,0.9211546778678894,0,0.585,0,0.8666666666666667,0,0.13333333333333333,0,0,0,53,0,210,0,1
600,245,0.28,0.3,3,0.05,0.05,0.05,2,0.116,0.033,1,0.005,hybrid,0.1,0.5,0.3,0.01,0.0020833333333333333,0.0048,8,0.75,0.2,8,16,0,2,false,0.585,0.75,1,worldModel,weighted,0,a2a0fec2,96,baseline,120,0.4728434442852934,0,0.2085,0,0.5195,0,0.6215,0,0.017600662371614027,0,0.9319815039634705,0,,,,,0.205,0,0,0,45,0,209,0,1
600,245,0.28,0.3,3,0.05,0.05,0.05,2,0.116,0.03475,1,0.005,hybrid,0.1,0.5,0.3,0.01,0.0020833333333333333,0.0048,8,0.75,0.2,8,16,0,2,true,0.585,0.75,1,worldModel,weighted,0,a2a0fec2,97,treatment,120,0.46682767243434986,0,0.1765,0,0.5155,0,0.6235,0,0.016497423272401706,0,0.9492901563644409,0,0.585,0,0.805,0,0.195,0,0,0,51,0,210,0,1
600,245,0.28,0.3,3,0.05,0.05,0.05,2,0.116,0.03475,1,0.005,hybrid,0.1,0.5,0.3,0.01,0.0020833333333333333,0.0048,8,0.75,0.2,8,16,0,2,false,0.585,0.75,1,worldModel,weighted,0,a2a0fec2,97,baseline,120,0.4938558407065769,0,0.2505,0,0.5375,0,0.6205,0,0.013851424432928621,0,0.7945498824119568,0,,,,,0.2916666666666667,0,0,0,49,0,211,0,1
600,245,0.28,0.3,3,0.05,0.05,0.05,2,0.116,0.0365,1,0.005,hybrid,0.1,0.5,0.3,0.01,0.0020833333333333333,0.0048,8,0.75,0.2,8,16,0,2,true,0.585,0.75,1,worldModel,weighted,0,a2a0fec2,98,treatment,120,0.4528825573374828,0,0.2075,0,0.4985,0,0.5915,0,0.014140577162450249,0,0.9184178113937378,0,0.585,0,0.8766666666666667,0,0.12333333333333334,0,0,0,48,0,213,0,1
600,245,0.28,0.3,3,0.05,0.05,0.05,2,0.116,0.0365,1,0.005,hybrid,0.1,0.5,0.3,0.01,0.0020833333333333333,0.0048,8,0.75,0.2,8,16,0,2,false,0.585,0.75,1,worldModel,weighted,0,a2a0fec2,98,baseline,120,0.478036499346296,0,0.2515,0,0.5155,0,0.6065,0,0.01533687152159077,0,0.9164890050888062,0,,,,,0.20166666666666666,0,0,0,46,0,206,0,1
600,245,0.28,0.3,3,0.05,0.05,0.05,2,0.116,0.03825,1,0.005,hybrid,0.1,0.5,0.3,0.01,0.0020833333333333333,0.0048,8,0.75,0.2,8,16,0,2,true,0.585,0.75,1,worldModel,weighted,0,a2a0fec2,99,treatment,120,0.450483327023685,0,0.2085,0,0.4875,0,0.5935,0,0.011229357536920847,0,0.8205649852752686,0,0.585,0,0.875,0,0.125,0,0,0,42,0,210,0,1
600,245,0.28,0.3,3,0.05,0.05,0.05,2,0.116,0.03825,1,0.005,hybrid,0.1,0.5,0.3,0.01,0.0020833333333333333,0.0048,8,0.75,0.2,8,16,0,2,false,0.585,0.75,1,worldModel,weighted,0,a2a0fec2,99,baseline,120,0.47506059860189753,0,0.2155,0,0.5185,0,0.6165,0,0.015572595505425755,0,0.8100894689559937,0,,,,,0.22,0,0,0,41,0,210,0,1
600,245,0.28,0.3,3,0.05,0.05,0.05,2,0.116,0.04,1,0.005,hybrid,0.1,0.5,0.3,0.01,0.0020833333333333333,0.0048,8,0.75,0.2,8,16,0,2,true,0.585,0.75,1,worldModel,weighted,0,a2a0fec2,100,treatment,120,0.4556584095147749,0,0.2125,0,0.4965,0,0.5925,0,0.015975020454623116,0,0.8962511420249939,0,0.585,0,0.885,0,0.115,0,0,0,52,0,211,0,1
600,245,0.28,0.3,3,0.05,0.05,0.05,2,0.116,0.04,1,0.005,hybrid,0.1,0.5,0.3,0.01,0.0020833333333333333,0.0048,8,0.75,0.2,8,16,0,2,false,0.585,0.75,1,worldModel,weighted,0,a2a0fec2,100,baseline,120,0.46895484620084366,0,0.2095,0,0.5105,0,0.5975,0,0.013849384955869813,0,0.7980071902275085,0,,,,,0.14333333333333334,0,0,0,54,0,205,0,1
600,245,0.28,0.3,3,0.05,0.05,0.05,2,0.116,0.04175,1,0.005,hybrid,0.1,0.5,0.3,0.01,0.0020833333333333333,0.0048,8,0.75,0.2,8,16,0,2,true,0.585,0.75,1,worldModel,weighted,0,a2a0fec2,101,treatment,120,0.4597722809637586,0,0.2385,0,0.4935,0,0.5825,0,0.01433993758036684,0,0.9567069411277771,0,0.585,0,0.9033333333333333,0,0.09666666666666666,0,0,0,48,0,215,0,1
600,245,0.28,0.3,3,0.05,0.05,0.05,2,0.116,0.04175,1,0.005,hybrid,0.1,0.5,0.3,0.01,0.0020833333333333333,0.0048,8,0.75,0.2,8,16,0,2,false,0.585,0.75,1,worldModel,weighted,0,a2a0fec2,101,baseline,120,0.48355895868813,0,0.2745,0,0.5135,0,0.6035,0,0.010689744182313837,0,0.9568259119987488,0,,,,,0.17666666666666667,0,0,0,44,0,217,0,1
600,245,0.28,0.3,3,0.05,0.05,0.05,2,0.116,0.0435,1,0.005,hybrid,0.1,0.5,0.3,0.01,0.0020833333333333333,0.0048,8,0.75,0.2,8,16,0,2,true,0.585,0.75,1,worldModel,weighted,0,a2a0fec2,102,treatment,120,0.4462890813313425,0,0.2085,0,0.4815,0,0.5935,0,0.014107310203536918,0,0.8461956977844238,0,0.585,0,0.87,0,0.13,0,0,0,48,0,209,0,1
600,245,0.28,0.3,3,0.05,0.05,0.05,2,0.116,0.0435,1,0.005,hybrid,0.1,0.5,0.3,0.01,0.0020833333333333333,0.0048,8,0.75,0.2,8,16,0,2,false,0.585,0.75,1,worldModel,weighted,0,a2a0fec2,102,baseline,120,0.4713876868970692,0,0.2415,0,0.5115,0,0.6175,0,0.013927423191996871,0,0.8461956977844238,0,,,,,0.18166666666666667,0,0,0,56,0,207,0,1
600,245,0.28,0.3,3,0.05,0.05,0.05,2,0.116,0.04525,1,0.005,hybrid,0.1,0.5,0.3,0.01,0.0020833333333333333,0.0048,8,0.75,0.2,8,16,0,2,true,0.585,0.75,1,worldModel,weighted,0,a2a0fec2,103,treatment,120,0.4457343340665102,0,0.1755,0,0.4845,0,0.5985,0,0.01417779932116774,0,0.7836282849311829,0,0.585,0,0.8616666666666667,0,0.13833333333333334,0,0,0,53,0,212,0,1
600,245,0.28,0.3,3,0.05,0.05,0.05,2,0.116,0.04525,1,0.005,hybrid,0.1,0.5,0.3,0.01,0.0020833333333333333,0.0048,8,0.75,0.2,8,16,0,2,false,0.585,0.75,1,worldModel,weighted,0,a2a0fec2,103,baseline,120,0.46906526093681655,0,0.2175,0,0.5125,0,0.6105,0,0.013623841368171147,0,0.7836282849311829,0,,,,,0.19166666666666668,0,0,0,61,0,210,0,1
600,245,0.28,0.3,3,0.05,0.05,0.05,2,0.116,0.047,1,0.005,hybrid,0.1,0.5,0.3,0.01,0.0020833333333333333,0.0048,8,0.75,0.2,8,16,0,2,true,0.585,0.75,1,worldModel,weighted,0,a2a0fec2,104,treatment,120,0.4392110622736315,0,0.1555,0,0.4835,0,0.5955,0,0.01566573007854143,0,0.8164059519767761,0,0.585,0,0.8816666666666667,0,0.11833333333333333,0,0,0,54,0,214,0,1
600,245,0.28,0.3,3,0.05,0.05,0.05,2,0.116,0.047,1,0.005,hybrid,0.1,0.5,0.3,0.01,0.0020833333333333333,0.0048,8,0.75,0.2,8,16,0,2,false,0.585,0.75,1,worldModel,weighted,0,a2a0fec2,104,baseline,120,0.4594200424477458,0,0.2045,0,0.5005,0,0.6085,0,0.013406618107887213,0,0.8470375537872314,0,,,,,0.17666666666666667,0,0,0,49,0,211,0,1
600,245,0.28,0.3,3,0.05,0.05,0.05,2,0.125,0.012,1,0.005,hybrid,0.1,0.5,0.3,0.01,0.0020833333333333333,0.0048,8,0.75,0.2,8,16,0,2,true,0.585,0.75,1,worldModel,weighted,0,a2a0fec2,105,treatment,120,0.49386284961675603,0,0.1905,0,0.5365,0,0.6705,0,0.015503281576556794,0,0.8776393532752991,0,0.585,0,0.6466666666666666,0,0.35333333333333333,0,0,0,53,0,208,0,1
600,245,0.28,0.3,3,0.05,0.05,0.05,2,0.125,0.012,1,0.005,hybrid,0.1,0.5,0.3,0.01,0.0020833333333333333,0.0048,8,0.75,0.2,8,16,0,2,false,0.585,0.75,1,worldModel,weighted,0,a2a0fec2,105,baseline,120,0.5209490516098837,0,0.2385,0,0.5665,0,0.6775,0,0.01468152476948265,0,0.8876413702964783,0,,,,,0.4166666666666667,0,0,0,41,0,209,0,1
600,245,0.28,0.3,3,0.05,0.05,0.05,2,0.125,0.01375,1,0.005,hybrid,0.1,0.5,0.3,0.01,0.0020833333333333333,0.0048,8,0.75,0.2,8,16,0,2,true,0.585,0.75,1,worldModel,weighted,0,a2a0fec2,106,treatment,120,0.4905420165446897,0,0.1955,0,0.5395,0,0.6465,0,0.014308348565225396,0,0.8909848928451538,0,0.585,0,0.7133333333333334,0,0.2866666666666667,0,0,0,60,0,208,0,1
600,245,0.28,0.3,3,0.05,0.05,0.05,2,0.125,0.01375,1,0.005,hybrid,0.1,0.5,0.3,0.01,0.0020833333333333333,0.0048,8,0.75,0.2,8,16,0,2,false,0.585,0.75,1,worldModel,weighted,0,a2a0fec2,106,baseline,120,0.5092096547658245,0,0.2295,0,0.5565,0,0.6635,0,0.015341639431671779,0,0.9085770845413208,0,,,,,0.38333333333333336,0,0,0,48,0,211,0,1
600,245,0.28,0.3,3,0.05,0.05,0.05,2,0.125,0.0155,1,0.005,hybrid,0.1,0.5,0.3,0.01,0.0020833333333333333,0.0048,8,0.75,0.2,8,16,0,2,true,0.585,0.75,1,worldModel,weighted,0,a2a0fec2,107,treatment,120,0.4882064536400139,0,0.2045,0,0.5305,0,0.6515,0,0.01533850595149378,0,0.8898314237594604,0,0.585,0,0.72,0,0.28,0,0,0,49,0,215,0,1
600,245,0.28,0.3,3,0.05,0.05,0.05,2,0.125,0.0155,1,0.005,hybrid,0.1,0.5,0.3,0.01,0.0020833333333333333,0.0048,8,0.75,0.2,8,16,0,2,false,0.585,0.75,1,worldModel,weighted,0,a2a0fec2,107,baseline,120,0.5021804257978996,0,0.2305,0,0.5365,0,0.6565,0,0.01511609192451944,0,0.8481510281562805,0,,,,,0.355,0,0,0,52,0,208,0,1
600,245,0.28,0.3,3,0.05,0.05,0.05,2,0.125,0.01725,1,0.005,hybrid,0.1,0.5,0.3,0.01,0.0020833333333333333,0.0048,8,0.75,0.2,8,16,0,2,true,0.585,0.75,1,worldModel,weighted,0,a2a0fec2,108,treatment,120,0.4868748975669344,0,0.1865,0,0.5345,0,0.6455,0,0.01954589871251481,0,0.8955656290054321,0,0.585,0,0.695,0,0.305,0,0,0,44,0,211,0,1
600,245,0.28,0.3,3,0.05,0.05,0.05,2,0.125,0.01725,1,0.005,hybrid,0.1,0.5,0.3,0.01,0.0020833333333333333,0.0048,8,0.75,0.2,8,16,0,2,false,0.585,0.75,1,worldModel,weighted,0,a2a0fec2,108,baseline,120,0.5065864199648301,0,0.2425,0,0.5525,0,0.6595,0,0.017716143862304065,0,0.8917775750160217,0,,,,,0.35333333333333333,0,0,0,49,0,214,0,1
600,245,0.28,0.3,3,0.05,0.05,0.05,2,0.125,0.019,1,0.005,hybrid,0.1,0.5,0.3,0.01,0.0020833333333333333,0.0048,8,0.75,0.2,8,16,0,2,true,0.585,0.75,1,worldModel,weighted,0,a2a0fec2,109,treatment,120,0.4785727136209607,0,0.1995,0,0.5165,0,0.6415,0,0.01582628991690861,0,0.9571180939674377,0,0.585,0,0.77,0,0.23,0,0,0,44,0,209,0,1
600,245,0.28,0.3,3,0.05,0.05,0.05,2,0.125,0.019,1,0.005,hybrid,0.1,0.5,0.3,0.01,0.0020833333333333333,0.0048,8,0.75,0.2,8,16,0,2,false,0.585,0.75,1,worldModel,weighted,0,a2a0fec2,109,baseline,120,0.49696580100804566,0,0.2235,0,0.5345,0,0.6445,0,0.013497164418640498,0,0.9557555317878723,0,,,,,0.285,0,0,0,49,0,213,0,1
600,245,0.28,0.3,3,0.05,0.05,0.05,2,0.125,0.02075,1,0.005,hybrid,0.1,0.5,0.3,0.01,0.0020833333333333333,0.0048,8,0.75,0.2,8,16,0,2,true,0.585,0.75,1,worldModel,weighted,0,a2a0fec2,110,treatment,120,0.48980735705544554,0,0.2515,0,0.5235,0,0.6385,0,0.01457161765203695,0,0.9318174719810486,0,0.585,0,0.765,0,0.235,0,0,0,40,0,211,0,1
600,245,0.28,0.3,3,0.05,0.05,0.05,2,0.125,0.02075,1,0.005,hybrid,0.1,0.5,0.3,0.01,0.0020833333333333333,0.0048,8,0.75,0.2,8,16,0,2,false,0.585,0.75,1,worldModel,weighted,0,a2a0fec2,110,baseline,120,0.502639911075433,0,0.2465,0,0.5455,0,0.6475,0,0.01479589143304138,0,0.925473153591156,0,,,,,0.30666666666666664,0,0,0,43,0,211,0,1
600,245,0.28,0.3,3,0.05,0.05,0.05,2,0.125,0.0225,1,0.005,hybrid,0.1,0.5,0.3,0.01,0.0020833333333333333,0.0048,8,0.75,0.2,8,16,0,2,true,0.585,0.75,1,worldModel,weighted,0,a2a0fec2,111,treatment,120,0.45789589336762826,0,0.1675,0,0.5045,0,0.6295,0,0.017023266831812933,0,0.9040007591247559,0,0.585,0,0.8066666666666666,0,0.19333333333333333,0,0,0,52,0,210,0,1
600,245,0.28,0.3,3,0.05,0.05,0.05,2,0.125,0.0225,1,0.005,hybrid,0.1,0.5,0.3,0.01,0.0020833333333333333,0.0048,8,0.75,0.2,8,16,0,2,false,0.585,0.75,1,worldModel,weighted,0,a2a0fec2,111,baseline,120,0.4776085340542098,0,0.1955,0,0.5295,0,0.6445,0,0.017390673187678847,0,0.8826634287834167,0,,,,,0.26,0,0,0,57,0,213,0,1
600,245,0.28,0.3,3,0.05,0.05,0.05,2,0.125,0.02425,1,0.005,hybrid,0.1,0.5,0.3,0.01,0.0020833333333333333,0.0048,8,0.75,0.2,8,16,0,2,true,0.585,0.75,1,worldModel,weighted,0,a2a0fec2,112,treatment,120,0.4756901253014803,0,0.2415,0,0.5145,0,0.6325,0,0.012291445539359368,0,0.8852754831314087,0,0.585,0,0.7883333333333333,0,0.21166666666666667,0,0,0,48,0,209,0,1
600,245,0.28,0.3,3,0.05,0.05,0.05,2,0.125,0.02425,1,0.005,hybrid,0.1,0.5,0.3,0.01,0.0020833333333333333,0.0048,8,0.75,0.2,8,16,0,2,false,0.585,0.75,1,worldModel,weighted,0,a2a0fec2,112,baseline,120,0.49831970701615014,0,0.2655,0,0.5405,0,0.6395,0,0.014341704567165417,0,0.8828517198562622,0,,,,,0.3016666666666667,0,0,0,53,0,212,0,1
600,245,0.28,0.3,3,0.05,0.05,0.05,2,0.125,0.026,1,0.005,hybrid,0.1,0.5,0.3,0.01,0.0020833333333333333,0.0048,8,0.75,0.2,8,16,0,2,true,0.585,0.75,1,worldModel,weighted,0,a2a0fec2,113,treatment,120,0.4950493608477215,0,0.2575,0,0.5255,0,0.6365,0,0.013444237477438729,0,0.8818861842155457,0,0.585,0,0.7366666666666667,0,0.2633333333333333,0,0,0,30,0,218,0,1
600,245,0.28,0.3,3,0.05,0.05,0.05,2,0.125,0.026,1,0.005,hybrid,0.1,0.5,0.3,0.01,0.0020833333333333333,0.0048,8,0.75,0.2,8,16,0,2,false,0.585,0.75,1,worldModel,weighted,0,a2a0fec2,113,baseline,120,0.5040675576776266,0,0.2115,0,0.5405,0,0.6515,0,0.01358734244965069,0,0.9148482084274292,0,,,,,0.31833333333333336,0,0,0,42,0,209,0,1
600,245,0.28,0.3,3,0.05,0.05,0.05,2,0.125,0.02775,1,0.005,hybrid,0.1,0.5,0.3,0.01,0.0020833333333333333,0.0048,8,0.75,0.2,8,16,0,2,true,0.585,0.75,1,worldModel,weighted,0,a2a0fec2,114,treatment,120,0.4745585433331629,0,0.1855,0,0.5205,0,0.6325,0,0.01967213176479248,0,0.8989489674568176,0,0.585,0,0.705,0,0.295,0,0,0,63,0,209,0,1
600,245,0.28,0.3,3,0.05,0.05,0.05,2,0.125,0.02775,1,0.005,hybrid,0.1,0.5,0.3,0.01,0.0020833333333333333,0.0048,8,0.75,0.2,8,16,0,2,false,0.585,0.75,1,worldModel,weighted,0,a2a0fec2,114,baseline,120,0.49461651312187316,0,0.2195,0,0.5405,0,0.6475,0,0.01995134557009164,0,0.8861685395240784,0,,,,,0.33666666666666667,0,0,0,51,0,211,0,1
600,245,0.28,0.3,3,0.05,0.05,0.05,2,0.125,0.0295,1,0.005,hybrid,0.1,0.5,0.3,0.01,0.0020833333333333333,0.0048,8,0.75,0.2,8,16,0,2,true,0.585,0.75,1,worldModel,weighted,0,a2a0fec2,115,treatment,120,0.463757196739316,0,0.1955,0,0.5005,0,0.6195,0,0.016903081165330666,0,0.919079601764679,0,0.585,0,0.815,0,0.185,0,0,0,45,0,213,0,1
600,245,0.28,0.3,3,0.05,0.05,0.05,2,0.125,0.0295,1,0.005,hybrid,0.1,0.5,0.3,0.01,0.0020833333333333333,0.0048,8,0.75,0.2,8,16,0,2,false,0.585,0.75,1,worldModel,weighted,0,a2a0fec2,115,baseline,120,0.48739188149571416,0,0.2145,0,0.5265,0,0.6455,0,0.017133440539478403,0,0.919079601764679,0,,,,,0.275,0,0,0,47,0,206,0,1
600,245,0.28,0.3,3,0.05,0.05,0.05,2,0.125,0.03125,1,0.005,hybrid,0.1,0.5,0.3,0.01,0.0020833333333333333,0.0048,8,0.75,0.2,8,16,0,2,true,0.585,0.75,1,worldModel,weighted,0,a2a0fec2,116,treatment,120,0.45836796614030995,0,0.1905,0,0.5085,0,0.6055,0,0.019157503730462853,0,0.8783290386199951,0,0.585,0,0.85,0,0.15,0,0,0,48,0,217,0,1
600,245,0.28,0.3,3,0.05,0.05,0.05,2,0.125,0.03125,1,0.005,hybrid,0.1,0.5,0.3,0.01,0.0020833333333333333,0.0048,8,0.75,0.2,8,16,0,2,false,0.585,0.75,1,worldModel,weighted,0,a2a0fec2,116,baseline,120,0.4803682316529254,0,0.2325,0,0.5205,0,0.6365,0,0.01567662597543796,0,0.8783290386199951,0,,,,,0.23,0,0,0,43,0,210,0,1
600,245,0.28,0.3,3,0.05,0.05,0.05,2,0.125,0.033,1,0.005,hybrid,0.1,0.5,0.3,0.01,0.0020833333333333333,0.0048,8,0.75,0.2,8,16,0,2,true,0.585,0.75,1,worldModel,weighted,0,a2a0fec2,117,treatment,120,0.457344071076562,0,0.2135,0,0.4965,0,0.6075,0,0.012416274415673261,0,0.79582679271698,0,0.585,0,0.8533333333333334,0,0.14666666666666667,0,0,0,46,0,208,0,1
600,245,0.28,0.3,3,0.05,0.05,0.05,2,0.125,0.033,1,0.005,hybrid,0.1,0.5,0.3,0.01,0.0020833333333333333,0.0048,8,0.75,0.2,8,16,0,2,false,0.585,0.75,1,worldModel,weighted,0,a2a0fec2,117,baseline,120,0.4776597507608434,0,0.2465,0,0.5125,0,0.6225,0,0.015376730453392797,0,0.7974002957344055,0,,,,,0.22833333333333333,0,0,0,45,0,212,0,1
600,245,0.28,0.3,3,0.05,0.05,0.05,2,0.125,0.03475,1,0.005,hybrid,0.1,0.5,0.3,0.01,0.0020833333333333333,0.0048,8,0.75,0.2,8,16,0,2,true,0.585,0.75,1,worldModel,weighted,0,a2a0fec2,118,treatment,120,0.45122381891434393,0,0.1875,0,0.4995,0,0.6035,0,0.020806236984830737,0,0.8461393117904663,0,0.585,0,0.8616666666666667,0,0.13833333333333334,0,0,0,45,0,208,0,1
600,245,0.28,0.3,3,0.05,0.05,0.05,2,0.125,0.03475,1,0.005,hybrid,0.1,0.5,0.3,0.01,0.0020833333333333333,0.0048,8,0.75,0.2,8,16,0,2,false,0.585,0.75,1,worldModel,weighted,0,a2a0fec2,118,baseline,120,0.47548786072060467,0,0.2255,0,0.5215,0,0.6165,0,0.01426507463600287,0,0.8574485778808594,0,,,,,0.22166666666666668,0,0,0,39,0,208,0,1
600,245,0.28,0.3,3,0.05,0.05,0.05,2,0.125,0.0365,1,0.005,hybrid,0.1,0.5,0.3,0.01,0.0020833333333333333,0.0048,8,0.75,0.2,8,16,0,2,true,0.585,0.75,1,worldModel,weighted,0,a2a0fec2,119,treatment,120,0.4502276287972927,0,0.1945,0,0.4965,0,0.5935,0,0.01232481195423217,0,0.7629655003547668,0,0.585,0,0.8766666666666667,0,0.12333333333333334,0,0,0,50,0,214,0,1
600,245,0.28,0.3,3,0.05,0.05,0.05,2,0.125,0.0365,1,0.005,hybrid,0.1,0.5,0.3,0.01,0.0020833333333333333,0.0048,8,0.75,0.2,8,16,0,2,false,0.585,0.75,1,worldModel,weighted,0,a2a0fec2,119,baseline,120,0.46357387272641065,0,0.1905,0,0.5165,0,0.6155,0,0.012036508264501075,0,0.7822795510292053,0,,,,,0.19333333333333333,0,0,0,47,0,215,0,1
600,245,0.28,0.3,3,0.05,0.05,0.05,2,0.125,0.03825,1,0.005,hybrid,0.1,0.5,0.3,0.01,0.0020833333333333333,0.0048,8,0.75,0.2,8,16,0,2,true,0.585,0.75,1,worldModel,weighted,0,a2a0fec2,120,treatment,120,0.4517077096179128,0,0.1925,0,0.4935,0,0.5975,0,0.01625197322269976,0,0.9265763759613037,0,0.585,0,0.87,0,0.13,0,0,0,57,0,212,0,1
600,245,0.28,0.3,3,0.05,0.05,0.05,2,0.125,0.03825,1,0.005,hybrid,0.1,0.5,0.3,0.01,0.0020833333333333333,0.0048,8,0.75,0.2,8,16,0,2,false,0.585,0.75,1,worldModel,weighted,0,a2a0fec2,120,baseline,120,0.47332396247734626,0,0.2235,0,0.5165,0,0.6015,0,0.012824435405391292,0,0.8811436891555786,0,,,,,0.15,0,0,0,48,0,214,0,1
600,245,0.28,0.3,3,0.05,0.05,0.05,2,0.125,0.04,1,0.005,hybrid,0.1,0.5,0.3,0.01,0.0020833333333333333,0.0048,8,0.75,0.2,8,16,0,2,true,0.585,0.75,1,worldModel,weighted,0,a2a0fec2,121,treatment,120,0.4479364695462088,0,0.1635,0,0.4865,0,0.5905,0,0.01168068063941041,0,0.8258439898490906,0,0.585,0,0.89,0,0.11,0,0,0,53,0,211,0,1
600,245,0.28,0.3,3,0.05,0.05,0.05,2,0.125,0.04,1,0.005,hybrid,0.1,0.5,0.3,0.01,0.0020833333333333333,0.0048,8,0.75,0.2,8,16,0,2,false,0.585,0.75,1,worldModel,weighted,0,a2a0fec2,121,baseline,120,0.47131128501767916,0,0.2035,0,0.5185,0,0.6075,0,0.013999883575589945,0,0.873694121837616,0,,,,,0.19,0,0,0,56,0,212,0,1
600,245,0.28,0.3,3,0.05,0.05,0.05,2,0.125,0.04175,1,0.005,hybrid,0.1,0.5,0.3,0.01,0.0020833333333333333,0.0048,8,0.75,0.2,8,16,0,2,true,0.585,0.75,1,worldModel,weighted,0,a2a0fec2,122,treatment,120,0.44546293356766303,0,0.2185,0,0.4865,0,0.5815,0,0.010549606271079077,0,0.8318139910697937,0,0.585,0,0.91,0,0.09,0,0,0,55,0,209,0,1
600,245,0.28,0.3,3,0.05,0.05,0.05,2,0.125,0.04175,1,0.005,hybrid,0.1,0.5,0.3,0.01,0.0020833333333333333,0.0048,8,0.75,0.2,8,16,0,2,false,0.585,0.75,1,worldModel,weighted,0,a2a0fec2,122,baseline,120,0.46037157990038396,0,0.2395,0,0.4995,0,0.5935,0,0.010783736146974386,0,0.81793212890625,0,,,,,0.12666666666666668,0,0,0,58,0,206,0,1
600,245,0.28,0.3,3,0.05,0.05,0.05,2,0.125,0.0435,1,0.005,hybrid,0.1,0.5,0.3,0.01,0.0020833333333333333,0.0048,8,0.75,0.2,8,16,0,2,true,0.585,0.75,1,worldModel,weighted,0,a2a0fec2,123,treatment,120,0.4350932413525879,0,0.1885,0,0.4705,0,0.5765,0,0.014403757773594704,0,0.8533880710601807,0,0.585,0,0.9116666666666666,0,0.08833333333333333,0,0,0,49,0,214,0,1
600,245,0.28,0.3,3,0.05,0.05,0.05,2,0.125,0.0435,1,0.005,hybrid,0.1,0.5,0.3,0.01,0.0020833333333333333,0.0048,8,0.75,0.2,8,16,0,2,false,0.585,0.75,1,worldModel,weighted,0,a2a0fec2,123,baseline,120,0.4577851403132081,0,0.2275,0,0.4915,0,0.6035,0,0.013349580270758285,0,0.8533880710601807,0,,,,,0.135,0,0,0,46,0,207,0,1
600,245,0.28,0.3,3,0.05,0.05,0.05,2,0.125,0.04525,1,0.005,hybrid,0.1,0.5,0.3,0.01,0.0020833333333333333,0.0048,8,0.75,0.2,8,16,0,2,true,0.585,0.75,1,worldModel,weighted,0,a2a0fec2,124,treatment,120,0.43308315207560855,0,0.1815,0,0.4775,0,0.5715,0,0.0132109706998067,0,0.7763608694076538,0,0.585,0,0.9216666666666666,0,0.07833333333333334,0,0,0,48,0,205,0,1
600,245,0.28,0.3,3,0.05,0.05,0.05,2,0.125,0.04525,1,0.005,hybrid,0.1,0.5,0.3,0.01,0.0020833333333333333,0.0048,8,0.75,0.2,8,16,0,2,false,0.585,0.75,1,worldModel,weighted,0,a2a0fec2,124,baseline,120,0.4530091088699798,0,0.1855,0,0.5005,0,0.6015,0,0.015266280387657198,0,0.7768657207489014,0,,,,,0.14833333333333334,0,0,0,51,0,205,0,1
600,245,0.28,0.3,3,0.05,0.05,0.05,2,0.125,0.047,1,0.005,hybrid,0.1,0.5,0.3,0.01,0.0020833333333333333,0.0048,8,0.75,0.2,8,16,0,2,true,0.585,0.75,1,worldModel,weighted,0,a2a0fec2,125,treatment,120,0.44361018263424434,0,0.1795,0,0.4855,0,0.5725,0,0.012152556544593457,0,0.824728786945343,0,0.585,0,0.9233333333333333,0,0.07666666666666666,0,0,0,52,0,210,0,1
600,245,0.28,0.3,3,0.05,0.05,0.05,2,0.125,0.047,1,0.005,hybrid,0.1,0.5,0.3,0.01,0.0020833333333333333,0.0048,8,0.75,0.2,8,16,0,2,false,0.585,0.75,1,worldModel,weighted,0,a2a0fec2,125,baseline,120,0.4735723711612324,0,0.2065,0,0.5165,0,0.6145,0,0.015939520398661193,0,0.8998205065727234,0,,,,,0.155,0,0,0,55,0,210,0,1
600,245,0.28,0.3,3,0.05,0.05,0.05,2,0.134,0.012,1,0.005,hybrid,0.1,0.5,0.3,0.01,0.0020833333333333333,0.0048,8,0.75,0.2,8,16,0,2,true,0.585,0.75,1,worldModel,weighted,0,a2a0fec2,126,treatment,120,0.4991542442825933,0,0.1755,0,0.5495,0,0.6775,0,0.017287060367661655,0,0.8759209513664246,0,0.585,0,0.6583333333333333,0,0.3416666666666667,0,0,0,59,0,207,0,1
600,245,0.28,0.3,3,0.05,0.05,0.05,2,0.134,0.012,1,0.005,hybrid,0.1,0.5,0.3,0.01,0.0020833333333333333,0.0048,8,0.75,0.2,8,16,0,2,false,0.585,0.75,1,worldModel,weighted,0,a2a0fec2,126,baseline,120,0.5215296072512865,0,0.2065,0,0.5755,0,0.6815,0,0.021809191858305384,0,0.8838626146316528,0,,,,,0.4683333333333333,0,0,0,45,0,210,0,1
600,245,0.28,0.3,3,0.05,0.05,0.05,2,0.134,0.01375,1,0.005,hybrid,0.1,0.5,0.3,0.01,0.0020833333333333333,0.0048,8,0.75,0.2,8,16,0,2,true,0.585,0.75,1,worldModel,weighted,0,a2a0fec2,127,treatment,120,0.48841003521035115,0,0.1935,0,0.5345,0,0.6625,0,0.018942300027355644,0,0.916251003742218,0,0.585,0,0.675,0,0.325,0,0,0,43,0,209,0,1
600,245,0.28,0.3,3,0.05,0.05,0.05,2,0.134,0.01375,1,0.005,hybrid,0.1,0.5,0.3,0.01,0.0020833333333333333,0.0048,8,0.75,0.2,8,16,0,2,false,0.585,0.75,1,worldModel,weighted,0,a2a0fec2,127,baseline,120,0.507667586170137,0,0.2365,0,0.5545,0,0.6595,0,0.014983605365599121,0,0.9300900101661682,0,,,,,0.37166666666666665,0,0,0,47,0,206,0,1
600,245,0.28,0.3,3,0.05,0.05,0.05,2,0.134,0.0155,1,0.005,hybrid,0.1,0.5,0.3,0.01,0.0020833333333333333,0.0048,8,0.75,0.2,8,16,0,2,true,0.585,0.75,1,worldModel,weighted,0,a2a0fec2,128,treatment,120,0.4860663194333514,0,0.1855,0,0.5295,0,0.6435,0,0.015891618853838187,0,0.958051860332489,0,0.585,0,0.7316666666666667,0,0.2683333333333333,0,0,0,58,0,209,0,1
600,245,0.28,0.3,3,0.05,0.05,0.05,2,0.134,0.0155,1,0.005,hybrid,0.1,0.5,0.3,0.01,0.0020833333333333333,0.0048,8,0.75,0.2,8,16,0,2,false,0.585,0.75,1,worldModel,weighted,0,a2a0fec2,128,baseline,120,0.5101919817986588,0,0.2295,0,0.5555,0,0.6705,0,0.014148560709906617,0,0.924621045589447,0,,,,,0.3883333333333333,0,0,0,51,0,208,0,1
600,245,0.28,0.3,3,0.05,0.05,0.05,2,0.134,0.01725,1,0.005,hybrid,0.1,0.5,0.3,0.01,0.0020833333333333333,0.0048,8,0.75,0.2,8,16,0,2,true,0.585,0.75,1,worldModel,weighted,0,a2a0fec2,129,treatment,120,0.4765981643212338,0,0.1625,0,0.5245,0,0.6565,0,0.01496557714096495,0,0.8860288858413696,0,0.585,0,0.6883333333333334,0,0.31166666666666665,0,0,0,48,0,210,0,1
600,245,0.28,0.3,3,0.05,0.05,0.05,2,0.134,0.01725,1,0.005,hybrid,0.1,0.5,0.3,0.01,0.0020833333333333333,0.0048,8,0.75,0.2,8,16,0,2,false,0.585,0.75,1,worldModel,weighted,0,a2a0fec2,129,baseline,120,0.5082502375418941,0,0.2275,0,0.5595,0,0.6655,0,0.016647365291066488,0,0.8873243927955627,0,,,,,0.40166666666666667,0,0,0,43,0,212,0,1
600,245,0.28,0.3,3,0.05,0.05,0.05,2,0.134,0.019,1,0.005,hybrid,0.1,0.5,0.3,0.01,0.0020833333333333333,0.0048,8,0.75,0.2,8,16,0,2,true,0.585,0.75,1,worldModel,weighted,0,a2a0fec2,130,treatment,120,0.48743321917951105,0,0.1875,0,0.5295,0,0.6585,0,0.01660031675708016,0,0.8378825187683105,0,0.585,0,0.7083333333333334,0,0.2916666666666667,0,0,0,46,0,213,0,1
600,245,0.28,0.3,3,0.05,0.05,0.05,2,0.134,0.019,1,0.005,hybrid,0.1,0.5,0.3,0.01,0.0020833333333333333,0.0048,8,0.75,0.2,8,16,0,2,false,0.585,0.75,1,worldModel,weighted,0,a2a0fec2,130,baseline,120,0.5075444604145983,0,0.2215,0,0.5465,0,0.6615,0,0.015057079880568343,0,0.8686634302139282,0,,,,,0.3566666666666667,0,0,0,44,0,214,0,1
600,245,0.28,0.3,3,0.05,0.05,0.05,2,0.134,0.02075,1,0.005,hybrid,0.1,0.5,0.3,0.01,0.0020833333333333333,0.0048,8,0.75,0.2,8,16,0,2,true,0.585,0.75,1,worldModel,weighted,0,a2a0fec2,131,treatment,120,0.48619969870895147,0,0.2085,0,0.5265,0,0.6415,0,0.02100423221445546,0,0.9848452806472778,0,0.585,0,0.7333333333333333,0,0.26666666666666666,0,0,0,50,0,205,0,1
600,245,0.28,0.3,3,0.05,0.05,0.05,2,0.134,0.02075,1,0.005,hybrid,0.1,0.5,0.3,0.01,0.0020833333333333333,0.0048,8,0.75,0.2,8,16,0,2,false,0.585,0.75,1,worldModel,weighted,0,a2a0fec2,131,baseline,120,0.5131920716787378,0,0.2255,0,0.5535,0,0.6655,0,0.021160434192605798,0,0.9848452806472778,0,,,,,0.36833333333333335,0,0,0,41,0,209,0,1
600,245,0.28,0.3,3,0.05,0.05,0.05,2,0.134,0.0225,1,0.005,hybrid,0.1,0.5,0.3,0.01,0.0020833333333333333,0.0048,8,0.75,0.2,8,16,0,2,true,0.585,0.75,1,worldModel,weighted,0,a2a0fec2,132,treatment,120,0.484443562173595,0,0.1875,0,0.5275,0,0.6385,0,0.012651282884044528,0,0.8306857347488403,0,0.585,0,0.7516666666666667,0,0.24833333333333332,0,0,0,50,0,212,0,1
600,245,0.28,0.3,3,0.05,0.05,0.05,2,0.134,0.0225,1,0.005,hybrid,0.1,0.5,0.3,0.01,0.0020833333333333333,0.0048,8,0.75,0.2,8,16,0,2,false,0.585,0.75,1,worldModel,weighted,0,a2a0fec2,132,baseline,120,0.5075751811886827,0,0.2345,0,0.5515,0,0.6565,0,0.01308665386860103,0,0.8359014391899109,0,,,,,0.36833333333333335,0,0,0,50,0,216,0,1
600,245,0.28,0.3,3,0.05,0.05,0.05,2,0.134,0.02425,1,0.005,hybrid,0.1,0.5,0.3,0.01,0.0020833333333333333,0.0048,8,0.75,0.2,8,16,0,2,true,0.585,0.75,1,worldModel,weighted,0,a2a0fec2,133,treatment,120,0.4820711639771859,0,0.1915,0,0.5365,0,0.6295,0,0.01593502033018322,0,0.9156149625778198,0,0.585,0,0.7383333333333333,0,0.26166666666666666,0,0,0,53,0,211,0,1
600,245,0.28,0.3,3,0.05,0.05,0.05,2,0.134,0.02425,1,0.005,hybrid,0.1,0.5,0.3,0.01,0.0020833333333333333,0.0048,8,0.75,0.2,8,16,0,2,false,0.585,0.75,1,worldModel,weighted,0,a2a0fec2,133,baseline,120,0.5061835732559363,0,0.2455,0,0.5545,0,0.6415,0,0.011152003482275682,0,0.84194016456604,0,,,,,0.3433333333333333,0,0,0,40,0,215,0,1
600,245,0.28,0.3,3,0.05,0.05,0.05,2,0.134,0.026,1,0.005,hybrid,0.1,0.5,0.3,0.01,0.0020833333333333333,0.0048,8,0.75,0.2,8,16,0,2,true,0.585,0.75,1,worldModel,weighted,0,a2a0fec2,134,treatment,120,0.4762837402584652,0,0.2175,0,0.5145,0,0.6305,0,0.014859325851098204,0,0.809705913066864,0,0.585,0,0.7666666666666667,0,0.23333333333333334,0,0,0,41,0,216,0,1
600,245,0.28,0.3,3,0.05,0.05,0.05,2,0.134,0.026,1,0.005,hybrid,0.1,0.5,0.3,0.01,0.0020833333333333333,0.0048,8,0.75,0.2,8,16,0,2,false,0.585,0.75,1,worldModel,weighted,0,a2a0fec2,134,baseline,120,0.49408553399766486,0,0.2295,0,0.5365,0,0.6425,0,0.01412665812150697,0,0.7894306778907776,0,,,,,0.32666666666666666,0,0,0,41,0,219,0,1
600,245,0.28,0.3,3,0.05,0.05,0.05,2,0.134,0.02775,1,0.005,hybrid,0.1,0.5,0.3,0.01,0.0020833333333333333,0.0048,8,0.75,0.2,8,16,0,2,true,0.585,0.75,1,worldModel,weighted,0,a2a0fec2,135,treatment,120,0.4665737660291294,0,0.1715,0,0.5065,0,0.6505,0,0.016702412872748817,0,0.8471478223800659,0,0.585,0,0.7383333333333333,0,0.26166666666666666,0,0,0,46,0,210,0,1
600,245,0.28,0.3,3,0.05,0.05,0.05,2,0.134,0.02775,1,0.005,hybrid,0.1,0.5,0.3,0.01,0.0020833333333333333,0.0048,8,0.75,0.2,8,16,0,2,false,0.585,0.75,1,worldModel,weighted,0,a2a0fec2,135,baseline,120,0.4799930124543607,0,0.1925,0,0.5215,0,0.6515,0,0.01805304564976927,0,0.9648791551589966,0,,,,,0.275,0,0,0,54,0,209,0,1
600,245,0.28,0.3,3,0.05,0.05,0.05,2,0.134,0.0295,1,0.005,hybrid,0.1,0.5,0.3,0.01,0.0020833333333333333,0.0048,8,0.75,0.2,8,16,0,2,true,0.585,0.75,1,worldModel,weighted,0,a2a0fec2,136,treatment,120,0.4581432215496898,0,0.1715,0,0.5085,0,0.5925,0,0.014232193312108017,0,0.7794431447982788,0,0.585,0,0.8883333333333333,0,0.11166666666666666,0,0,0,39,0,212,0,1
600,245,0.28,0.3,3,0.05,0.05,0.05,2,0.134,0.0295,1,0.005,hybrid,0.1,0.5,0.3,0.01,0.0020833333333333333,0.0048,8,0.75,0.2,8,16,0,2,false,0.585,0.75,1,worldModel,weighted,0,a2a0fec2,136,baseline,120,0.4840115812048316,0,0.2295,0,0.5225,0,0.6185,0,0.012669529736081502,0,0.8323270082473755,0,,,,,0.22333333333333333,0,0,0,42,0,209,0,1
600,245,0.28,0.3,3,0.05,0.05,0.05,2,0.134,0.03125,1,0.005,hybrid,0.1,0.5,0.3,0.01,0.0020833333333333333,0.0048,8,0.75,0.2,8,16,0,2,true,0.585,0.75,1,worldModel,weighted,0,a2a0fec2,137,treatment,120,0.445235260228316,0,0.1765,0,0.4975,0,0.5865,0,0.015797953066064224,0,0.9048312902450562,0,0.585,0,0.8966666666666666,0,0.10333333333333333,0,0,0,59,0,207,0,1
600,245,0.28,0.3,3,0.05,0.05,0.05,2,0.134,0.03125,1,0.005,hybrid,0.1,0.5,0.3,0.01,0.0020833333333333333,0.0048,8,0.75,0.2,8,16,0,2,false,0.585,0.75,1,worldModel,weighted,0,a2a0fec2,137,baseline,120,0.467247702293098,0,0.1955,0,0.5225,0,0.6055,0,0.016237305987599017,0,0.9048312902450562,0,,,,,0.16,0,0,0,49,0,208,0,1
600,245,0.28,0.3,3,0.05,0.05,0.05,2,0.134,0.033,1,0.005,hybrid,0.1,0.5,0.3,0.01,0.0020833333333333333,0.0048,8,0.75,0.2,8,16,0,2,true,0.585,0.75,1,worldModel,weighted,0,a2a0fec2,138,treatment,120,0.4491431443206966,0,0.1725,0,0.4965,0,0.6075,0,0.016644046828225515,0,0.7911636233329773,0,0.585,0,0.8583333333333333,0,0.14166666666666666,0,0,0,45,0,211,0,1
600,245,0.28,0.3,3,0.05,0.05,0.05,2,0.134,0.033,1,0.005,hybrid,0.1,0.5,0.3,0.01,0.0020833333333333333,0.0048,8,0.75,0.2,8,16,0,2,false,0.585,0.75,1,worldModel,weighted,0,a2a0fec2,138,baseline,120,0.4695666092882554,0,0.2155,0,0.5125,0,0.6195,0,0.010388683032067284,0,0.7972966432571411,0,,,,,0.19666666666666666,0,0,0,50,0,207,0,1
600,245,0.28,0.3,3,0.05,0.05,0.05,2,0.134,0.03475,1,0.005,hybrid,0.1,0.5,0.3,0.01,0.0020833333333333333,0.0048,8,0.75,0.2,8,16,0,2,true,0.585,0.75,1,worldModel,weighted,0,a2a0fec2,139,treatment,120,0.4596812705571453,0,0.1705,0,0.5075,0,0.6235,0,0.017119135919366955,0,0.7940598726272583,0,0.585,0,0.8183333333333334,0,0.18166666666666667,0,0,0,53,0,212,0,1
600,245,0.28,0.3,3,0.05,0.05,0.05,2,0.134,0.03475,1,0.005,hybrid,0.1,0.5,0.3,0.01,0.0020833333333333333,0.0048,8,0.75,0.2,8,16,0,2,false,0.585,0.75,1,worldModel,weighted,0,a2a0fec2,139,baseline,120,0.48241012305021286,0,0.1895,0,0.5275,0,0.6345,0,0.012673894503366956,0,0.804556131362915,0,,,,,0.25833333333333336,0,0,0,52,0,212,0,1
600,245,0.28,0.3,3,0.05,0.05,0.05,2,0.134,0.0365,1,0.005,hybrid,0.1,0.5,0.3,0.01,0.0020833333333333333,0.0048,8,0.75,0.2,8,16,0,2,true,0.585,0.75,1,worldModel,weighted,0,a2a0fec2,140,treatment,120,0.44721225222572686,0,0.1625,0,0.4955,0,0.5875,0,0.014084444199972025,0,0.8506704568862915,0,0.585,0,0.8933333333333333,0,0.10666666666666667,0,0,0,50,0,214,0,1
600,245,0.28,0.3,3,0.05,0.05,0.05,2,0.134,0.0365,1,0.005,hybrid,0.1,0.5,0.3,0.01,0.0020833333333333333,0.0048,8,0.75,0.2,8,16,0,2,false,0.585,0.75,1,worldModel,weighted,0,a2a0fec2,140,baseline,120,0.477271465609471,0,0.2425,0,0.5175,0,0.6025,0,0.011142911848531521,0,0.8546954393386841,0,,,,,0.18,0,0,0,45,0,208,0,1
600,245,0.28,0.3,3,0.05,0.05,0.05,2,0.134,0.03825,1,0.005,hybrid,0.1,0.5,0.3,0.01,0.0020833333333333333,0.0048,8,0.75,0.2,8,16,0,2,true,0.585,0.75,1,worldModel,weighted,0,a2a0fec2,141,treatment,120,0.4403491626183192,0,0.1695,0,0.4785,0,0.5985,0,0.01625664452540633,0,0.8447398543357849,0,0.585,0,0.875,0,0.125,0,0,0,50,0,213,0,1
600,245,0.28,0.3,3,0.05,0.05,0.05,2,0.134,0.03825,1,0.005,hybrid,0.1,0.5,0.3,0.01,0.0020833333333333333,0.0048,8,0.75,0.2,8,16,0,2,false,0.585,0.75,1,worldModel,weighted,0,a2a0fec2,141,baseline,120,0.4567636124355098,0,0.1775,0,0.4975,0,0.6115,0,0.015376345448849247,0,0.8278579711914062,0,,,,,0.16333333333333333,0,0,0,54,0,210,0,1
600,245,0.28,0.3,3,0.05,0.05,0.05,2,0.134,0.04,1,0.005,hybrid,0.1,0.5,0.3,0.01,0.0020833333333333333,0.0048,8,0.75,0.2,8,16,0,2,true,0.585,0.75,1,worldModel,weighted,0,a2a0fec2,142,treatment,120,0.4440700660770138,0,0.1945,0,0.4795,0,0.6015,0,0.012914280025251324,0,0.7775609493255615,0,0.585,0,0.8566666666666667,0,0.14333333333333334,0,0,0,47,0,209,0,1
600,245,0.28,0.3,3,0.05,0.05,0.05,2,0.134,0.04,1,0.005,hybrid,0.1,0.5,0.3,0.01,0.0020833333333333333,0.0048,8,0.75,0.2,8,16,0,2,false,0.585,0.75,1,worldModel,weighted,0,a2a0fec2,142,baseline,120,0.4689778983655075,0,0.2275,0,0.5125,0,0.6055,0,0.011643324758439611,0,0.7533978223800659,0,,,,,0.175,0,0,0,47,0,212,0,1
600,245,0.28,0.3,3,0.05,0.05,0.05,2,0.134,0.04175,1,0.005,hybrid,0.1,0.5,0.3,0.01,0.0020833333333333333,0.0048,8,0.75,0.2,8,16,0,2,true,0.585,0.75,1,worldModel,weighted,0,a2a0fec2,143,treatment,120,0.4573977223038673,0,0.2295,0,0.4925,0,0.5985,0,0.014311094713375005,0,0.7693330645561218,0,0.585,0,0.8683333333333333,0,0.13166666666666665,0,0,0,42,0,212,0,1
600,245,0.28,0.3,3,0.05,0.05,0.05,2,0.134,0.04175,1,0.005,hybrid,0.1,0.5,0.3,0.01,0.0020833333333333333,0.0048,8,0.75,0.2,8,16,0,2,false,0.585,0.75,1,worldModel,weighted,0,a2a0fec2,143,baseline,120,0.4754195618567367,0,0.2635,0,0.5135,0,0.6045,0,0.015100871677518224,0,0.8139672875404358,0,,,,,0.16,0,0,0,49,0,213,0,1
600,245,0.28,0.3,3,0.05,0.05,0.05,2,0.134,0.0435,1,0.005,hybrid,0.1,0.5,0.3,0.01,0.0020833333333333333,0.0048,8,0.75,0.2,8,16,0,2,true,0.585,0.75,1,worldModel,weighted,0,a2a0fec2,144,treatment,120,0.4562095158485075,0,0.1865,0,0.5065,0,0.5905,0,0.014285489678972826,0,0.848100483417511,0,0.585,0,0.8866666666666667,0,0.11333333333333333,0,0,0,51,0,211,0,1
600,245,0.28,0.3,3,0.05,0.05,0.05,2,0.134,0.0435,1,0.005,hybrid,0.1,0.5,0.3,0.01,0.0020833333333333333,0.0048,8,0.75,0.2,8,16,0,2,false,0.585,0.75,1,worldModel,weighted,0,a2a0fec2,144,baseline,120,0.47590724371994536,0,0.2305,0,0.5225,0,0.6125,0,0.011072152518852027,0,0.8325562477111816,0,,,,,0.19166666666666668,0,0,0,49,0,215,0,1
600,245,0.28,0.3,3,0.05,0.05,0.05,2,0.134,0.04525,1,0.005,hybrid,0.1,0.5,0.3,0.01,0.0020833333333333333,0.0048,8,0.75,0.2,8,16,0,2,true,0.585,0.75,1,worldModel,weighted,0,a2a0fec2,145,treatment,120,0.42812304575617116,0,0.1565,0,0.4655,0,0.5905,0,0.01927128794200259,0,0.9237262010574341,0,0.585,0,0.8883333333333333,0,0.11166666666666666,0,0,0,51,0,209,0,1
600,245,0.28,0.3,3,0.05,0.05,0.05,2,0.134,0.04525,1,0.005,hybrid,0.1,0.5,0.3,0.01,0.0020833333333333333,0.0048,8,0.75,0.2,8,16,0,2,false,0.585,0.75,1,worldModel,weighted,0,a2a0fec2,145,baseline,120,0.46234081823378803,0,0.2095,0,0.4975,0,0.6145,0,0.017211465962160683,0,0.903393566608429,0,,,,,0.17666666666666667,0,0,0,51,0,208,0,1
600,245,0.28,0.3,3,0.05,0.05,0.05,2,0.134,0.047,1,0.005,hybrid,0.1,0.5,0.3,0.01,0.0020833333333333333,0.0048,8,0.75,0.2,8,16,0,2,true,0.585,0.75,1,worldModel,weighted,0,a2a0fec2,146,treatment,120,0.43560962862645586,0,0.1925,0,0.4655,0,0.5845,0,0.01694896074560974,0,0.8083823323249817,0,0.585,0,0.9,0,0.1,0,0,0,44,0,206,0,1
600,245,0.28,0.3,3,0.05,0.05,0.05,2,0.134,0.047,1,0.005,hybrid,0.1,0.5,0.3,0.01,0.0020833333333333333,0.0048,8,0.75,0.2,8,16,0,2,false,0.585,0.75,1,worldModel,weighted,0,a2a0fec2,146,baseline,120,0.46603491393849256,0,0.2465,0,0.5035,0,0.5965,0,0.014290709626123955,0,0.8875820636749268,0,,,,,0.14666666666666667,0,0,0,44,0,211,0,1
600,245,0.28,0.3,3,0.05,0.05,0.05,2,0.143,0.012,1,0.005,hybrid,0.1,0.5,0.3,0.01,0.0020833333333333333,0.0048,8,0.75,0.2,8,16,0,2,true,0.585,0.75,1,worldModel,weighted,0,a2a0fec2,147,treatment,120,0.49531833187366525,0,0.1755,0,0.5435,0,0.6695,0,0.01917484198055461,0,0.9583669304847717,0,0.585,0,0.64,0,0.36,0,0,0,51,0,207,0,1
600,245,0.28,0.3,3,0.05,0.05,0.05,2,0.143,0.012,1,0.005,hybrid,0.1,0.5,0.3,0.01,0.0020833333333333333,0.0048,8,0.75,0.2,8,16,0,2,false,0.585,0.75,1,worldModel,weighted,0,a2a0fec2,147,baseline,120,0.5171522596540551,0,0.2425,0,0.5605,0,0.6825,0,0.019655427174418417,0,0.9583669304847717,0,,,,,0.4066666666666667,0,0,0,39,0,217,0,1
600,245,0.28,0.3,3,0.05,0.05,0.05,2,0.143,0.01375,1,0.005,hybrid,0.1,0.5,0.3,0.01,0.0020833333333333333,0.0048,8,0.75,0.2,8,16,0,2,true,0.585,0.75,1,worldModel,weighted,0,a2a0fec2,148,treatment,120,0.49539040549968677,0,0.2015,0,0.5405,0,0.6575,0,0.013698694360691604,0,0.918670654296875,0,0.585,0,0.6633333333333333,0,0.33666666666666667,0,0,0,42,0,215,0,1
600,245,0.28,0.3,3,0.05,0.05,0.05,2,0.143,0.01375,1,0.005,hybrid,0.1,0.5,0.3,0.01,0.0020833333333333333,0.0048,8,0.75,0.2,8,16,0,2,false,0.585,0.75,1,worldModel,weighted,0,a2a0fec2,148,baseline,120,0.5212768331604699,0,0.2775,0,0.5585,0,0.6645,0,0.012624045773775855,0,0.9242380857467651,0,,,,,0.4166666666666667,0,0,0,47,0,213,0,1
600,245,0.28,0.3,3,0.05,0.05,0.05,2,0.143,0.0155,1,0.005,hybrid,0.1,0.5,0.3,0.01,0.0020833333333333333,0.0048,8,0.75,0.2,8,16,0,2,true,0.585,0.75,1,worldModel,weighted,0,a2a0fec2,149,treatment,120,0.515850003361702,0,0.2295,0,0.5615,0,0.6795,0,0.013353928158256591,0,0.9529839754104614,0,0.585,0,0.6083333333333333,0,0.39166666666666666,0,0,0,44,0,213,0,1
600,245,0.28,0.3,3,0.05,0.05,0.05,2,0.143,0.0155,1,0.005,hybrid,0.1,0.5,0.3,0.01,0.0020833333333333333,0.0048,8,0.75,0.2,8,16,0,2,false,0.585,0.75,1,worldModel,weighted,0,a2a0fec2,149,baseline,120,0.5396933569510778,0,0.2935,0,0.5815,0,0.6985,0,0.013789083984264233,0,0.953132152557373,0,,,,,0.49,0,0,0,42,0,215,0,1
600,245,0.28,0.3,3,0.05,0.05,0.05,2,0.143,0.01725,1,0.005,hybrid,0.1,0.5,0.3,0.01,0.0020833333333333333,0.0048,8,0.75,0.2,8,16,0,2,true,0.585,0.75,1,worldModel,weighted,0,a2a0fec2,150,treatment,120,0.4896869924850762,0,0.2115,0,0.5345,0,0.6595,0,0.016078741397763004,0,0.9271078109741211,0,0.585,0,0.7166666666666667,0,0.2833333333333333,0,0,0,53,0,208,0,1
600,245,0.28,0.3,3,0.05,0.05,0.05,2,0.143,0.01725,1,0.005,hybrid,0.1,0.5,0.3,0.01,0.0020833333333333333,0.0048,8,0.75,0.2,8,16,0,2,false,0.585,0.75,1,worldModel,weighted,0,a2a0fec2,150,baseline,120,0.508066846591731,0,0.2615,0,0.5485,0,0.6615,0,0.01757073471878338,0,0.9328897595405579,0,,,,,0.36333333333333334,0,0,0,40,0,209,0,1
600,245,0.28,0.3,3,0.05,0.05,0.05,2,0.143,0.019,1,0.005,hybrid,0.1,0.5,0.3,0.01,0.0020833333333333333,0.0048,8,0.75,0.2,8,16,0,2,true,0.585,0.75,1,worldModel,weighted,0,a2a0fec2,151,treatment,120,0.4758535033091903,0,0.2015,0,0.5255,0,0.6295,0,0.01636527255911888,0,0.827391505241394,0,0.585,0,0.7483333333333333,0,0.25166666666666665,0,0,0,58,0,208,0,1
600,245,0.28,0.3,3,0.05,0.05,0.05,2,0.143,0.019,1,0.005,hybrid,0.1,0.5,0.3,0.01,0.0020833333333333333,0.0048,8,0.75,0.2,8,16,0,2,false,0.585,0.75,1,worldModel,weighted,0,a2a0fec2,151,baseline,120,0.49528774331013364,0,0.2245,0,0.5425,0,0.6425,0,0.01649929331166587,0,0.829631507396698,0,,,,,0.34,0,0,0,57,0,205,0,1
600,245,0.28,0.3,3,0.05,0.05,0.05,2,0.143,0.02075,1,0.005,hybrid,0.1,0.5,0.3,0.01,0.0020833333333333333,0.0048,8,0.75,0.2,8,16,0,2,true,0.585,0.75,1,worldModel,weighted,0,a2a0fec2,152,treatment,120,0.48310813049475354,0,0.1995,0,0.5265,0,0.6385,0,0.01896212854662689,0,0.8792636394500732,0,0.585,0,0.75,0,0.25,0,0,0,50,0,209,0,1
600,245,0.28,0.3,3,0.05,0.05,0.05,2,0.143,0.02075,1,0.005,hybrid,0.1,0.5,0.3,0.01,0.0020833333333333333,0.0048,8,0.75,0.2,8,16,0,2,false,0.585,0.75,1,worldModel,weighted,0,a2a0fec2,152,baseline,120,0.5093593723575274,0,0.2775,0,0.5485,0,0.6505,0,0.01235216187380824,0,0.8758056163787842,0,,,,,0.30833333333333335,0,0,0,42,0,208,0,1
600,245,0.28,0.3,3,0.05,0.05,0.05,2,0.143,0.0225,1,0.005,hybrid,0.1,0.5,0.3,0.01,0.0020833333333333333,0.0048,8,0.75,0.2,8,16,0,2,true,0.585,0.75,1,worldModel,weighted,0,a2a0fec2,153,treatment,120,0.48700080745543045,0,0.1955,0,0.5305,0,0.6435,0,0.017874569283531386,0,0.9913979768753052,0,0.585,0,0.725,0,0.275,0,0,0,51,0,213,0,1
600,245,0.28,0.3,3,0.05,0.05,0.05,2,0.143,0.0225,1,0.005,hybrid,0.1,0.5,0.3,0.01,0.0020833333333333333,0.0048,8,0.75,0.2,8,16,0,2,false,0.585,0.75,1,worldModel,weighted,0,a2a0fec2,153,baseline,120,0.5063548115206261,0,0.2435,0,0.5475,0,0.6495,0,0.018079709390544377,0,0.9914817810058594,0,,,,,0.37333333333333335,0,0,0,48,0,213,0,1
600,245,0.28,0.3,3,0.05,0.05,0.05,2,0.143,0.02425,1,0.005,hybrid,0.1,0.5,0.3,0.01,0.0020833333333333333,0.0048,8,0.75,0.2,8,16,0,2,true,0.585,0.75,1,worldModel,weighted,0,a2a0fec2,154,treatment,120,0.48493443423261245,0,0.2185,0,0.5285,0,0.6275,0,0.01423308728759113,0,0.8613306283950806,0,0.585,0,0.7866666666666666,0,0.21333333333333335,0,0,0,43,0,213,0,1
600,245,0.28,0.3,3,0.05,0.05,0.05,2,0.143,0.02425,1,0.005,hybrid,0.1,0.5,0.3,0.01,0.0020833333333333333,0.0048,8,0.75,0.2,8,16,0,2,false,0.585,0.75,1,worldModel,weighted,0,a2a0fec2,154,baseline,120,0.5060321869452794,0,0.2655,0,0.5435,0,0.6445,0,0.015696884351431076,0,0.891007125377655,0,,,,,0.30333333333333334,0,0,0,45,0,214,0,1
600,245,0.28,0.3,3,0.05,0.05,0.05,2,0.143,0.026,1,0.005,hybrid,0.1,0.5,0.3,0.01,0.0020833333333333333,0.0048,8,0.75,0.2,8,16,0,2,true,0.585,0.75,1,worldModel,weighted,0,a2a0fec2,155,treatment,120,0.46670844191064437,0,0.1965,0,0.5045,0,0.6175,0,0.015283465426029931,0,0.8438537120819092,0,0.585,0,0.8266666666666667,0,0.17333333333333334,0,0,0,47,0,207,0,1
600,245,0.28,0.3,3,0.05,0.05,0.05,2,0.143,0.026,1,0.005,hybrid,0.1,0.5,0.3,0.01,0.0020833333333333333,0.0048,8,0.75,0.2,8,16,0,2,false,0.585,0.75,1,worldModel,weighted,0,a2a0fec2,155,baseline,120,0.4927561315149069,0,0.2335,0,0.5305,0,0.6385,0,0.012740019635112334,0,0.8438537120819092,0,,,,,0.2816666666666667,0,0,0,55,0,211,0,1
600,245,0.28,0.3,3,0.05,0.05,0.05,2,0.143,0.02775,1,0.005,hybrid,0.1,0.5,0.3,0.01,0.0020833333333333333,0.0048,8,0.75,0.2,8,16,0,2,true,0.585,0.75,1,worldModel,weighted,0,a2a0fec2,156,treatment,120,0.4684863574119906,0,0.2415,0,0.5005,0,0.6055,0,0.014847689196210788,0,0.856330156326294,0,0.585,0,0.81,0,0.19,0,0,0,49,0,213,0,1
600,245,0.28,0.3,3,0.05,0.05,0.05,2,0.143,0.02775,1,0.005,hybrid,0.1,0.5,0.3,0.01,0.0020833333333333333,0.0048,8,0.75,0.2,8,16,0,2,false,0.585,0.75,1,worldModel,weighted,0,a2a0fec2,156,baseline,120,0.4873651899335285,0,0.2815,0,0.5135,0,0.6215,0,0.010075740923474836,0,0.8015771508216858,0,,,,,0.24,0,0,0,44,0,210,0,1
600,245,0.28,0.3,3,0.05,0.05,0.05,2,0.143,0.0295,1,0.005,hybrid,0.1,0.5,0.3,0.01,0.0020833333333333333,0.0048,8,0.75,0.2,8,16,0,2,true,0.585,0.75,1,worldModel,weighted,0,a2a0fec2,157,treatment,120,0.4674902580057581,0,0.1815,0,0.5185,0,0.6135,0,0.01512421742989333,0,0.9645233750343323,0,0.585,0,0.805,0,0.195,0,0,0,52,0,206,0,1
600,245,0.28,0.3,3,0.05,0.05,0.05,2,0.143,0.0295,1,0.005,hybrid,0.1,0.5,0.3,0.01,0.0020833333333333333,0.0048,8,0.75,0.2,8,16,0,2,false,0.585,0.75,1,worldModel,weighted,0,a2a0fec2,157,baseline,120,0.48608502039064966,0,0.2235,0,0.5345,0,0.6305,0,0.016108712618426838,0,0.9341905117034912,0,,,,,0.265,0,0,0,60,0,200,0,1
600,245,0.28,0.3,3,0.05,0.05,0.05,2,0.143,0.03125,1,0.005,hybrid,0.1,0.5,0.3,0.01,0.0020833333333333333,0.0048,8,0.75,0.2,8,16,0,2,true,0.585,0.75,1,worldModel,weighted,0,a2a0fec2,158,treatment,120,0.4666990331374109,0,0.2055,0,0.5085,0,0.6115,0,0.015880441070905593,0,0.8379491567611694,0,0.585,0,0.8166666666666667,0,0.18333333333333332,0,0,0,51,0,212,0,1
600,245,0.28,0.3,3,0.05,0.05,0.05,2,0.143,0.03125,1,0.005,hybrid,0.1,0.5,0.3,0.01,0.0020833333333333333,0.0048,8,0.75,0.2,8,16,0,2,false,0.585,0.75,1,worldModel,weighted,0,a2a0fec2,158,baseline,120,0.48582448715964954,0,0.2145,0,0.5315,0,0.6235,0,0.013524136127067241,0,0.8423103094100952,0,,,,,0.26166666666666666,0,0,0,67,0,210,0,1
600,245,0.28,0.3,3,0.05,0.05,0.05,2,0.143,0.033,1,0.005,hybrid,0.1,0.5,0.3,0.01,0.0020833333333333333,0.0048,8,0.75,0.2,8,16,0,2,true,0.585,0.75,1,worldModel,weighted,0,a2a0fec2,159,treatment,120,0.4545268521333734,0,0.1965,0,0.4935,0,0.6075,0,0.014740496023238486,0,0.9533776044845581,0,0.585,0,0.8316666666666667,0,0.16833333333333333,0,0,0,49,0,206,0,1
600,245,0.28,0.3,3,0.05,0.05,0.05,2,0.143,0.033,1,0.005,hybrid,0.1,0.5,0.3,0.01,0.0020833333333333333,0.0048,8,0.75,0.2,8,16,0,2,false,0.585,0.75,1,worldModel,weighted,0,a2a0fec2,159,baseline,120,0.4727894434146583,0,0.2105,0,0.5095,0,0.6285,0,0.017569691846094387,0,0.942107081413269,0,,,,,0.22833333333333333,0,0,0,51,0,210,0,1
600,245,0.28,0.3,3,0.05,0.05,0.05,2,0.143,0.03475,1,0.005,hybrid,0.1,0.5,0.3,0.01,0.0020833333333333333,0.0048,8,0.75,0.2,8,16,0,2,true,0.585,0.75,1,worldModel,weighted,0,a2a0fec2,160,treatment,120,0.4528075961582363,0,0.1775,0,0.4965,0,0.6005,0,0.01665309029450528,0,0.7600225806236267,0,0.585,0,0.8483333333333334,0,0.15166666666666667,0,0,0,45,0,212,0,1
600,245,0.28,0.3,3,0.05,0.05,0.05,2,0.143,0.03475,1,0.005,hybrid,0.1,0.5,0.3,0.01,0.0020833333333333333,0.0048,8,0.75,0.2,8,16,0,2,false,0.585,0.75,1,worldModel,weighted,0,a2a0fec2,160,baseline,120,0.4747348160793384,0,0.2035,0,0.5215,0,0.6185,0,0.014382861418996938,0,0.7531267404556274,0,,,,,0.225,0,0,0,53,0,211,0,1
600,245,0.28,0.3,3,0.05,0.05,0.05,2,0.143,0.0365,1,0.005,hybrid,0.1,0.5,0.3,0.01,0.0020833333333333333,0.0048,8,0.75,0.2,8,16,0,2,true,0.585,0.75,1,worldModel,weighted,0,a2a0fec2,161,treatment,120,0.46884308794513346,0,0.2515,0,0.5005,0,0.6005,0,0.012994841718818267,0,0.8561245799064636,0,0.585,0,0.8483333333333334,0,0.15166666666666667,0,0,0,46,0,208,0,1
600,245,0.28,0.3,3,0.05,0.05,0.05,2,0.143,0.0365,1,0.005,hybrid,0.1,0.5,0.3,0.01,0.0020833333333333333,0.0048,8,0.75,0.2,8,16,0,2,false,0.585,0.75,1,worldModel,weighted,0,a2a0fec2,161,baseline,120,0.4897207712009549,0,0.2805,0,0.5305,0,0.6175,0,0.012984450033278003,0,0.84251469373703,0,,,,,0.23666666666666666,0,0,0,50,0,210,0,1
600,245,0.28,0.3,3,0.05,0.05,0.05,2,0.143,0.03825,1,0.005,hybrid,0.1,0.5,0.3,0.01,0.0020833333333333333,0.0048,8,0.75,0.2,8,16,0,2,true,0.585,0.75,1,worldModel,weighted,0,a2a0fec2,162,treatment,120,0.45162020264193414,0,0.1605,0,0.4965,0,0.6045,0,0.013094104449239238,0,0.8557007908821106,0,0.585,0,0.8383333333333334,0,0.16166666666666665,0,0,0,55,0,206,0,1
600,245,0.28,0.3,3,0.05,0.05,0.05,2,0.143,0.03825,1,0.005,hybrid,0.1,0.5,0.3,0.01,0.0020833333333333333,0.0048,8,0.75,0.2,8,16,0,2,false,0.585,0.75,1,worldModel,weighted,0,a2a0fec2,162,baseline,120,0.4698296263255179,0,0.1895,0,0.5165,0,0.6155,0,0.013960956681299,0,0.8192658424377441,0,,,,,0.255,0,0,0,45,0,213,0,1
600,245,0.28,0.3,3,0.05,0.05,0.05,2,0.143,0.04,1,0.005,hybrid,0.1,0.5,0.3,0.01,0.0020833333333333333,0.0048,8,0.75,0.2,8,16,0,2,true,0.585,0.75,1,worldModel,weighted,0,a2a0fec2,163,treatment,120,0.4613084831771751,0,0.2065,0,0.4945,0,0.6215,0,0.015742800907425508,0,0.7541830539703369,0,0.585,0,0.81,0,0.19,0,0,0,49,0,213,0,1
600,245,0.28,0.3,3,0.05,0.05,0.05,2,0.143,0.04,1,0.005,hybrid,0.1,0.5,0.3,0.01,0.0020833333333333333,0.0048,8,0.75,0.2,8,16,0,2,false,0.585,0.75,1,worldModel,weighted,0,a2a0fec2,163,baseline,120,0.4831267187496026,0,0.2695,0,0.5185,0,0.6345,0,0.01438409147076334,0,0.7642256617546082,0,,,,,0.235,0,0,0,48,0,216,0,1
600,245,0.28,0.3,3,0.05,0.05,0.05,2,0.143,0.04175,1,0.005,hybrid,0.1,0.5,0.3,0.01,0.0020833333333333333,0.0048,8,0.75,0.2,8,16,0,2,true,0.585,0.75,1,worldModel,weighted,0,a2a0fec2,164,treatment,120,0.4656525395127634,0,0.2185,0,0.5015,0,0.5905,0,0.014649011038855991,0,0.9249883890151978,0,0.585,0,0.8783333333333333,0,0.12166666666666667,0,0,0,49,0,208,0,1
600,245,0.28,0.3,3,0.05,0.05,0.05,2,0.143,0.04175,1,0.005,hybrid,0.1,0.5,0.3,0.01,0.0020833333333333333,0.0048,8,0.75,0.2,8,16,0,2,false,0.585,0.75,1,worldModel,weighted,0,a2a0fec2,164,baseline,120,0.48773386247456074,0,0.2715,0,0.5255,0,0.6165,0,0.011079957001535468,0,0.782904326915741,0,,,,,0.22333333333333333,0,0,0,50,0,212,0,1
600,245,0.28,0.3,3,0.05,0.05,0.05,2,0.143,0.0435,1,0.005,hybrid,0.1,0.5,0.3,0.01,0.0020833333333333333,0.0048,8,0.75,0.2,8,16,0,2,true,0.585,0.75,1,worldModel,weighted,0,a2a0fec2,165,treatment,120,0.4586183075048029,0,0.1945,0,0.4955,0,0.6085,0,0.0156432358123956,0,0.8538082242012024,0,0.585,0,0.8633333333333333,0,0.13666666666666666,0,0,0,43,0,211,0,1
600,245,0.28,0.3,3,0.05,0.05,0.05,2,0.143,0.0435,1,0.005,hybrid,0.1,0.5,0.3,0.01,0.0020833333333333333,0.0048,8,0.75,0.2,8,16,0,2,false,0.585,0.75,1,worldModel,weighted,0,a2a0fec2,165,baseline,120,0.47028212673962116,0,0.2085,0,0.5115,0,0.6025,0,0.016092093175269974,0,0.8867470026016235,0,,,,,0.14833333333333334,0,0,0,47,0,208,0,1
600,245,0.28,0.3,3,0.05,0.05,0.05,2,0.143,0.04525,1,0.005,hybrid,0.1,0.5,0.3,0.01,0.0020833333333333333,0.0048,8,0.75,0.2,8,16,0,2,true,0.585,0.75,1,worldModel,weighted,0,a2a0fec2,166,treatment,120,0.45916487377757825,0,0.2335,0,0.4935,0,0.6015,0,0.011651791369412367,0,0.8330162167549133,0,0.585,0,0.8633333333333333,0,0.13666666666666666,0,0,0,53,0,211,0,1
600,245,0.28,0.3,3,0.05,0.05,0.05,2,0.143,0.04525,1,0.005,hybrid,0.1,0.5,0.3,0.01,0.0020833333333333333,0.0048,8,0.75,0.2,8,16,0,2,false,0.585,0.75,1,worldModel,weighted,0,a2a0fec2,166,baseline,120,0.4773763319849968,0,0.2595,0,0.5075,0,0.6215,0,0.012982556146574478,0,0.8324235081672668,0,,,,,0.20666666666666667,0,0,0,46,0,210,0,1
600,245,0.28,0.3,3,0.05,0.05,0.05,2,0.143,0.047,1,0.005,hybrid,0.1,0.5,0.3,0.01,0.0020833333333333333,0.0048,8,0.75,0.2,8,16,0,2,true,0.585,0.75,1,worldModel,weighted,0,a2a0fec2,167,treatment,120,0.47219059146940706,0,0.2595,0,0.5045,0,0.6075,0,0.016973056110259187,0,0.872725784778595,0,0.585,0,0.835,0,0.165,0,0,0,43,0,213,0,1
600,245,0.28,0.3,3,0.05,0.05,0.05,2,0.143,0.047,1,0.005,hybrid,0.1,0.5,0.3,0.01,0.0020833333333333333,0.0048,8,0.75,0.2,8,16,0,2,false,0.585,0.75,1,worldModel,weighted,0,a2a0fec2,167,baseline,120,0.487157863744845,0,0.2885,0,0.5165,0,0.6235,0,0.014708950062253227,0,0.8653837442398071,0,,,,,0.23,0,0,0,51,0,209,0,1
600,245,0.28,0.3,3,0.05,0.05,0.05,2,0.152,0.012,1,0.005,hybrid,0.1,0.5,0.3,0.01,0.0020833333333333333,0.0048,8,0.75,0.2,8,16,0,2,true,0.585,0.75,1,worldModel,weighted,0,a2a0fec2,168,treatment,120,0.5052377693292995,0,0.2385,0,0.5495,0,0.6775,0,0.014559434604641472,0,0.9299421310424805,0,0.585,0,0.655,0,0.345,0,0,0,50,0,213,0,1
600,245,0.28,0.3,3,0.05,0.05,0.05,2,0.152,0.012,1,0.005,hybrid,0.1,0.5,0.3,0.01,0.0020833333333333333,0.0048,8,0.75,0.2,8,16,0,2,false,0.585,0.75,1,worldModel,weighted,0,a2a0fec2,168,baseline,120,0.5282676314686735,0,0.2735,0,0.5685,0,0.6865,0,0.0151560265557603,0,0.9299421310424805,0,,,,,0.44166666666666665,0,0,0,55,0,214,0,1
600,245,0.28,0.3,3,0.05,0.05,0.05,2,0.152,0.01375,1,0.005,hybrid,0.1,0.5,0.3,0.01,0.0020833333333333333,0.0048,8,0.75,0.2,8,16,0,2,true,0.585,0.75,1,worldModel,weighted,0,a2a0fec2,169,treatment,120,0.4890274828734497,0,0.1995,0,0.5345,0,0.6585,0,0.018201584096208413,0,0.9088867902755737,0,0.585,0,0.7083333333333334,0,0.2916666666666667,0,0,0,40,0,211,0,1
600,245,0.28,0.3,3,0.05,0.05,0.05,2,0.152,0.01375,1,0.005,hybrid,0.1,0.5,0.3,0.01,0.0020833333333333333,0.0048,8,0.75,0.2,8,16,0,2,false,0.585,0.75,1,worldModel,weighted,0,a2a0fec2,169,baseline,120,0.5153109862469136,0,0.2485,0,0.5575,0,0.6745,0,0.0145791020728168,0,0.9035678505897522,0,,,,,0.3883333333333333,0,0,0,38,0,209,0,1
600,245,0.28,0.3,3,0.05,0.05,0.05,2,0.152,0.0155,1,0.005,hybrid,0.1,0.5,0.3,0.01,0.0020833333333333333,0.0048,8,0.75,0.2,8,16,0,2,true,0.585,0.75,1,worldModel,weighted,0,a2a0fec2,170,treatment,120,0.5056977698144813,0,0.1915,0,0.5495,0,0.6785,0,0.017581554622307486,0,0.8608592748641968,0,0.585,0,0.6116666666666667,0,0.3883333333333333,0,0,0,56,0,211,0,1
600,245,0.28,0.3,3,0.05,0.05,0.05,2,0.152,0.0155,1,0.005,hybrid,0.1,0.5,0.3,0.01,0.0020833333333333333,0.0048,8,0.75,0.2,8,16,0,2,false,0.585,0.75,1,worldModel,weighted,0,a2a0fec2,170,baseline,120,0.5192432814463973,0,0.2235,0,0.5705,0,0.6825,0,0.017804254705087938,0,0.8430072069168091,0,,,,,0.45166666666666666,0,0,0,51,0,213,0,1
600,245,0.28,0.3,3,0.05,0.05,0.05,2,0.152,0.01725,1,0.005,hybrid,0.1,0.5,0.3,0.01,0.0020833333333333333,0.0048,8,0.75,0.2,8,16,0,2,true,0.585,0.75,1,worldModel,weighted,0,a2a0fec2,171,treatment,120,0.4880708986520767,0,0.2125,0,0.5295,0,0.6505,0,0.013041551389602165,0,0.8662615418434143,0,0.585,0,0.695,0,0.305,0,0,0,54,0,210,0,1
600,245,0.28,0.3,3,0.05,0.05,0.05,2,0.152,0.01725,1,0.005,hybrid,0.1,0.5,0.3,0.01,0.0020833333333333333,0.0048,8,0.75,0.2,8,16,0,2,false,0.585,0.75,1,worldModel,weighted,0,a2a0fec2,171,baseline,120,0.5019545312349994,0,0.2305,0,0.5445,0,0.6415,0,0.013293952948996794,0,0.8662615418434143,0,,,,,0.3416666666666667,0,0,0,48,0,213,0,1
600,245,0.28,0.3,3,0.05,0.05,0.05,2,0.152,0.019,1,0.005,hybrid,0.1,0.5,0.3,0.01,0.0020833333333333333,0.0048,8,0.75,0.2,8,16,0,2,true,0.585,0.75,1,worldModel,weighted,0,a2a0fec2,172,treatment,120,0.4692498909619947,0,0.1805,0,0.5185,0,0.6295,0,0.015223321031194802,0,0.8652395009994507,0,0.585,0,0.7733333333333333,0,0.22666666666666666,0,0,0,57,0,208,0,1
600,245,0.28,0.3,3,0.05,0.05,0.05,2,0.152,0.019,1,0.005,hybrid,0.1,0.5,0.3,0.01,0.0020833333333333333,0.0048,8,0.75,0.2,8,16,0,2,false,0.585,0.75,1,worldModel,weighted,0,a2a0fec2,172,baseline,120,0.49702755754813555,0,0.2125,0,0.5485,0,0.6435,0,0.018481489875902524,0,0.8979767560958862,0,,,,,0.3516666666666667,0,0,0,53,0,213,0,1
600,245,0.28,0.3,3,0.05,0.05,0.05,2,0.152,0.02075,1,0.005,hybrid,0.1,0.5,0.3,0.01,0.0020833333333333333,0.0048,8,0.75,0.2,8,16,0,2,true,0.585,0.75,1,worldModel,weighted,0,a2a0fec2,173,treatment,120,0.4831752575933933,0,0.1775,0,0.5245,0,0.6505,0,0.016896620916160798,0,0.8413785099983215,0,0.585,0,0.685,0,0.315,0,0,0,58,0,207,0,1
600,245,0.28,0.3,3,0.05,0.05,0.05,2,0.152,0.02075,1,0.005,hybrid,0.1,0.5,0.3,0.01,0.0020833333333333333,0.0048,8,0.75,0.2,8,16,0,2,false,0.585,0.75,1,worldModel,weighted,0,a2a0fec2,173,baseline,120,0.4936051857223113,0,0.1845,0,0.5485,0,0.6575,0,0.018750080331399653,0,0.876124918460846,0,,,,,0.35833333333333334,0,0,0,42,0,208,0,1
600,245,0.28,0.3,3,0.05,0.05,0.05,2,0.152,0.0225,1,0.005,hybrid,0.1,0.5,0.3,0.01,0.0020833333333333333,0.0048,8,0.75,0.2,8,16,0,2,true,0.585,0.75,1,worldModel,weighted,0,a2a0fec2,174,treatment,120,0.4713535631323854,0,0.1725,0,0.5185,0,0.6435,0,0.01712430620270075,0,0.8153387308120728,0,0.585,0,0.765,0,0.235,0,0,0,60,0,210,0,1
600,245,0.28,0.3,3,0.05,0.05,0.05,2,0.152,0.0225,1,0.005,hybrid,0.1,0.5,0.3,0.01,0.0020833333333333333,0.0048,8,0.75,0.2,8,16,0,2,false,0.585,0.75,1,worldModel,weighted,0,a2a0fec2,174,baseline,120,0.4938140267692506,0,0.2035,0,0.5405,0,0.6525,0,0.017513663261123736,0,0.9071337580680847,0,,,,,0.315,0,0,0,52,0,211,0,1
600,245,0.28,0.3,3,0.05,0.05,0.05,2,0.152,0.02425,1,0.005,hybrid,0.1,0.5,0.3,0.01,0.0020833333333333333,0.0048,8,0.75,0.2,8,16,0,2,true,0.585,0.75,1,worldModel,weighted,0,a2a0fec2,175,treatment,120,0.4581169926188886,0,0.1835,0,0.5035,0,0.6135,0,0.01576499079804301,0,0.9300175905227661,0,0.585,0,0.8216666666666667,0,0.17833333333333334,0,0,0,44,0,210,0,1
600,245,0.28,0.3,3,0.05,0.05,0.05,2,0.152,0.02425,1,0.005,hybrid,0.1,0.5,0.3,0.01,0.0020833333333333333,0.0048,8,0.75,0.2,8,16,0,2,false,0.585,0.75,1,worldModel,weighted,0,a2a0fec2,175,baseline,120,0.4896102227208515,0,0.2395,0,0.5325,0,0.6345,0,0.016475586436455265,0,0.8826512694358826,0,,,,,0.2866666666666667,0,0,0,38,0,210,0,1
600,245,0.28,0.3,3,0.05,0.05,0.05,2,0.152,0.026,1,0.005,hybrid,0.1,0.5,0.3,0.01,0.0020833333333333333,0.0048,8,0.75,0.2,8,16,0,2,true,0.585,0.75,1,worldModel,weighted,0,a2a0fec2,176,treatment,120,0.4694039874213437,0,0.2315,0,0.5085,0,0.6235,0,0.014311123406304237,0,0.7855100631713867,0,0.585,0,0.8183333333333334,0,0.18166666666666667,0,0,0,43,0,210,0,1
600,245,0.28,0.3,3,0.05,0.05,0.05,2,0.152,0.026,1,0.005,hybrid,0.1,0.5,0.3,0.01,0.0020833333333333333,0.0048,8,0.75,0.2,8,16,0,2,false,0.585,0.75,1,worldModel,weighted,0,a2a0fec2,176,baseline,120,0.4878995041176677,0,0.2655,0,0.5225,0,0.6305,0,0.014202736932089453,0,0.785464882850647,0,,,,,0.24166666666666667,0,0,0,53,0,206,0,1
600,245,0.28,0.3,3,0.05,0.05,0.05,2,0.152,0.02775,1,0.005,hybrid,0.1,0.5,0.3,0.01,0.0020833333333333333,0.0048,8,0.75,0.2,8,16,0,2,true,0.585,0.75,1,worldModel,weighted,0,a2a0fec2,177,treatment,120,0.47309468704586227,0,0.1795,0,0.5225,0,0.6335,0,0.0172016313013162,0,0.8628122210502625,0,0.585,0,0.79,0,0.21,0,0,0,52,0,215,0,1
600,245,0.28,0.3,3,0.05,0.05,0.05,2,0.152,0.02775,1,0.005,hybrid,0.1,0.5,0.3,0.01,0.0020833333333333333,0.0048,8,0.75,0.2,8,16,0,2,false,0.585,0.75,1,worldModel,weighted,0,a2a0fec2,177,baseline,120,0.49078458743790787,0,0.2265,0,0.5335,0,0.6415,0,0.015798803092566555,0,0.8337959051132202,0,,,,,0.29333333333333333,0,0,0,50,0,213,0,1
600,245,0.28,0.3,3,0.05,0.05,0.05,2,0.152,0.0295,1,0.005,hybrid,0.1,0.5,0.3,0.01,0.0020833333333333333,0.0048,8,0.75,0.2,8,16,0,2,true,0.585,0.75,1,worldModel,weighted,0,a2a0fec2,178,treatment,120,0.4589524147845805,0,0.1575,0,0.5095,0,0.6165,0,0.019305692749216345,0,0.8940614461898804,0,0.585,0,0.81,0,0.19,0,0,0,56,0,209,0,1
600,245,0.28,0.3,3,0.05,0.05,0.05,2,0.152,0.0295,1,0.005,hybrid,0.1,0.5,0.3,0.01,0.0020833333333333333,0.0048,8,0.75,0.2,8,16,0,2,false,0.585,0.75,1,worldModel,weighted,0,a2a0fec2,178,baseline,120,0.47242511217792826,0,0.1705,0,0.5275,0,0.6325,0,0.01944120923223115,0,0.8716772198677063,0,,,,,0.245,0,0,0,49,0,212,0,1
600,245,0.28,0.3,3,0.05,0.05,0.05,2,0.152,0.03125,1,0.005,hybrid,0.1,0.5,0.3,0.01,0.0020833333333333333,0.0048,8,0.75,0.2,8,16,0,2,true,0.585,0.75,1,worldModel,weighted,0,a2a0fec2,179,treatment,120,0.46385942251731954,0,0.2085,0,0.5035,0,0.6075,0,0.01672235013527779,0,0.8468399047851562,0,0.585,0,0.8283333333333334,0,0.17166666666666666,0,0,0,47,0,206,0,1
600,245,0.28,0.3,3,0.05,0.05,0.05,2,0.152,0.03125,1,0.005,hybrid,0.1,0.5,0.3,0.01,0.0020833333333333333,0.0048,8,0.75,0.2,8,16,0,2,false,0.585,0.75,1,worldModel,weighted,0,a2a0fec2,179,baseline,120,0.47918379951268436,0,0.2525,0,0.5165,0,0.6165,0,0.014805700499387843,0,0.8532870411872864,0,,,,,0.21166666666666667,0,0,0,44,0,209,0,1
600,245,0.28,0.3,3,0.05,0.05,0.05,2,0.152,0.033,1,0.005,hybrid,0.1,0.5,0.3,0.01,0.0020833333333333333,0.0048,8,0.75,0.2,8,16,0,2,true,0.585,0.75,1,worldModel,weighted,0,a2a0fec2,180,treatment,120,0.4611189621624847,0,0.1805,0,0.5045,0,0.6065,0,0.014841577817772943,0,0.9214274883270264,0,0.585,0,0.835,0,0.165,0,0,0,42,0,211,0,1
600,245,0.28,0.3,3,0.05,0.05,0.05,2,0.152,0.033,1,0.005,hybrid,0.1,0.5,0.3,0.01,0.0020833333333333333,0.0048,8,0.75,0.2,8,16,0,2,false,0.585,0.75,1,worldModel,weighted,0,a2a0fec2,180,baseline,120,0.4864334923836092,0,0.2175,0,0.5285,0,0.6185,0,0.01460175204341851,0,0.9290343523025513,0,,,,,0.24333333333333335,0,0,0,48,0,212,0,1
600,245,0.28,0.3,3,0.05,0.05,0.05,2,0.152,0.03475,1,0.005,hybrid,0.1,0.5,0.3,0.01,0.0020833333333333333,0.0048,8,0.75,0.2,8,16,0,2,true,0.585,0.75,1,worldModel,weighted,0,a2a0fec2,181,treatment,120,0.45395838376134634,0,0.2025,0,0.4895,0,0.5985,0,0.015447317744586266,0,0.8679471015930176,0,0.585,0,0.865,0,0.135,0,0,0,52,0,209,0,1
600,245,0.28,0.3,3,0.05,0.05,0.05,2,0.152,0.03475,1,0.005,hybrid,0.1,0.5,0.3,0.01,0.0020833333333333333,0.0048,8,0.75,0.2,8,16,0,2,false,0.585,0.75,1,worldModel,weighted,0,a2a0fec2,181,baseline,120,0.4742431441942851,0,0.2155,0,0.5165,0,0.6175,0,0.014787316989611346,0,0.876017153263092,0,,,,,0.18833333333333332,0,0,0,45,0,213,0,1
600,245,0.28,0.3,3,0.05,0.05,0.05,2,0.152,0.0365,1,0.005,hybrid,0.1,0.5,0.3,0.01,0.0020833333333333333,0.0048,8,0.75,0.2,8,16,0,2,true,0.585,0.75,1,worldModel,weighted,0,a2a0fec2,182,treatment,120,0.44868577585245173,0,0.1735,0,0.4945,0,0.6005,0,0.018508432145523276,0,0.8207163214683533,0,0.585,0,0.86,0,0.14,0,0,0,63,0,208,0,1
600,245,0.28,0.3,3,0.05,0.05,0.05,2,0.152,0.0365,1,0.005,hybrid,0.1,0.5,0.3,0.01,0.0020833333333333333,0.0048,8,0.75,0.2,8,16,0,2,false,0.585,0.75,1,worldModel,weighted,0,a2a0fec2,182,baseline,120,0.46751000423605243,0,0.1935,0,0.5185,0,0.6205,0,0.015622203356215537,0,0.8406642079353333,0,,,,,0.185,0,0,0,47,0,211,0,1
600,245,0.28,0.3,3,0.05,0.05,0.05,2,0.152,0.03825,1,0.005,hybrid,0.1,0.5,0.3,0.01,0.0020833333333333333,0.0048,8,0.75,0.2,8,16,0,2,true,0.585,0.75,1,worldModel,weighted,0,a2a0fec2,183,treatment,120,0.4569343995427092,0,0.1795,0,0.4925,0,0.6085,0,0.015461046307520583,0,0.8690090179443359,0,0.585,0,0.825,0,0.175,0,0,0,51,0,210,0,1
600,245,0.28,0.3,3,0.05,0.05,0.05,2,0.152,0.03825,1,0.005,hybrid,0.1,0.5,0.3,0.01,0.0020833333333333333,0.0048,8,0.75,0.2,8,16,0,2,false,0.585,0.75,1,worldModel,weighted,0,a2a0fec2,183,baseline,120,0.4736978529890378,0,0.2205,0,0.5155,0,0.6155,0,0.017223900527859104,0,0.8008671998977661,0,,,,,0.225,0,0,0,50,0,213,0,1
600,245,0.28,0.3,3,0.05,0.05,0.05,2,0.152,0.04,1,0.005,hybrid,0.1,0.5,0.3,0.01,0.0020833333333333333,0.0048,8,0.75,0.2,8,16,0,2,true,0.585,0.75,1,worldModel,weighted,0,a2a0fec2,184,treatment,120,0.4497602081050475,0,0.2135,0,0.4925,0,0.5845,0,0.016870024245284106,0,0.8878954648971558,0,0.585,0,0.9,0,0.1,0,0,0,45,0,213,0,1
600,245,0.28,0.3,3,0.05,0.05,0.05,2,0.152,0.04,1,0.005,hybrid,0.1,0.5,0.3,0.01,0.0020833333333333333,0.0048,8,0.75,0.2,8,16,0,2,false,0.585,0.75,1,worldModel,weighted,0,a2a0fec2,184,baseline,120,0.47081434313828746,0,0.2355,0,0.5215,0,0.6045,0,0.019573768087875497,0,0.9003176689147949,0,,,,,0.20166666666666666,0,0,0,48,0,208,0,1
600,245,0.28,0.3,3,0.05,0.05,0.05,2,0.152,0.04175,1,0.005,hybrid,0.1,0.5,0.3,0.01,0.0020833333333333333,0.0048,8,0.75,0.2,8,16,0,2,true,0.585,0.75,1,worldModel,weighted,0,a2a0fec2,185,treatment,120,0.4399169132920603,0,0.1915,0,0.4795,0,0.5705,0,0.012830323546559864,0,0.7876951694488525,0,0.585,0,0.9283333333333333,0,0.07166666666666667,0,0,0,48,0,211,0,1
600,245,0.28,0.3,3,0.05,0.05,0.05,2,0.152,0.04175,1,0.005,hybrid,0.1,0.5,0.3,0.01,0.0020833333333333333,0.0048,8,0.75,0.2,8,16,0,2,false,0.585,0.75,1,worldModel,weighted,0,a2a0fec2,185,baseline,120,0.46805945973222457,0,0.2105,0,0.5115,0,0.5945,0,0.01444397041494806,0,0.7908773422241211,0,,,,,0.14333333333333334,0,0,0,40,0,209,0,1
600,245,0.28,0.3,3,0.05,0.05,0.05,2,0.152,0.0435,1,0.005,hybrid,0.1,0.5,0.3,0.01,0.0020833333333333333,0.0048,8,0.75,0.2,8,16,0,2,true,0.585,0.75,1,worldModel,weighted,0,a2a0fec2,186,treatment,120,0.4611418753489852,0,0.1915,0,0.4915,0,0.6015,0,0.01479253496682073,0,0.8530996441841125,0,0.585,0,0.845,0,0.155,0,0,0,49,0,217,0,1
600,245,0.28,0.3,3,0.05,0.05,0.05,2,0.152,0.0435,1,0.005,hybrid,0.1,0.5,0.3,0.01,0.0020833333333333333,0.0048,8,0.75,0.2,8,16,0,2,false,0.585,0.75,1,worldModel,weighted,0,a2a0fec2,186,baseline,120,0.48175402959187824,0,0.2385,0,0.5165,0,0.6165,0,0.013635257103341169,0,0.8085374236106873,0,,,,,0.21833333333333332,0,0,0,44,0,210,0,1
600,245,0.28,0.3,3,0.05,0.05,0.05,2,0.152,0.04525,1,0.005,hybrid,0.1,0.5,0.3,0.01,0.0020833333333333333,0.0048,8,0.75,0.2,8,16,0,2,true,0.585,0.75,1,worldModel,weighted,0,a2a0fec2,187,treatment,120,0.448264750353992,0,0.1845,0,0.4895,0,0.5835,0,0.013760442788589388,0,0.8801680207252502,0,0.585,0,0.905,0,0.095,0,0,0,55,0,211,0,1
600,245,0.28,0.3,3,0.05,0.05,0.05,2,0.152,0.04525,1,0.005,hybrid,0.1,0.5,0.3,0.01,0.0020833333333333333,0.0048,8,0.75,0.2,8,16,0,2,false,0.585,0.75,1,worldModel,weighted,0,a2a0fec2,187,baseline,120,0.4720277143331865,0,0.2115,0,0.5145,0,0.6155,0,0.012812834000050701,0,0.8801680207252502,0,,,,,0.18166666666666667,0,0,0,44,0,214,0,1
600,245,0.28,0.3,3,0.05,0.05,0.05,2,0.152,0.047,1,0.005,hybrid,0.1,0.5,0.3,0.01,0.0020833333333333333,0.0048,8,0.75,0.2,8,16,0,2,true,0.585,0.75,1,worldModel,weighted,0,a2a0fec2,188,treatment,120,0.44056098951026795,0,0.1735,0,0.4785,0,0.5815,0,0.016840515883644047,0,0.9092097878456116,0,0.585,0,0.905,0,0.095,0,0,0,49,0,210,0,1
600,245,0.28,0.3,3,0.05,0.05,0.05,2,0.152,0.047,1,0.005,hybrid,0.1,0.5,0.3,0.01,0.0020833333333333333,0.0048,8,0.75,0.2,8,16,0,2,false,0.585,0.75,1,worldModel,weighted,0,a2a0fec2,188,baseline,120,0.4718529853100578,0,0.2485,0,0.5105,0,0.5915,0,0.016067652486337607,0,0.8549804091453552,0,,,,,0.11166666666666666,0,0,0,47,0,211,0,1
600,245,0.28,0.3,3,0.05,0.05,0.05,2,0.161,0.012,1,0.005,hybrid,0.1,0.5,0.3,0.01,0.0020833333333333333,0.0048,8,0.75,0.2,8,16,0,2,true,0.585,0.75,1,worldModel,weighted,0,a2a0fec2,189,treatment,120,0.49465731032192706,0,0.1835,0,0.5445,0,0.6655,0,0.0174281020347707,0,0.9873759746551514,0,0.585,0,0.69,0,0.31,0,0,0,40,0,210,0,1
600,245,0.28,0.3,3,0.05,0.05,0.05,2,0.161,0.012,1,0.005,hybrid,0.1,0.5,0.3,0.01,0.0020833333333333333,0.0048,8,0.75,0.2,8,16,0,2,false,0.585,0.75,1,worldModel,weighted,0,a2a0fec2,189,baseline,120,0.5147975085303187,0,0.2145,0,0.5625,0,0.6755,0,0.016984763503738974,0,0.9901998043060303,0,,,,,0.43666666666666665,0,0,0,54,0,208,0,1
600,245,0.28,0.3,3,0.05,0.05,0.05,2,0.161,0.01375,1,0.005,hybrid,0.1,0.5,0.3,0.01,0.0020833333333333333,0.0048,8,0.75,0.2,8,16,0,2,true,0.585,0.75,1,worldModel,weighted,0,a2a0fec2,190,treatment,120,0.504941045716405,0,0.2045,0,0.5485,0,0.6745,0,0.021981583698200635,0,0.8730309009552002,0,0.585,0,0.6266666666666667,0,0.37333333333333335,0,0,0,47,0,209,0,1
600,245,0.28,0.3,3,0.05,0.05,0.05,2,0.161,0.01375,1,0.005,hybrid,0.1,0.5,0.3,0.01,0.0020833333333333333,0.0048,8,0.75,0.2,8,16,0,2,false,0.585,0.75,1,worldModel,weighted,0,a2a0fec2,190,baseline,120,0.518185040478905,0,0.2195,0,0.5715,0,0.6855,0,0.018702991750232423,0,0.844529390335083,0,,,,,0.43833333333333335,0,0,0,44,0,211,0,1
600,245,0.28,0.3,3,0.05,0.05,0.05,2,0.161,0.0155,1,0.005,hybrid,0.1,0.5,0.3,0.01,0.0020833333333333333,0.0048,8,0.75,0.2,8,16,0,2,true,0.585,0.75,1,worldModel,weighted,0,a2a0fec2,191,treatment,120,0.49155231123790144,0,0.1685,0,0.5395,0,0.6775,0,0.016084922496071994,0,0.8821218609809875,0,0.585,0,0.67,0,0.33,0,0,0,40,0,211,0,1
600,245,0.28,0.3,3,0.05,0.05,0.05,2,0.161,0.0155,1,0.005,hybrid,0.1,0.5,0.3,0.01,0.0020833333333333333,0.0048,8,0.75,0.2,8,16,0,2,false,0.585,0.75,1,worldModel,weighted,0,a2a0fec2,191,baseline,120,0.509781360309571,0,0.2165,0,0.5655,0,0.6685,0,0.016990840791024094,0,0.8788009881973267,0,,,,,0.425,0,0,0,51,0,209,0,1
600,245,0.28,0.3,3,0.05,0.05,0.05,2,0.161,0.01725,1,0.005,hybrid,0.1,0.5,0.3,0.01,0.0020833333333333333,0.0048,8,0.75,0.2,8,16,0,2,true,0.585,0.75,1,worldModel,weighted,0,a2a0fec2,192,treatment,120,0.49148006772622466,0,0.1975,0,0.5255,0,0.6515,0,0.017889503094787387,0,0.8636981844902039,0,0.585,0,0.7,0,0.3,0,0,0,43,0,211,0,1
600,245,0.28,0.3,3,0.05,0.05,0.05,2,0.161,0.01725,1,0.005,hybrid,0.1,0.5,0.3,0.01,0.0020833333333333333,0.0048,8,0.75,0.2,8,16,0,2,false,0.585,0.75,1,worldModel,weighted,0,a2a0fec2,192,baseline,120,0.5137498875831564,0,0.2325,0,0.5605,0,0.6615,0,0.014257485748946553,0,0.8682370781898499,0,,,,,0.3516666666666667,0,0,0,53,0,211,0,1
600,245,0.28,0.3,3,0.05,0.05,0.05,2,0.161,0.019,1,0.005,hybrid,0.1,0.5,0.3,0.01,0.0020833333333333333,0.0048,8,0.75,0.2,8,16,0,2,true,0.585,0.75,1,worldModel,weighted,0,a2a0fec2,193,treatment,120,0.4685788037255406,0,0.1655,0,0.5165,0,0.6245,0,0.01761983368482015,0,0.9745200276374817,0,0.585,0,0.78,0,0.22,0,0,0,41,0,212,0,1
600,245,0.28,0.3,3,0.05,0.05,0.05,2,0.161,0.019,1,0.005,hybrid,0.1,0.5,0.3,0.01,0.0020833333333333333,0.0048,8,0.75,0.2,8,16,0,2,false,0.585,0.75,1,worldModel,weighted,0,a2a0fec2,193,baseline,120,0.4918087862432003,0,0.2045,0,0.5465,0,0.6375,0,0.014376427038416871,0,0.9745418429374695,0,,,,,0.295,0,0,0,39,0,212,0,1
600,245,0.28,0.3,3,0.05,0.05,0.05,2,0.161,0.02075,1,0.005,hybrid,0.1,0.5,0.3,0.01,0.0020833333333333333,0.0048,8,0.75,0.2,8,16,0,2,true,0.585,0.75,1,worldModel,weighted,0,a2a0fec2,194,treatment,120,0.46166218479474386,0,0.1745,0,0.5035,0,0.6205,0,0.013490690663164119,0,0.838166356086731,0,0.585,0,0.7916666666666666,0,0.20833333333333334,0,0,0,51,0,215,0,1
600,245,0.28,0.3,3,0.05,0.05,0.05,2,0.161,0.02075,1,0.005,hybrid,0.1,0.5,0.3,0.01,0.0020833333333333333,0.0048,8,0.75,0.2,8,16,0,2,false,0.585,0.75,1,worldModel,weighted,0,a2a0fec2,194,baseline,120,0.4842361899465322,0,0.2255,0,0.5235,0,0.6335,0,0.01431970909589993,0,0.8366789221763611,0,,,,,0.23666666666666666,0,0,0,36,0,215,0,1
600,245,0.28,0.3,3,0.05,0.05,0.05,2,0.161,0.0225,1,0.005,hybrid,0.1,0.5,0.3,0.01,0.0020833333333333333,0.0048,8,0.75,0.2,8,16,0,2,true,0.585,0.75,1,worldModel,weighted,0,a2a0fec2,195,treatment,120,0.4738501337356865,0,0.1575,0,0.5205,0,0.6295,0,0.0167114748978309,0,0.8172399401664734,0,0.585,0,0.7366666666666667,0,0.2633333333333333,0,0,0,55,0,207,0,1
600,245,0.28,0.3,3,0.05,0.05,0.05,2,0.161,0.0225,1,0.005,hybrid,0.1,0.5,0.3,0.01,0.0020833333333333333,0.0048,8,0.75,0.2,8,16,0,2,false,0.585,0.75,1,worldModel,weighted,0,a2a0fec2,195,baseline,120,0.5013865777974328,0,0.2245,0,0.5485,0,0.6455,0,0.013891188957665439,0,0.9014148712158203,0,,,,,0.36,0,0,0,46,0,207,0,1
600,245,0.28,0.3,3,0.05,0.05,0.05,2,0.161,0.02425,1,0.005,hybrid,0.1,0.5,0.3,0.01,0.0020833333333333333,0.0048,8,0.75,0.2,8,16,0,2,true,0.585,0.75,1,worldModel,weighted,0,a2a0fec2,196,treatment,120,0.45563644694164396,0,0.1535,0,0.5065,0,0.6265,0,0.014507782428936694,0,0.8734633922576904,0,0.585,0,0.8033333333333333,0,0.19666666666666666,0,0,0,46,0,213,0,1
600,245,0.28,0.3,3,0.05,0.05,0.05,2,0.161,0.02425,1,0.005,hybrid,0.1,0.5,0.3,0.01,0.0020833333333333333,0.0048,8,0.75,0.2,8,16,0,2,false,0.585,0.75,1,worldModel,weighted,0,a2a0fec2,196,baseline,120,0.4759647447243333,0,0.2005,0,0.5245,0,0.6445,0,0.013717805656699217,0,0.8735213875770569,0,,,,,0.2633333333333333,0,0,0,62,0,211,0,1
600,245,0.28,0.3,3,0.05,0.05,0.05,2,0.161,0.026,1,0.005,hybrid,0.1,0.5,0.3,0.01,0.0020833333333333333,0.0048,8,0.75,0.2,8,16,0,2,true,0.585,0.75,1,worldModel,weighted,0,a2a0fec2,197,treatment,120,0.467531537146618,0,0.1815,0,0.5085,0,0.6325,0,0.01870697178434274,0,0.8997729420661926,0,0.585,0,0.7383333333333333,0,0.26166666666666666,0,0,0,42,0,211,0,1
600,245,0.28,0.3,3,0.05,0.05,0.05,2,0.161,0.026,1,0.005,hybrid,0.1,0.5,0.3,0.01,0.0020833333333333333,0.0048,8,0.75,0.2,8,16,0,2,false,0.585,0.75,1,worldModel,weighted,0,a2a0fec2,197,baseline,120,0.496262309824427,0,0.2385,0,0.5405,0,0.6505,0,0.013951831153184038,0,0.9310994148254395,0,,,,,0.30833333333333335,0,0,0,48,0,210,0,1
600,245,0.28,0.3,3,0.05,0.05,0.05,2,0.161,0.02775,1,0.005,hybrid,0.1,0.5,0.3,0.01,0.0020833333333333333,0.0048,8,0.75,0.2,8,16,0,2,true,0.585,0.75,1,worldModel,weighted,0,a2a0fec2,198,treatment,120,0.461292664843301,0,0.1835,0,0.5085,0,0.6155,0,0.015256601485616335,0,0.8512078523635864,0,0.585,0,0.835,0,0.165,0,0,0,55,0,207,0,1
600,245,0.28,0.3,3,0.05,0.05,0.05,2,0.161,0.02775,1,0.005,hybrid,0.1,0.5,0.3,0.01,0.0020833333333333333,0.0048,8,0.75,0.2,8,16,0,2,false,0.585,0.75,1,worldModel,weighted,0,a2a0fec2,198,baseline,120,0.4771148735222717,0,0.1895,0,0.5345,0,0.6275,0,0.01357382503546141,0,0.8512078523635864,0,,,,,0.2916666666666667,0,0,0,50,0,212,0,1
600,245,0.28,0.3,3,0.05,0.05,0.05,2,0.161,0.0295,1,0.005,hybrid,0.1,0.5,0.3,0.01,0.0020833333333333333,0.0048,8,0.75,0.2,8,16,0,2,true,0.585,0.75,1,worldModel,weighted,0,a2a0fec2,199,treatment,120,0.4452708737924695,0,0.1565,0,0.4935,0,0.6085,0,0.015738648913392515,0,0.8430847525596619,0,0.585,0,0.8416666666666667,0,0.15833333333333333,0,0,0,47,0,214,0,1
600,245,0.28,0.3,3,0.05,0.05,0.05,2,0.161,0.0295,1,0.005,hybrid,0.1,0.5,0.3,0.01,0.0020833333333333333,0.0048,8,0.75,0.2,8,16,0,2,false,0.585,0.75,1,worldModel,weighted,0,a2a0fec2,199,baseline,120,0.47483567969252666,0,0.2165,0,0.5175,0,0.6225,0,0.013329055209253248,0,0.8300599455833435,0,,,,,0.22333333333333333,0,0,0,49,0,207,0,1
600,245,0.28,0.3,3,0.05,0.05,0.05,2,0.161,0.03125,1,0.005,hybrid,0.1,0.5,0.3,0.01,0.0020833333333333333,0.0048,8,0.75,0.2,8,16,0,2,true,0.585,0.75,1,worldModel,weighted,0,a2a0fec2,200,treatment,120,0.4711450706794858,0,0.1865,0,0.5145,0,0.6335,0,0.019594024038433664,0,0.9542102217674255,0,0.585,0,0.7966666666666666,0,0.20333333333333334,0,0,0,50,0,212,0,1
600,245,0.28,0.3,3,0.05,0.05,0.05,2,0.161,0.03125,1,0.005,hybrid,0.1,0.5,0.3,0.01,0.0020833333333333333,0.0048,8,0.75,0.2,8,16,0,2,false,0.585,0.75,1,worldModel,weighted,0,a2a0fec2,200,baseline,120,0.48639168496554097,0,0.2165,0,0.5275,0,0.6355,0,0.01801706072010232,0,0.9542272090911865,0,,,,,0.27666666666666667,0,0,0,55,0,213,0,1
600,245,0.28,0.3,3,0.05,0.05,0.05,2,0.161,0.033,1,0.005,hybrid,0.1,0.5,0.3,0.01,0.0020833333333333333,0.0048,8,0.75,0.2,8,16,0,2,true,0.585,0.75,1,worldModel,weighted,0,a2a0fec2,201,treatment,120,0.4552693890904387,0,0.2115,0,0.4955,0,0.5995,0,0.016554802961375528,0,1,0,0.585,0,0.8766666666666667,0,0.12333333333333334,0,0,0,44,0,216,0,1
600,245,0.28,0.3,3,0.05,0.05,0.05,2,0.161,0.033,1,0.005,hybrid,0.1,0.5,0.3,0.01,0.0020833333333333333,0.0048,8,0.75,0.2,8,16,0,2,false,0.585,0.75,1,worldModel,weighted,0,a2a0fec2,201,baseline,120,0.4769320214726031,0,0.2045,0,0.5225,0,0.6305,0,0.01528771312696031,0,0.8685569763183594,0,,,,,0.20666666666666667,0,0,0,52,0,209,0,1
600,245,0.28,0.3,3,0.05,0.05,0.05,2,0.161,0.03475,1,0.005,hybrid,0.1,0.5,0.3,0.01,0.0020833333333333333,0.0048,8,0.75,0.2,8,16,0,2,true,0.585,0.75,1,worldModel,weighted,0,a2a0fec2,202,treatment,120,0.47086623005568984,0,0.2275,0,0.5085,0,0.6155,0,0.012929391707008402,0,0.8733226656913757,0,0.585,0,0.8266666666666667,0,0.17333333333333334,0,0,0,51,0,204,0,1
600,245,0.28,0.3,3,0.05,0.05,0.05,2,0.161,0.03475,1,0.005,hybrid,0.1,0.5,0.3,0.01,0.0020833333333333333,0.0048,8,0.75,0.2,8,16,0,2,false,0.585,0.75,1,worldModel,weighted,0,a2a0fec2,202,baseline,120,0.4869184994076689,0,0.2555,0,0.5335,0,0.6175,0,0.016263697880284055,0,0.887471616268158,0,,,,,0.24333333333333335,0,0,0,41,0,206,0,1
600,245,0.28,0.3,3,0.05,0.05,0.05,2,0.161,0.0365,1,0.005,hybrid,0.1,0.5,0.3,0.01,0.0020833333333333333,0.0048,8,0.75,0.2,8,16,0,2,true,0.585,0.75,1,worldModel,weighted,0,a2a0fec2,203,treatment,120,0.4567032197117806,0,0.1955,0,0.4965,0,0.6025,0,0.01324072118220433,0,0.7754024267196655,0,0.585,0,0.8616666666666667,0,0.13833333333333334,0,0,0,56,0,201,0,1
600,245,0.28,0.3,3,0.05,0.05,0.05,2,0.161,0.0365,1,0.005,hybrid,0.1,0.5,0.3,0.01,0.0020833333333333333,0.0048,8,0.75,0.2,8,16,0,2,false,0.585,0.75,1,worldModel,weighted,0,a2a0fec2,203,baseline,120,0.46887192739794653,0,0.1985,0,0.5175,0,0.6125,0,0.016331490904659574,0,0.8037471771240234,0,,,,,0.16,0,0,0,43,0,208,0,1
600,245,0.28,0.3,3,0.05,0.05,0.05,2,0.161,0.03825,1,0.005,hybrid,0.1,0.5,0.3,0.01,0.0020833333333333333,0.0048,8,0.75,0.2,8,16,0,2,true,0.585,0.75,1,worldModel,weighted,0,a2a0fec2,204,treatment,120,0.4610518617245058,0,0.1995,0,0.5095,0,0.6185,0,0.013609716230642648,0,0.9474256634712219,0,0.585,0,0.815,0,0.185,0,0,0,52,0,205,0,1
600,245,0.28,0.3,3,0.05,0.05,0.05,2,0.161,0.03825,1,0.005,hybrid,0.1,0.5,0.3,0.01,0.0020833333333333333,0.0048,8,0.75,0.2,8,16,0,2,false,0.585,0.75,1,worldModel,weighted,0,a2a0fec2,204,baseline,120,0.47126474431405463,0,0.2025,0,0.5135,0,0.6255,0,0.013592905231005871,0,0.9545937776565552,0,,,,,0.23,0,0,0,56,0,208,0,1
600,245,0.28,0.3,3,0.05,0.05,0.05,2,0.161,0.04,1,0.005,hybrid,0.1,0.5,0.3,0.01,0.0020833333333333333,0.0048,8,0.75,0.2,8,16,0,2,true,0.585,0.75,1,worldModel,weighted,0,a2a0fec2,205,treatment,120,0.4445487549776832,0,0.1935,0,0.4855,0,0.5935,0,0.013197764689535594,0,0.7739307880401611,0,0.585,0,0.8933333333333333,0,0.10666666666666667,0,0,0,55,0,208,0,1
600,245,0.28,0.3,3,0.05,0.05,0.05,2,0.161,0.04,1,0.005,hybrid,0.1,0.5,0.3,0.01,0.0020833333333333333,0.0048,8,0.75,0.2,8,16,0,2,false,0.585,0.75,1,worldModel,weighted,0,a2a0fec2,205,baseline,120,0.46699375508973995,0,0.1995,0,0.5165,0,0.6015,0,0.01360956443604216,0,0.8396223187446594,0,,,,,0.17333333333333334,0,0,0,47,0,213,0,1
600,245,0.28,0.3,3,0.05,0.05,0.05,2,0.161,0.04175,1,0.005,hybrid,0.1,0.5,0.3,0.01,0.0020833333333333333,0.0048,8,0.75,0.2,8,16,0,2,true,0.585,0.75,1,worldModel,weighted,0,a2a0fec2,206,treatment,120,0.4594637506144742,0,0.2135,0,0.5005,0,0.5895,0,0.011133843733761535,0,0.8177827596664429,0,0.585,0,0.885,0,0.115,0,0,0,40,0,213,0,1
600,245,0.28,0.3,3,0.05,0.05,0.05,2,0.161,0.04175,1,0.005,hybrid,0.1,0.5,0.3,0.01,0.0020833333333333333,0.0048,8,0.75,0.2,8,16,0,2,false,0.585,0.75,1,worldModel,weighted,0,a2a0fec2,206,baseline,120,0.47804174793263277,0,0.2435,0,0.5145,0,0.6075,0,0.012226057326347952,0,0.8120294213294983,0,,,,,0.175,0,0,0,43,0,210,0,1
600,245,0.28,0.3,3,0.05,0.05,0.05,2,0.161,0.0435,1,0.005,hybrid,0.1,0.5,0.3,0.01,0.0020833333333333333,0.0048,8,0.75,0.2,8,16,0,2,true,0.585,0.75,1,worldModel,weighted,0,a2a0fec2,207,treatment,120,0.45109103825564184,0,0.1865,0,0.5015,0,0.5945,0,0.013081880157041363,0,0.818298876285553,0,0.585,0,0.8733333333333333,0,0.12666666666666668,0,0,0,50,0,211,0,1
600,245,0.28,0.3,3,0.05,0.05,0.05,2,0.161,0.0435,1,0.005,hybrid,0.1,0.5,0.3,0.01,0.0020833333333333333,0.0048,8,0.75,0.2,8,16,0,2,false,0.585,0.75,1,worldModel,weighted,0,a2a0fec2,207,baseline,120,0.4683797125518322,0,0.2085,0,0.5205,0,0.6065,0,0.013375110952737638,0,0.7901633977890015,0,,,,,0.15666666666666668,0,0,0,48,0,211,0,1
600,245,0.28,0.3,3,0.05,0.05,0.05,2,0.161,0.04525,1,0.005,hybrid,0.1,0.5,0.3,0.01,0.0020833333333333333,0.0048,8,0.75,0.2,8,16,0,2,true,0.585,0.75,1,worldModel,weighted,0,a2a0fec2,208,treatment,120,0.4520826357851426,0,0.1955,0,0.4925,0,0.5915,0,0.01227108942743115,0,0.7922257781028748,0,0.585,0,0.865,0,0.135,0,0,0,56,0,215,0,1
600,245,0.28,0.3,3,0.05,0.05,0.05,2,0.161,0.04525,1,0.005,hybrid,0.1,0.5,0.3,0.01,0.0020833333333333333,0.0048,8,0.75,0.2,8,16,0,2,false,0.585,0.75,1,worldModel,weighted,0,a2a0fec2,208,baseline,120,0.4813703119630615,0,0.2435,0,0.5235,0,0.6135,0,0.013178301139560228,0,0.7979133725166321,0,,,,,0.23833333333333334,0,0,0,52,0,210,0,1
600,245,0.28,0.3,3,0.05,0.05,0.05,2,0.161,0.047,1,0.005,hybrid,0.1,0.5,0.3,0.01,0.0020833333333333333,0.0048,8,0.75,0.2,8,16,0,2,true,0.585,0.75,1,worldModel,weighted,0,a2a0fec2,209,treatment,120,0.44468601962551474,0,0.2045,0,0.4755,0,0.5805,0,0.014158572211773775,0,0.8676731586456299,0,0.585,0,0.91,0,0.09,0,0,0,42,0,207,0,1
600,245,0.28,0.3,3,0.05,0.05,0.05,2,0.161,0.047,1,0.005,hybrid,0.1,0.5,0.3,0.01,0.0020833333333333333,0.0048,8,0.75,0.2,8,16,0,2,false,0.585,0.75,1,worldModel,weighted,0,a2a0fec2,209,baseline,120,0.46551482294996577,0,0.2545,0,0.4985,0,0.6025,0,0.013217894970047378,0,0.8728465437889099,0,,,,,0.13833333333333334,0,0,0,41,0,209,0,1
600,245,0.28,0.3,3,0.05,0.05,0.05,2,0.17,0.012,1,0.005,hybrid,0.1,0.5,0.3,0.01,0.0020833333333333333,0.0048,8,0.75,0.2,8,16,0,2,true,0.585,0.75,1,worldModel,weighted,0,a2a0fec2,210,treatment,120,0.49821707810585697,0,0.1925,0,0.5425,0,0.6665,0,0.017642455928773892,0,0.933742105960846,0,0.585,0,0.6533333333333333,0,0.3466666666666667,0,0,0,49,0,206,0,1
600,245,0.28,0.3,3,0.05,0.05,0.05,2,0.17,0.012,1,0.005,hybrid,0.1,0.5,0.3,0.01,0.0020833333333333333,0.0048,8,0.75,0.2,8,16,0,2,false,0.585,0.75,1,worldModel,weighted,0,a2a0fec2,210,baseline,120,0.5154872121786078,0,0.2345,0,0.5615,0,0.6745,0,0.018454467353534412,0,0.9117739200592041,0,,,,,0.42333333333333334,0,0,0,39,0,211,0,1
600,245,0.28,0.3,3,0.05,0.05,0.05,2,0.17,0.01375,1,0.005,hybrid,0.1,0.5,0.3,0.01,0.0020833333333333333,0.0048,8,0.75,0.2,8,16,0,2,true,0.585,0.75,1,worldModel,weighted,0,a2a0fec2,211,treatment,120,0.5024151871353388,0,0.2495,0,0.5355,0,0.6635,0,0.017231957665059503,0,0.8973434567451477,0,0.585,0,0.675,0,0.325,0,0,0,51,0,211,0,1
600,245,0.28,0.3,3,0.05,0.05,0.05,2,0.17,0.01375,1,0.005,hybrid,0.1,0.5,0.3,0.01,0.0020833333333333333,0.0048,8,0.75,0.2,8,16,0,2,false,0.585,0.75,1,worldModel,weighted,0,a2a0fec2,211,baseline,120,0.5234837299399078,0,0.2965,0,0.5625,0,0.6715,0,0.014744573858607125,0,0.8707672953605652,0,,,,,0.4166666666666667,0,0,0,43,0,212,0,1
600,245,0.28,0.3,3,0.05,0.05,0.05,2,0.17,0.0155,1,0.005,hybrid,0.1,0.5,0.3,0.01,0.0020833333333333333,0.0048,8,0.75,0.2,8,16,0,2,true,0.585,0.75,1,worldModel,weighted,0,a2a0fec2,212,treatment,120,0.5051948579711218,0,0.2375,0,0.5505,0,0.6645,0,0.017245054805449734,0,0.9007664322853088,0,0.585,0,0.625,0,0.375,0,0,0,48,0,212,0,1
600,245,0.28,0.3,3,0.05,0.05,0.05,2,0.17,0.0155,1,0.005,hybrid,0.1,0.5,0.3,0.01,0.0020833333333333333,0.0048,8,0.75,0.2,8,16,0,2,false,0.585,0.75,1,worldModel,weighted,0,a2a0fec2,212,baseline,120,0.5211788603415092,0,0.2475,0,0.5735,0,0.6735,0,0.014604141105650765,0,0.8979927897453308,0,,,,,0.44,0,0,0,51,0,211,0,1
600,245,0.28,0.3,3,0.05,0.05,0.05,2,0.17,0.01725,1,0.005,hybrid,0.1,0.5,0.3,0.01,0.0020833333333333333,0.0048,8,0.75,0.2,8,16,0,2,true,0.585,0.75,1,worldModel,weighted,0,a2a0fec2,213,treatment,120,0.48760821151236694,0,0.1985,0,0.5335,0,0.6565,0,0.015166784549035974,0,0.8248355984687805,0,0.585,0,0.6933333333333334,0,0.30666666666666664,0,0,0,37,0,213,0,1
600,245,0.28,0.3,3,0.05,0.05,0.05,2,0.17,0.01725,1,0.005,hybrid,0.1,0.5,0.3,0.01,0.0020833333333333333,0.0048,8,0.75,0.2,8,16,0,2,false,0.585,0.75,1,worldModel,weighted,0,a2a0fec2,213,baseline,120,0.5135425132885575,0,0.2465,0,0.5605,0,0.6615,0,0.016011015697774675,0,0.8561276197433472,0,,,,,0.4033333333333333,0,0,0,37,0,211,0,1
600,245,0.28,0.3,3,0.05,0.05,0.05,2,0.17,0.019,1,0.005,hybrid,0.1,0.5,0.3,0.01,0.0020833333333333333,0.0048,8,0.75,0.2,8,16,0,2,true,0.585,0.75,1,worldModel,weighted,0,a2a0fec2,214,treatment,120,0.48864763403311373,0,0.2205,0,0.5325,0,0.6355,0,0.014734138213208894,0,0.8741022348403931,0,0.585,0,0.73,0,0.27,0,0,0,46,0,216,0,1
600,245,0.28,0.3,3,0.05,0.05,0.05,2,0.17,0.019,1,0.005,hybrid,0.1,0.5,0.3,0.01,0.0020833333333333333,0.0048,8,0.75,0.2,8,16,0,2,false,0.585,0.75,1,worldModel,weighted,0,a2a0fec2,214,baseline,120,0.5048636720639964,0,0.2285,0,0.5445,0,0.6555,0,0.017097891176257637,0,0.8834207653999329,0,,,,,0.36333333333333334,0,0,0,38,0,214,0,1
600,245,0.28,0.3,3,0.05,0.05,0.05,2,0.17,0.02075,1,0.005,hybrid,0.1,0.5,0.3,0.01,0.0020833333333333333,0.0048,8,0.75,0.2,8,16,0,2,true,0.585,0.75,1,worldModel,weighted,0,a2a0fec2,215,treatment,120,0.47207135359446206,0,0.1655,0,0.5365,0,0.6465,0,0.01816864437178163,0,0.873123824596405,0,0.585,0,0.7,0,0.3,0,0,0,45,0,210,0,1
600,245,0.28,0.3,3,0.05,0.05,0.05,2,0.17,0.02075,1,0.005,hybrid,0.1,0.5,0.3,0.01,0.0020833333333333333,0.0048,8,0.75,0.2,8,16,0,2,false,0.585,0.75,1,worldModel,weighted,0,a2a0fec2,215,baseline,120,0.5017168727268775,0,0.2055,0,0.5605,0,0.6675,0,0.02031296181901502,0,0.873123824596405,0,,,,,0.39166666666666666,0,0,0,51,0,209,0,1
600,245,0.28,0.3,3,0.05,0.05,0.05,2,0.17,0.0225,1,0.005,hybrid,0.1,0.5,0.3,0.01,0.0020833333333333333,0.0048,8,0.75,0.2,8,16,0,2,true,0.585,0.75,1,worldModel,weighted,0,a2a0fec2,216,treatment,120,0.4796470637495319,0,0.2005,0,0.5245,0,0.6325,0,0.015573461673404258,0,0.8188116550445557,0,0.585,0,0.7433333333333333,0,0.25666666666666665,0,0,0,43,0,211,0,1
600,245,0.28,0.3,3,0.05,0.05,0.05,2,0.17,0.0225,1,0.005,hybrid,0.1,0.5,0.3,0.01,0.0020833333333333333,0.0048,8,0.75,0.2,8,16,0,2,false,0.585,0.75,1,worldModel,weighted,0,a2a0fec2,216,baseline,120,0.5056680764009556,0,0.2505,0,0.5505,0,0.6485,0,0.012053554978133237,0,0.8410856127738953,0,,,,,0.375,0,0,0,55,0,214,0,1
600,245,0.28,0.3,3,0.05,0.05,0.05,2,0.17,0.02425,1,0.005,hybrid,0.1,0.5,0.3,0.01,0.0020833333333333333,0.0048,8,0.75,0.2,8,16,0,2,true,0.585,0.75,1,worldModel,weighted,0,a2a0fec2,217,treatment,120,0.47331672930469115,0,0.1915,0,0.5225,0,0.6325,0,0.018269464816797667,0,0.9204856157302856,0,0.585,0,0.7383333333333333,0,0.26166666666666666,0,0,0,51,0,213,0,1
600,245,0.28,0.3,3,0.05,0.05,0.05,2,0.17,0.02425,1,0.005,hybrid,0.1,0.5,0.3,0.01,0.0020833333333333333,0.0048,8,0.75,0.2,8,16,0,2,false,0.585,0.75,1,worldModel,weighted,0,a2a0fec2,217,baseline,120,0.48426355972265206,0,0.1825,0,0.5335,0,0.6395,0,0.015044184812715895,0,0.9090784192085266,0,,,,,0.3233333333333333,0,0,0,53,0,213,0,1
600,245,0.28,0.3,3,0.05,0.05,0.05,2,0.17,0.026,1,0.005,hybrid,0.1,0.5,0.3,0.01,0.0020833333333333333,0.0048,8,0.75,0.2,8,16,0,2,true,0.585,0.75,1,worldModel,weighted,0,a2a0fec2,218,treatment,120,0.470475221388042,0,0.1675,0,0.5085,0,0.6425,0,0.016723163890521794,0,0.8595214486122131,0,0.585,0,0.7466666666666667,0,0.25333333333333335,0,0,0,52,0,209,0,1
600,245,0.28,0.3,3,0.05,0.05,0.05,2,0.17,0.026,1,0.005,hybrid,0.1,0.5,0.3,0.01,0.0020833333333333333,0.0048,8,0.75,0.2,8,16,0,2,false,0.585,0.75,1,worldModel,weighted,0,a2a0fec2,218,baseline,120,0.4924425377696753,0,0.1915,0,0.5375,0,0.6545,0,0.014782941125908566,0,0.8624220490455627,0,,,,,0.31833333333333336,0,0,0,44,0,212,0,1
600,245,0.28,0.3,3,0.05,0.05,0.05,2,0.17,0.02775,1,0.005,hybrid,0.1,0.5,0.3,0.01,0.0020833333333333333,0.0048,8,0.75,0.2,8,16,0,2,true,0.585,0.75,1,worldModel,weighted,0,a2a0fec2,219,treatment,120,0.46649761360138653,0,0.1935,0,0.5095,0,0.6215,0,0.01594823452878803,0,0.9561310410499573,0,0.585,0,0.7783333333333333,0,0.22166666666666668,0,0,0,52,0,212,0,1
600,245,0.28,0.3,3,0.05,0.05,0.05,2,0.17,0.02775,1,0.005,hybrid,0.1,0.5,0.3,0.01,0.0020833333333333333,0.0048,8,0.75,0.2,8,16,0,2,false,0.585,0.75,1,worldModel,weighted,0,a2a0fec2,219,baseline,120,0.49416258310899136,0,0.2035,0,0.5355,0,0.6435,0,0.015910404522684742,0,0.9583749771118164,0,,,,,0.28833333333333333,0,0,0,44,0,211,0,1
600,245,0.28,0.3,3,0.05,0.05,0.05,2,0.17,0.0295,1,0.005,hybrid,0.1,0.5,0.3,0.01,0.0020833333333333333,0.0048,8,0.75,0.2,8,16,0,2,true,0.585,0.75,1,worldModel,weighted,0,a2a0fec2,220,treatment,120,0.46674894029274583,0,0.1855,0,0.5075,0,0.6305,0,0.01733333669647908,0,0.8254424929618835,0,0.585,0,0.7633333333333333,0,0.23666666666666666,0,0,0,55,0,214,0,1
600,245,0.28,0.3,3,0.05,0.05,0.05,2,0.17,0.0295,1,0.005,hybrid,0.1,0.5,0.3,0.01,0.0020833333333333333,0.0048,8,0.75,0.2,8,16,0,2,false,0.585,0.75,1,worldModel,weighted,0,a2a0fec2,220,baseline,120,0.49657827583452063,0,0.2725,0,0.5415,0,0.6475,0,0.015185132603135991,0,0.8336297869682312,0,,,,,0.30333333333333334,0,0,0,54,0,209,0,1
600,245,0.28,0.3,3,0.05,0.05,0.05,2,0.17,0.03125,1,0.005,hybrid,0.1,0.5,0.3,0.01,0.0020833333333333333,0.0048,8,0.75,0.2,8,16,0,2,true,0.585,0.75,1,worldModel,weighted,0,a2a0fec2,221,treatment,120,0.46794960882514713,0,0.2115,0,0.5085,0,0.6095,0,0.014837864154621632,0,0.8781965374946594,0,0.585,0,0.84,0,0.16,0,0,0,45,0,211,0,1
600,245,0.28,0.3,3,0.05,0.05,0.05,2,0.17,0.03125,1,0.005,hybrid,0.1,0.5,0.3,0.01,0.0020833333333333333,0.0048,8,0.75,0.2,8,16,0,2,false,0.585,0.75,1,worldModel,weighted,0,a2a0fec2,221,baseline,120,0.48585918644443155,0,0.2645,0,0.5225,0,0.6105,0,0.012185108482750251,0,0.83234703540802,0,,,,,0.18833333333333332,0,0,0,40,0,210,0,1
600,245,0.28,0.3,3,0.05,0.05,0.05,2,0.17,0.033,1,0.005,hybrid,0.1,0.5,0.3,0.01,0.0020833333333333333,0.0048,8,0.75,0.2,8,16,0,2,true,0.585,0.75,1,worldModel,weighted,0,a2a0fec2,222,treatment,120,0.4659600606622795,0,0.1635,0,0.5185,0,0.6165,0,0.017681913227385236,0,0.8879269957542419,0,0.585,0,0.8033333333333333,0,0.19666666666666666,0,0,0,40,0,212,0,1
600,245,0.28,0.3,3,0.05,0.05,0.05,2,0.17,0.033,1,0.005,hybrid,0.1,0.5,0.3,0.01,0.0020833333333333333,0.0048,8,0.75,0.2,8,16,0,2,false,0.585,0.75,1,worldModel,weighted,0,a2a0fec2,222,baseline,120,0.48472336403404676,0,0.2125,0,0.5405,0,0.6245,0,0.012577662915344344,0,0.8879269957542419,0,,,,,0.24666666666666667,0,0,0,45,0,212,0,1
600,245,0.28,0.3,3,0.05,0.05,0.05,2,0.17,0.03475,1,0.005,hybrid,0.1,0.5,0.3,0.01,0.0020833333333333333,0.0048,8,0.75,0.2,8,16,0,2,true,0.585,0.75,1,worldModel,weighted,0,a2a0fec2,223,treatment,120,0.46623452097177503,0,0.2105,0,0.5095,0,0.6195,0,0.013509920605384968,0,0.917518138885498,0,0.585,0,0.8483333333333334,0,0.15166666666666667,0,0,0,47,0,209,0,1
600,245,0.28,0.3,3,0.05,0.05,0.05,2,0.17,0.03475,1,0.005,hybrid,0.1,0.5,0.3,0.01,0.0020833333333333333,0.0048,8,0.75,0.2,8,16,0,2,false,0.585,0.75,1,worldModel,weighted,0,a2a0fec2,223,baseline,120,0.4773677330215772,0,0.2195,0,0.5225,0,0.6195,0,0.013814012966717658,0,0.9060547947883606,0,,,,,0.20666666666666667,0,0,0,48,0,212,0,1
600,245,0.28,0.3,3,0.05,0.05,0.05,2,0.17,0.0365,1,0.005,hybrid,0.1,0.5,0.3,0.01,0.0020833333333333333,0.0048,8,0.75,0.2,8,16,0,2,true,0.585,0.75,1,worldModel,weighted,0,a2a0fec2,224,treatment,120,0.4587190214979152,0,0.1805,0,0.5035,0,0.6025,0,0.01679066603133563,0,0.805108904838562,0,0.585,0,0.85,0,0.15,0,0,0,47,0,207,0,1
600,245,0.28,0.3,3,0.05,0.05,0.05,2,0.17,0.0365,1,0.005,hybrid,0.1,0.5,0.3,0.01,0.0020833333333333333,0.0048,8,0.75,0.2,8,16,0,2,false,0.585,0.75,1,worldModel,weighted,0,a2a0fec2,224,baseline,120,0.4728413859009743,0,0.2065,0,0.5165,0,0.6215,0,0.01346706642112079,0,0.8207695484161377,0,,,,,0.205,0,0,0,46,0,213,0,1
600,245,0.28,0.3,3,0.05,0.05,0.05,2,0.17,0.03825,1,0.005,hybrid,0.1,0.5,0.3,0.01,0.0020833333333333333,0.0048,8,0.75,0.2,8,16,0,2,true,0.585,0.75,1,worldModel,weighted,0,a2a0fec2,225,treatment,120,0.4624380438153942,0,0.1845,0,0.5115,0,0.6175,0,0.015931930395856844,0,0.8637657761573792,0,0.585,0,0.7816666666666666,0,0.21833333333333332,0,0,0,50,0,210,0,1
600,245,0.28,0.3,3,0.05,0.05,0.05,2,0.17,0.03825,1,0.005,hybrid,0.1,0.5,0.3,0.01,0.0020833333333333333,0.0048,8,0.75,0.2,8,16,0,2,false,0.585,0.75,1,worldModel,weighted,0,a2a0fec2,225,baseline,120,0.48407261563465,0,0.2175,0,0.5255,0,0.6315,0,0.016540316685586,0,0.8038713932037354,0,,,,,0.285,0,0,0,55,0,208,0,1
600,245,0.28,0.3,3,0.05,0.05,0.05,2,0.17,0.04,1,0.005,hybrid,0.1,0.5,0.3,0.01,0.0020833333333333333,0.0048,8,0.75,0.2,8,16,0,2,true,0.585,0.75,1,worldModel,weighted,0,a2a0fec2,226,treatment,120,0.44727937020982306,0,0.1705,0,0.4955,0,0.5855,0,0.01619082483450236,0,0.8310832977294922,0,0.585,0,0.8966666666666666,0,0.10333333333333333,0,0,0,47,0,210,0,1
600,245,0.28,0.3,3,0.05,0.05,0.05,2,0.17,0.04,1,0.005,hybrid,0.1,0.5,0.3,0.01,0.0020833333333333333,0.0048,8,0.75,0.2,8,16,0,2,false,0.585,0.75,1,worldModel,weighted,0,a2a0fec2,226,baseline,120,0.467995078333964,0,0.2105,0,0.5155,0,0.6035,0,0.015014468982538786,0,0.8409792184829712,0,,,,,0.16833333333333333,0,0,0,42,0,210,0,1
600,245,0.28,0.3,3,0.05,0.05,0.05,2,0.17,0.04175,1,0.005,hybrid,0.1,0.5,0.3,0.01,0.0020833333333333333,0.0048,8,0.75,0.2,8,16,0,2,true,0.585,0.75,1,worldModel,weighted,0,a2a0fec2,227,treatment,120,0.46032183354099593,0,0.1885,0,0.5045,0,0.6085,0,0.0159693236951291,0,0.8776103854179382,0,0.585,0,0.8383333333333334,0,0.16166666666666665,0,0,0,42,0,208,0,1
600,245,0.28,0.3,3,0.05,0.05,0.05,2,0.17,0.04175,1,0.005,hybrid,0.1,0.5,0.3,0.01,0.0020833333333333333,0.0048,8,0.75,0.2,8,16,0,2,false,0.585,0.75,1,worldModel,weighted,0,a2a0fec2,227,baseline,120,0.48318664335335293,0,0.2315,0,0.5315,0,0.6225,0,0.012672554325038323,0,0.8610937595367432,0,,,,,0.22333333333333333,0,0,0,52,0,213,0,1
600,245,0.28,0.3,3,0.05,0.05,0.05,2,0.17,0.0435,1,0.005,hybrid,0.1,0.5,0.3,0.01,0.0020833333333333333,0.0048,8,0.75,0.2,8,16,0,2,true,0.585,0.75,1,worldModel,weighted,0,a2a0fec2,228,treatment,120,0.4581392044884463,0,0.2125,0,0.4965,0,0.6005,0,0.015636335521020946,0,0.791990339756012,0,0.585,0,0.875,0,0.125,0,0,0,48,0,212,0,1
600,245,0.28,0.3,3,0.05,0.05,0.05,2,0.17,0.0435,1,0.005,hybrid,0.1,0.5,0.3,0.01,0.0020833333333333333,0.0048,8,0.75,0.2,8,16,0,2,false,0.585,0.75,1,worldModel,weighted,0,a2a0fec2,228,baseline,120,0.4830811944852273,0,0.2475,0,0.5215,0,0.6105,0,0.014920552386469626,0,0.8038946986198425,0,,,,,0.21333333333333335,0,0,0,55,0,211,0,1
600,245,0.28,0.3,3,0.05,0.05,0.05,2,0.17,0.04525,1,0.005,hybrid,0.1,0.5,0.3,0.01,0.0020833333333333333,0.0048,8,0.75,0.2,8,16,0,2,true,0.585,0.75,1,worldModel,weighted,0,a2a0fec2,229,treatment,120,0.46239391731098295,0,0.2055,0,0.5065,0,0.6035,0,0.01720337571688285,0,0.8439972996711731,0,0.585,0,0.835,0,0.165,0,0,0,47,0,211,0,1
600,245,0.28,0.3,3,0.05,0.05,0.05,2,0.17,0.04525,1,0.005,hybrid,0.1,0.5,0.3,0.01,0.0020833333333333333,0.0048,8,0.75,0.2,8,16,0,2,false,0.585,0.75,1,worldModel,weighted,0,a2a0fec2,229,baseline,120,0.48433852815379697,0,0.2535,0,0.5215,0,0.6135,0,0.015268422201174173,0,0.8753513097763062,0,,,,,0.22,0,0,0,44,0,212,0,1
600,245,0.28,0.3,3,0.05,0.05,0.05,2,0.17,0.047,1,0.005,hybrid,0.1,0.5,0.3,0.01,0.0020833333333333333,0.0048,8,0.75,0.2,8,16,0,2,true,0.585,0.75,1,worldModel,weighted,0,a2a0fec2,230,treatment,120,0.44128300444533425,0,0.1805,0,0.4745,0,0.5825,0,0.01606150680644001,0,0.842841625213623,0,0.585,0,0.9066666666666666,0,0.09333333333333334,0,0,0,56,0,207,0,1
600,245,0.28,0.3,3,0.05,0.05,0.05,2,0.17,0.047,1,0.005,hybrid,0.1,0.5,0.3,0.01,0.0020833333333333333,0.0048,8,0.75,0.2,8,16,0,2,false,0.585,0.75,1,worldModel,weighted,0,a2a0fec2,230,baseline,120,0.46709533359234534,0,0.2255,0,0.5015,0,0.6035,0,0.01274220475220041,0,0.842841625213623,0,,,,,0.18,0,0,0,60,0,210,0,1
600,245,0.28,0.3,3,0.05,0.05,0.05,2,0.179,0.012,1,0.005,hybrid,0.1,0.5,0.3,0.01,0.0020833333333333333,0.0048,8,0.75,0.2,8,16,0,2,true,0.585,0.75,1,worldModel,weighted,0,a2a0fec2,231,treatment,120,0.5007649253122508,0,0.2115,0,0.5445,0,0.6835,0,0.019965308850368367,0,0.9409445524215698,0,0.585,0,0.6316666666666667,0,0.36833333333333335,0,0,0,48,0,216,0,1
600,245,0.28,0.3,3,0.05,0.05,0.05,2,0.179,0.012,1,0.005,hybrid,0.1,0.5,0.3,0.01,0.0020833333333333333,0.0048,8,0.75,0.2,8,16,0,2,false,0.585,0.75,1,worldModel,weighted,0,a2a0fec2,231,baseline,120,0.5234254098248978,0,0.2485,0,0.5655,0,0.6925,0,0.020980686543149482,0,0.9421591758728027,0,,,,,0.425,0,0,0,49,0,209,0,1
600,245,0.28,0.3,3,0.05,0.05,0.05,2,0.179,0.01375,1,0.005,hybrid,0.1,0.5,0.3,0.01,0.0020833333333333333,0.0048,8,0.75,0.2,8,16,0,2,true,0.585,0.75,1,worldModel,weighted,0,a2a0fec2,232,treatment,120,0.5024354876826207,0,0.2155,0,0.5445,0,0.6685,0,0.013924464369629446,0,0.9579649567604065,0,0.585,0,0.6283333333333333,0,0.37166666666666665,0,0,0,49,0,213,0,1
600,245,0.28,0.3,3,0.05,0.05,0.05,2,0.179,0.01375,1,0.005,hybrid,0.1,0.5,0.3,0.01,0.0020833333333333333,0.0048,8,0.75,0.2,8,16,0,2,false,0.585,0.75,1,worldModel,weighted,0,a2a0fec2,232,baseline,120,0.5104130865633487,0,0.2035,0,0.5525,0,0.6835,0,0.016339216443450166,0,0.9579649567604065,0,,,,,0.39166666666666666,0,0,0,45,0,211,0,1
600,245,0.28,0.3,3,0.05,0.05,0.05,2,0.179,0.0155,1,0.005,hybrid,0.1,0.5,0.3,0.01,0.0020833333333333333,0.0048,8,0.75,0.2,8,16,0,2,true,0.585,0.75,1,worldModel,weighted,0,a2a0fec2,233,treatment,120,0.4940887574851513,0,0.2025,0,0.5425,0,0.6645,0,0.01382506872547043,0,0.8897169232368469,0,0.585,0,0.68,0,0.32,0,0,0,56,0,213,0,1
600,245,0.28,0.3,3,0.05,0.05,0.05,2,0.179,0.0155,1,0.005,hybrid,0.1,0.5,0.3,0.01,0.0020833333333333333,0.0048,8,0.75,0.2,8,16,0,2,false,0.585,0.75,1,worldModel,weighted,0,a2a0fec2,233,baseline,120,0.5027245349436998,0,0.2105,0,0.5465,0,0.6735,0,0.01596359351049108,0,0.8951140642166138,0,,,,,0.3433333333333333,0,0,0,46,0,212,0,1
600,245,0.28,0.3,3,0.05,0.05,0.05,2,0.179,0.01725,1,0.005,hybrid,0.1,0.5,0.3,0.01,0.0020833333333333333,0.0048,8,0.75,0.2,8,16,0,2,true,0.585,0.75,1,worldModel,weighted,0,a2a0fec2,234,treatment,120,0.4902191273868084,0,0.2035,0,0.5345,0,0.6775,0,0.01634922649298449,0,0.9688189625740051,0,0.585,0,0.6916666666666667,0,0.30833333333333335,0,0,0,43,0,213,0,1
600,245,0.28,0.3,3,0.05,0.05,0.05,2,0.179,0.01725,1,0.005,hybrid,0.1,0.5,0.3,0.01,0.0020833333333333333,0.0048,8,0.75,0.2,8,16,0,2,false,0.585,0.75,1,worldModel,weighted,0,a2a0fec2,234,baseline,120,0.5044192574732006,0,0.2175,0,0.5445,0,0.6815,0,0.01476042129507031,0,0.9719751477241516,0,,,,,0.365,0,0,0,53,0,212,0,1
600,245,0.28,0.3,3,0.05,0.05,0.05,2,0.179,0.019,1,0.005,hybrid,0.1,0.5,0.3,0.01,0.0020833333333333333,0.0048,8,0.75,0.2,8,16,0,2,true,0.585,0.75,1,worldModel,weighted,0,a2a0fec2,235,treatment,120,0.49203486441324157,0,0.1875,0,0.5385,0,0.6535,0,0.01762317494048102,0,0.9495202898979187,0,0.585,0,0.7083333333333334,0,0.2916666666666667,0,0,0,53,0,208,0,1
600,245,0.28,0.3,3,0.05,0.05,0.05,2,0.179,0.019,1,0.005,hybrid,0.1,0.5,0.3,0.01,0.0020833333333333333,0.0048,8,0.75,0.2,8,16,0,2,false,0.585,0.75,1,worldModel,weighted,0,a2a0fec2,235,baseline,120,0.5146767566539348,0,0.2505,0,0.5545,0,0.6615,0,0.01896505366593013,0,0.9495202898979187,0,,,,,0.38,0,0,0,41,0,216,0,1
600,245,0.28,0.3,3,0.05,0.05,0.05,2,0.179,0.02075,1,0.005,hybrid,0.1,0.5,0.3,0.01,0.0020833333333333333,0.0048,8,0.75,0.2,8,16,0,2,true,0.585,0.75,1,worldModel,weighted,0,a2a0fec2,236,treatment,120,0.48064630733182034,0,0.1855,0,0.5325,0,0.6405,0,0.01636660336854047,0,0.9411771893501282,0,0.585,0,0.6933333333333334,0,0.30666666666666664,0,0,0,45,0,211,0,1
600,245,0.28,0.3,3,0.05,0.05,0.05,2,0.179,0.02075,1,0.005,hybrid,0.1,0.5,0.3,0.01,0.0020833333333333333,0.0048,8,0.75,0.2,8,16,0,2,false,0.585,0.75,1,worldModel,weighted,0,a2a0fec2,236,baseline,120,0.5019868856109678,0,0.2235,0,0.5495,0,0.6555,0,0.01590843536787303,0,0.958987295627594,0,,,,,0.36333333333333334,0,0,0,46,0,206,0,1
600,245,0.28,0.3,3,0.05,0.05,0.05,2,0.179,0.0225,1,0.005,hybrid,0.1,0.5,0.3,0.01,0.0020833333333333333,0.0048,8,0.75,0.2,8,16,0,2,true,0.585,0.75,1,worldModel,weighted,0,a2a0fec2,237,treatment,120,0.4637897994183004,0,0.1825,0,0.5075,0,0.6075,0,0.015210972317983011,0,0.9300898313522339,0,0.585,0,0.8466666666666667,0,0.15333333333333332,0,0,0,70,0,207,0,1
600,245,0.28,0.3,3,0.05,0.05,0.05,2,0.179,0.0225,1,0.005,hybrid,0.1,0.5,0.3,0.01,0.0020833333333333333,0.0048,8,0.75,0.2,8,16,0,2,false,0.585,0.75,1,worldModel,weighted,0,a2a0fec2,237,baseline,120,0.4911322137278815,0,0.2265,0,0.5315,0,0.6395,0,0.01315139835198748,0,0.9228451251983643,0,,,,,0.27166666666666667,0,0,0,50,0,208,0,1
600,245,0.28,0.3,3,0.05,0.05,0.05,2,0.179,0.02425,1,0.005,hybrid,0.1,0.5,0.3,0.01,0.0020833333333333333,0.0048,8,0.75,0.2,8,16,0,2,true,0.585,0.75,1,worldModel,weighted,0,a2a0fec2,238,treatment,120,0.48220317436382176,0,0.2305,0,0.5265,0,0.6335,0,0.015391004658118835,0,0.9671549797058105,0,0.585,0,0.7383333333333333,0,0.26166666666666666,0,0,0,45,0,211,0,1
600,245,0.28,0.3,3,0.05,0.05,0.05,2,0.179,0.02425,1,0.005,hybrid,0.1,0.5,0.3,0.01,0.0020833333333333333,0.0048,8,0.75,0.2,8,16,0,2,false,0.585,0.75,1,worldModel,weighted,0,a2a0fec2,238,baseline,120,0.49557197054848073,0,0.2285,0,0.5355,0,0.6475,0,0.015092499883039383,0,0.8779678344726562,0,,,,,0.325,0,0,0,56,0,210,0,1
600,245,0.28,0.3,3,0.05,0.05,0.05,2,0.179,0.026,1,0.005,hybrid,0.1,0.5,0.3,0.01,0.0020833333333333333,0.0048,8,0.75,0.2,8,16,0,2,true,0.585,0.75,1,worldModel,weighted,0,a2a0fec2,239,treatment,120,0.4713279086475571,0,0.1795,0,0.5145,0,0.6355,0,0.01472554416741436,0,0.8540087342262268,0,0.585,0,0.7866666666666666,0,0.21333333333333335,0,0,0,49,0,208,0,1
600,245,0.28,0.3,3,0.05,0.05,0.05,2,0.179,0.026,1,0.005,hybrid,0.1,0.5,0.3,0.01,0.0020833333333333333,0.0048,8,0.75,0.2,8,16,0,2,false,0.585,0.75,1,worldModel,weighted,0,a2a0fec2,239,baseline,120,0.49405373670781655,0,0.2155,0,0.5385,0,0.6425,0,0.015990067103484946,0,0.8541865348815918,0,,,,,0.2816666666666667,0,0,0,46,0,212,0,1
600,245,0.28,0.3,3,0.05,0.05,0.05,2,0.179,0.02775,1,0.005,hybrid,0.1,0.5,0.3,0.01,0.0020833333333333333,0.0048,8,0.75,0.2,8,16,0,2,true,0.585,0.75,1,worldModel,weighted,0,a2a0fec2,240,treatment,120,0.4753692561450104,0,0.1945,0,0.5165,0,0.6395,0,0.016366582653411607,0,0.9304640293121338,0,0.585,0,0.755,0,0.245,0,0,0,52,0,210,0,1
600,245,0.28,0.3,3,0.05,0.05,0.05,2,0.179,0.02775,1,0.005,hybrid,0.1,0.5,0.3,0.01,0.0020833333333333333,0.0048,8,0.75,0.2,8,16,0,2,false,0.585,0.75,1,worldModel,weighted,0,a2a0fec2,240,baseline,120,0.49456312468275426,0,0.2095,0,0.5395,0,0.6475,0,0.01741428193881937,0,0.9304640293121338,0,,,,,0.3233333333333333,0,0,0,46,0,211,0,1
600,245,0.28,0.3,3,0.05,0.05,0.05,2,0.179,0.0295,1,0.005,hybrid,0.1,0.5,0.3,0.01,0.0020833333333333333,0.0048,8,0.75,0.2,8,16,0,2,true,0.585,0.75,1,worldModel,weighted,0,a2a0fec2,241,treatment,120,0.48120375191792847,0,0.2085,0,0.5255,0,0.6355,0,0.019744880026233744,0,0.870868980884552,0,0.585,0,0.7616666666666667,0,0.23833333333333334,0,0,0,33,0,213,0,1
600,245,0.28,0.3,3,0.05,0.05,0.05,2,0.179,0.0295,1,0.005,hybrid,0.1,0.5,0.3,0.01,0.0020833333333333333,0.0048,8,0.75,0.2,8,16,0,2,false,0.585,0.75,1,worldModel,weighted,0,a2a0fec2,241,baseline,120,0.5037215704284609,0,0.2635,0,0.5415,0,0.6405,0,0.014059403093480633,0,0.8633407354354858,0,,,,,0.31,0,0,0,50,0,207,0,1
600,245,0.28,0.3,3,0.05,0.05,0.05,2,0.179,0.03125,1,0.005,hybrid,0.1,0.5,0.3,0.01,0.0020833333333333333,0.0048,8,0.75,0.2,8,16,0,2,true,0.585,0.75,1,worldModel,weighted,0,a2a0fec2,242,treatment,120,0.48691134493177135,0,0.2225,0,0.5255,0,0.6425,0,0.015818545859568437,0,0.8582361936569214,0,0.585,0,0.7366666666666667,0,0.2633333333333333,0,0,0,46,0,208,0,1
600,245,0.28,0.3,3,0.05,0.05,0.05,2,0.179,0.03125,1,0.005,hybrid,0.1,0.5,0.3,0.01,0.0020833333333333333,0.0048,8,0.75,0.2,8,16,0,2,false,0.585,0.75,1,worldModel,weighted,0,a2a0fec2,242,baseline,120,0.5023804342374205,0,0.2455,0,0.5385,0,0.6505,0,0.01438826390114853,0,0.8946719169616699,0,,,,,0.32166666666666666,0,0,0,50,0,205,0,1
600,245,0.28,0.3,3,0.05,0.05,0.05,2,0.179,0.033,1,0.005,hybrid,0.1,0.5,0.3,0.01,0.0020833333333333333,0.0048,8,0.75,0.2,8,16,0,2,true,0.585,0.75,1,worldModel,weighted,0,a2a0fec2,243,treatment,120,0.4545281809878846,0,0.1495,0,0.5055,0,0.6365,0,0.02046800860983465,0,0.9488006830215454,0,0.585,0,0.805,0,0.195,0,0,0,45,0,209,0,1
600,245,0.28,0.3,3,0.05,0.05,0.05,2,0.179,0.033,1,0.005,hybrid,0.1,0.5,0.3,0.01,0.0020833333333333333,0.0048,8,0.75,0.2,8,16,0,2,false,0.585,0.75,1,worldModel,weighted,0,a2a0fec2,243,baseline,120,0.4802255335946878,0,0.1825,0,0.5375,0,0.6375,0,0.02035534148106054,0,0.8796830177307129,0,,,,,0.2866666666666667,0,0,0,54,0,206,0,1
600,245,0.28,0.3,3,0.05,0.05,0.05,2,0.179,0.03475,1,0.005,hybrid,0.1,0.5,0.3,0.01,0.0020833333333333333,0.0048,8,0.75,0.2,8,16,0,2,true,0.585,0.75,1,worldModel,weighted,0,a2a0fec2,244,treatment,120,0.44748339171210927,0,0.2135,0,0.4855,0,0.5805,0,0.012021633720495873,0,0.8102129697799683,0,0.585,0,0.91,0,0.09,0,0,0,48,0,207,0,1
600,245,0.28,0.3,3,0.05,0.05,0.05,2,0.179,0.03475,1,0.005,hybrid,0.1,0.5,0.3,0.01,0.0020833333333333333,0.0048,8,0.75,0.2,8,16,0,2,false,0.585,0.75,1,worldModel,weighted,0,a2a0fec2,244,baseline,120,0.4824881137783329,0,0.2825,0,0.5175,0,0.6195,0,0.010830957888334004,0,0.8065617084503174,0,,,,,0.19833333333333333,0,0,0,47,0,207,0,1
600,245,0.28,0.3,3,0.05,0.05,0.05,2,0.179,0.0365,1,0.005,hybrid,0.1,0.5,0.3,0.01,0.0020833333333333333,0.0048,8,0.75,0.2,8,16,0,2,true,0.585,0.75,1,worldModel,weighted,0,a2a0fec2,245,treatment,120,0.4653789983627697,0,0.2125,0,0.5075,0,0.6125,0,0.012778931332325523,0,0.8941246271133423,0,0.585,0,0.8433333333333334,0,0.15666666666666668,0,0,0,49,0,211,0,1
600,245,0.28,0.3,3,0.05,0.05,0.05,2,0.179,0.0365,1,0.005,hybrid,0.1,0.5,0.3,0.01,0.0020833333333333333,0.0048,8,0.75,0.2,8,16,0,2,false,0.585,0.75,1,worldModel,weighted,0,a2a0fec2,245,baseline,120,0.4848119299362103,0,0.2565,0,0.5285,0,0.6295,0,0.011506605218685531,0,0.8941246271133423,0,,,,,0.22833333333333333,0,0,0,50,0,210,0,1
600,245,0.28,0.3,3,0.05,0.05,0.05,2,0.179,0.03825,1,0.005,hybrid,0.1,0.5,0.3,0.01,0.0020833333333333333,0.0048,8,0.75,0.2,8,16,0,2,true,0.585,0.75,1,worldModel,weighted,0,a2a0fec2,246,treatment,120,0.4587303957591454,0,0.2135,0,0.4955,0,0.6085,0,0.016533856760314235,0,0.841609537601471,0,0.585,0,0.8416666666666667,0,0.15833333333333333,0,0,0,51,0,208,0,1
600,245,0.28,0.3,3,0.05,0.05,0.05,2,0.179,0.03825,1,0.005,hybrid,0.1,0.5,0.3,0.01,0.0020833333333333333,0.0048,8,0.75,0.2,8,16,0,2,false,0.585,0.75,1,worldModel,weighted,0,a2a0fec2,246,baseline,120,0.48481430041914186,0,0.2425,0,0.5245,0,0.6185,0,0.015425529981417605,0,0.9067912101745605,0,,,,,0.25166666666666665,0,0,0,58,0,207,0,1
600,245,0.28,0.3,3,0.05,0.05,0.05,2,0.179,0.04,1,0.005,hybrid,0.1,0.5,0.3,0.01,0.0020833333333333333,0.0048,8,0.75,0.2,8,16,0,2,true,0.585,0.75,1,worldModel,weighted,0,a2a0fec2,247,treatment,120,0.4571263987508913,0,0.2095,0,0.4965,0,0.5925,0,0.014375509025998564,0,0.858529269695282,0,0.585,0,0.8833333333333333,0,0.11666666666666667,0,0,0,44,0,209,0,1
600,245,0.28,0.3,3,0.05,0.05,0.05,2,0.179,0.04,1,0.005,hybrid,0.1,0.5,0.3,0.01,0.0020833333333333333,0.0048,8,0.75,0.2,8,16,0,2,false,0.585,0.75,1,worldModel,weighted,0,a2a0fec2,247,baseline,120,0.47842591900378467,0,0.2135,0,0.5225,0,0.6065,0,0.01426680998390242,0,0.8746692538261414,0,,,,,0.19833333333333333,0,0,0,52,0,209,0,1
600,245,0.28,0.3,3,0.05,0.05,0.05,2,0.179,0.04175,1,0.005,hybrid,0.1,0.5,0.3,0.01,0.0020833333333333333,0.0048,8,0.75,0.2,8,16,0,2,true,0.585,0.75,1,worldModel,weighted,0,a2a0fec2,248,treatment,120,0.46042616127058866,0,0.1925,0,0.5115,0,0.6025,0,0.01352298013060446,0,0.931573212146759,0,0.585,0,0.855,0,0.145,0,0,0,54,0,214,0,1
600,245,0.28,0.3,3,0.05,0.05,0.05,2,0.179,0.04175,1,0.005,hybrid,0.1,0.5,0.3,0.01,0.0020833333333333333,0.0048,8,0.75,0.2,8,16,0,2,false,0.585,0.75,1,worldModel,weighted,0,a2a0fec2,248,baseline,120,0.48694808468222617,0,0.2395,0,0.5315,0,0.6275,0,0.010660690033659933,0,0.9309860467910767,0,,,,,0.23833333333333334,0,0,0,54,0,213,0,1
600,245,0.28,0.3,3,0.05,0.05,0.05,2,0.179,0.0435,1,0.005,hybrid,0.1,0.5,0.3,0.01,0.0020833333333333333,0.0048,8,0.75,0.2,8,16,0,2,true,0.585,0.75,1,worldModel,weighted,0,a2a0fec2,249,treatment,120,0.46222779938951136,0,0.2115,0,0.5065,0,0.6135,0,0.015621663201488759,0,0.8964440226554871,0,0.585,0,0.8283333333333334,0,0.17166666666666666,0,0,0,51,0,213,0,1
600,245,0.28,0.3,3,0.05,0.05,0.05,2,0.179,0.0435,1,0.005,hybrid,0.1,0.5,0.3,0.01,0.0020833333333333333,0.0048,8,0.75,0.2,8,16,0,2,false,0.585,0.75,1,worldModel,weighted,0,a2a0fec2,249,baseline,120,0.4820596188368897,0,0.2115,0,0.5245,0,0.6295,0,0.015084835235027785,0,0.8974568843841553,0,,,,,0.23833333333333334,0,0,0,47,0,210,0,1
600,245,0.28,0.3,3,0.05,0.05,0.05,2,0.179,0.04525,1,0.005,hybrid,0.1,0.5,0.3,0.01,0.0020833333333333333,0.0048,8,0.75,0.2,8,16,0,2,true,0.585,0.75,1,worldModel,weighted,0,a2a0fec2,250,treatment,120,0.4529092954968413,0,0.2595,0,0.4925,0,0.5785,0,0.012437987189402967,0,0.846258282661438,0,0.585,0,0.92,0,0.08,0,0,0,47,0,215,0,1
600,245,0.28,0.3,3,0.05,0.05,0.05,2,0.179,0.04525,1,0.005,hybrid,0.1,0.5,0.3,0.01,0.0020833333333333333,0.0048,8,0.75,0.2,8,16,0,2,false,0.585,0.75,1,worldModel,weighted,0,a2a0fec2,250,baseline,120,0.47941887424016993,0,0.2555,0,0.5195,0,0.6115,0,0.01388794355426301,0,0.8404315710067749,0,,,,,0.17166666666666666,0,0,0,40,0,210,0,1
600,245,0.28,0.3,3,0.05,0.05,0.05,2,0.179,0.047,1,0.005,hybrid,0.1,0.5,0.3,0.01,0.0020833333333333333,0.0048,8,0.75,0.2,8,16,0,2,true,0.585,0.75,1,worldModel,weighted,0,a2a0fec2,251,treatment,120,0.43982667157426475,0,0.1965,0,0.4795,0,0.5925,0,0.01227599082239618,0,0.8821867108345032,0,0.585,0,0.89,0,0.11,0,0,0,50,0,215,0,1
600,245,0.28,0.3,3,0.05,0.05,0.05,2,0.179,0.047,1,0.005,hybrid,0.1,0.5,0.3,0.01,0.0020833333333333333,0.0048,8,0.75,0.2,8,16,0,2,false,0.585,0.75,1,worldModel,weighted,0,a2a0fec2,251,baseline,120,0.45673320554196833,0,0.2125,0,0.4905,0,0.6095,0,0.013663135256368572,0,0.844096839427948,0,,,,,0.165,0,0,0,46,0,211,0,1
600,245,0.28,0.3,3,0.05,0.05,0.05,2,0.188,0.012,1,0.005,hybrid,0.1,0.5,0.3,0.01,0.0020833333333333333,0.0048,8,0.75,0.2,8,16,0,2,true,0.585,0.75,1,worldModel,weighted,0,a2a0fec2,252,treatment,120,0.49819942337771256,0,0.1965,0,0.5445,0,0.6585,0,0.014745384190987863,0,0.8506956100463867,0,0.585,0,0.65,0,0.35,0,0,0,35,0,214,0,1
600,245,0.28,0.3,3,0.05,0.05,0.05,2,0.188,0.012,1,0.005,hybrid,0.1,0.5,0.3,0.01,0.0020833333333333333,0.0048,8,0.75,0.2,8,16,0,2,false,0.585,0.75,1,worldModel,weighted,0,a2a0fec2,252,baseline,120,0.5209409416156511,0,0.2365,0,0.5695,0,0.6715,0,0.015236050017485155,0,0.8576054573059082,0,,,,,0.4483333333333333,0,0,0,43,0,211,0,1
600,245,0.28,0.3,3,0.05,0.05,0.05,2,0.188,0.01375,1,0.005,hybrid,0.1,0.5,0.3,0.01,0.0020833333333333333,0.0048,8,0.75,0.2,8,16,0,2,true,0.585,0.75,1,worldModel,weighted,0,a2a0fec2,253,treatment,120,0.502833542296042,0,0.2045,0,0.5465,0,0.6725,0,0.014579106579578258,0,0.9156769514083862,0,0.585,0,0.6333333333333333,0,0.36666666666666664,0,0,0,51,0,216,0,1
600,245,0.28,0.3,3,0.05,0.05,0.05,2,0.188,0.01375,1,0.005,hybrid,0.1,0.5,0.3,0.01,0.0020833333333333333,0.0048,8,0.75,0.2,8,16,0,2,false,0.585,0.75,1,worldModel,weighted,0,a2a0fec2,253,baseline,120,0.5295162028695146,0,0.2505,0,0.5755,0,0.6855,0,0.01444592688065799,0,0.9156769514083862,0,,,,,0.4583333333333333,0,0,0,50,0,207,0,1
600,245,0.28,0.3,3,0.05,0.05,0.05,2,0.188,0.0155,1,0.005,hybrid,0.1,0.5,0.3,0.01,0.0020833333333333333,0.0048,8,0.75,0.2,8,16,0,2,true,0.585,0.75,1,worldModel,weighted,0,a2a0fec2,254,treatment,120,0.4871695952489972,0,0.2315,0,0.5275,0,0.6385,0,0.013947044997810354,0,0.9512345790863037,0,0.585,0,0.72,0,0.28,0,0,0,45,0,210,0,1
600,245,0.28,0.3,3,0.05,0.05,0.05,2,0.188,0.0155,1,0.005,hybrid,0.1,0.5,0.3,0.01,0.0020833333333333333,0.0048,8,0.75,0.2,8,16,0,2,false,0.585,0.75,1,worldModel,weighted,0,a2a0fec2,254,baseline,120,0.5159396730549634,0,0.2805,0,0.5575,0,0.6495,0,0.012396476697128029,0,0.9528571367263794,0,,,,,0.37666666666666665,0,0,0,41,0,211,0,1
600,245,0.28,0.3,3,0.05,0.05,0.05,2,0.188,0.01725,1,0.005,hybrid,0.1,0.5,0.3,0.01,0.0020833333333333333,0.0048,8,0.75,0.2,8,16,0,2,true,0.585,0.75,1,worldModel,weighted,0,a2a0fec2,255,treatment,120,0.5078609458481272,0,0.2465,0,0.5515,0,0.6635,0,0.01751075675397569,0,0.8827391266822815,0,0.585,0,0.6516666666666666,0,0.34833333333333333,0,0,0,45,0,210,0,1
600,245,0.28,0.3,3,0.05,0.05,0.05,2,0.188,0.01725,1,0.005,hybrid,0.1,0.5,0.3,0.01,0.0020833333333333333,0.0048,8,0.75,0.2,8,16,0,2,false,0.585,0.75,1,worldModel,weighted,0,a2a0fec2,255,baseline,120,0.5179459433381756,0,0.2365,0,0.5635,0,0.6655,0,0.017517810487736166,0,0.8527024388313293,0,,,,,0.4066666666666667,0,0,0,43,0,212,0,1
600,245,0.28,0.3,3,0.05,0.05,0.05,2,0.188,0.019,1,0.005,hybrid,0.1,0.5,0.3,0.01,0.0020833333333333333,0.0048,8,0.75,0.2,8,16,0,2,true,0.585,0.75,1,worldModel,weighted,0,a2a0fec2,256,treatment,120,0.48723488283654054,0,0.1835,0,0.5295,0,0.6445,0,0.021630935745272566,0,0.9146977663040161,0,0.585,0,0.725,0,0.275,0,0,0,39,0,209,0,1
600,245,0.28,0.3,3,0.05,0.05,0.05,2,0.188,0.019,1,0.005,hybrid,0.1,0.5,0.3,0.01,0.0020833333333333333,0.0048,8,0.75,0.2,8,16,0,2,false,0.585,0.75,1,worldModel,weighted,0,a2a0fec2,256,baseline,120,0.4975144512640933,0,0.2195,0,0.5415,0,0.6525,0,0.017889981279562032,0,0.9115924835205078,0,,,,,0.33,0,0,0,45,0,208,0,1
600,245,0.28,0.3,3,0.05,0.05,0.05,2,0.188,0.02075,1,0.005,hybrid,0.1,0.5,0.3,0.01,0.0020833333333333333,0.0048,8,0.75,0.2,8,16,0,2,true,0.585,0.75,1,worldModel,weighted,0,a2a0fec2,257,treatment,120,0.47124973360449074,0,0.1715,0,0.5225,0,0.6485,0,0.015650744706942867,0,0.8856377005577087,0,0.585,0,0.73,0,0.27,0,0,0,45,0,211,0,1
600,245,0.28,0.3,3,0.05,0.05,0.05,2,0.188,0.02075,1,0.005,hybrid,0.1,0.5,0.3,0.01,0.0020833333333333333,0.0048,8,0.75,0.2,8,16,0,2,false,0.585,0.75,1,worldModel,weighted,0,a2a0fec2,257,baseline,120,0.49453749865914387,0,0.2105,0,0.5445,0,0.6525,0,0.014700285206484897,0,0.8982840776443481,0,,,,,0.3016666666666667,0,0,0,50,0,209,0,1
600,245,0.28,0.3,3,0.05,0.05,0.05,2,0.188,0.0225,1,0.005,hybrid,0.1,0.5,0.3,0.01,0.0020833333333333333,0.0048,8,0.75,0.2,8,16,0,2,true,0.585,0.75,1,worldModel,weighted,0,a2a0fec2,258,treatment,120,0.4813523719459772,0,0.1875,0,0.5345,0,0.6355,0,0.017660092938239884,0,0.8741160035133362,0,0.585,0,0.7216666666666667,0,0.2783333333333333,0,0,0,48,0,209,0,1
600,245,0.28,0.3,3,0.05,0.05,0.05,2,0.188,0.0225,1,0.005,hybrid,0.1,0.5,0.3,0.01,0.0020833333333333333,0.0048,8,0.75,0.2,8,16,0,2,false,0.585,0.75,1,worldModel,weighted,0,a2a0fec2,258,baseline,120,0.4966750071321924,0,0.2125,0,0.5425,0,0.6515,0,0.017493368195364848,0,0.8741160035133362,0,,,,,0.34,0,0,0,57,0,214,0,1
600,245,0.28,0.3,3,0.05,0.05,0.05,2,0.188,0.02425,1,0.005,hybrid,0.1,0.5,0.3,0.01,0.0020833333333333333,0.0048,8,0.75,0.2,8,16,0,2,true,0.585,0.75,1,worldModel,weighted,0,a2a0fec2,259,treatment,120,0.47402452434102693,0,0.2215,0,0.5165,0,0.6135,0,0.016715121394273023,0,0.9088425636291504,0,0.585,0,0.8216666666666667,0,0.17833333333333334,0,0,0,52,0,212,0,1
600,245,0.28,0.3,3,0.05,0.05,0.05,2,0.188,0.02425,1,0.005,hybrid,0.1,0.5,0.3,0.01,0.0020833333333333333,0.0048,8,0.75,0.2,8,16,0,2,false,0.585,0.75,1,worldModel,weighted,0,a2a0fec2,259,baseline,120,0.49086993472029766,0,0.2465,0,0.5335,0,0.6225,0,0.017134127346182047,0,0.9088425636291504,0,,,,,0.25833333333333336,0,0,0,41,0,216,0,1
600,245,0.28,0.3,3,0.05,0.05,0.05,2,0.188,0.026,1,0.005,hybrid,0.1,0.5,0.3,0.01,0.0020833333333333333,0.0048,8,0.75,0.2,8,16,0,2,true,0.585,0.75,1,worldModel,weighted,0,a2a0fec2,260,treatment,120,0.4839231537282467,0,0.1865,0,0.5295,0,0.6385,0,0.02060159654918104,0,0.9713184237480164,0,0.585,0,0.7383333333333333,0,0.26166666666666666,0,0,0,50,0,208,0,1
600,245,0.28,0.3,3,0.05,0.05,0.05,2,0.188,0.026,1,0.005,hybrid,0.1,0.5,0.3,0.01,0.0020833333333333333,0.0048,8,0.75,0.2,8,16,0,2,false,0.585,0.75,1,worldModel,weighted,0,a2a0fec2,260,baseline,120,0.5047017573875685,0,0.2175,0,0.5445,0,0.6535,0,0.016830419683164958,0,0.8571965098381042,0,,,,,0.35333333333333333,0,0,0,50,0,212,0,1
600,245,0.28,0.3,3,0.05,0.05,0.05,2,0.188,0.02775,1,0.005,hybrid,0.1,0.5,0.3,0.01,0.0020833333333333333,0.0048,8,0.75,0.2,8,16,0,2,true,0.585,0.75,1,worldModel,weighted,0,a2a0fec2,261,treatment,120,0.4575903430643181,0,0.1685,0,0.5165,0,0.6045,0,0.01687131578782113,0,0.8606393337249756,0,0.585,0,0.8333333333333334,0,0.16666666666666666,0,0,0,45,0,216,0,1
600,245,0.28,0.3,3,0.05,0.05,0.05,2,0.188,0.02775,1,0.005,hybrid,0.1,0.5,0.3,0.01,0.0020833333333333333,0.0048,8,0.75,0.2,8,16,0,2,false,0.585,0.75,1,worldModel,weighted,0,a2a0fec2,261,baseline,120,0.4820814609962205,0,0.2005,0,0.5345,0,0.6205,0,0.015502209380444118,0,0.9024927616119385,0,,,,,0.23666666666666666,0,0,0,37,0,214,0,1
600,245,0.28,0.3,3,0.05,0.05,0.05,2,0.188,0.0295,1,0.005,hybrid,0.1,0.5,0.3,0.01,0.0020833333333333333,0.0048,8,0.75,0.2,8,16,0,2,true,0.585,0.75,1,worldModel,weighted,0,a2a0fec2,262,treatment,120,0.4546975448789696,0,0.1845,0,0.4975,0,0.6065,0,0.015878938273664326,0,0.7558159232139587,0,0.585,0,0.835,0,0.165,0,0,0,48,0,214,0,1
600,245,0.28,0.3,3,0.05,0.05,0.05,2,0.188,0.0295,1,0.005,hybrid,0.1,0.5,0.3,0.01,0.0020833333333333333,0.0048,8,0.75,0.2,8,16,0,2,false,0.585,0.75,1,worldModel,weighted,0,a2a0fec2,262,baseline,120,0.477438790500164,0,0.2125,0,0.5175,0,0.6245,0,0.014532028892388414,0,0.825585663318634,0,,,,,0.22,0,0,0,52,0,212,0,1
600,245,0.28,0.3,3,0.05,0.05,0.05,2,0.188,0.03125,1,0.005,hybrid,0.1,0.5,0.3,0.01,0.0020833333333333333,0.0048,8,0.75,0.2,8,16,0,2,true,0.585,0.75,1,worldModel,weighted,0,a2a0fec2,263,treatment,120,0.4755619679639737,0,0.1825,0,0.5355,0,0.6155,0,0.017267120877479007,0,0.8458049297332764,0,0.585,0,0.8033333333333333,0,0.19666666666666666,0,0,0,45,0,209,0,1
600,245,0.28,0.3,3,0.05,0.05,0.05,2,0.188,0.03125,1,0.005,hybrid,0.1,0.5,0.3,0.01,0.0020833333333333333,0.0048,8,0.75,0.2,8,16,0,2,false,0.585,0.75,1,worldModel,weighted,0,a2a0fec2,263,baseline,120,0.4802649100745718,0,0.1885,0,0.5345,0,0.6195,0,0.01242124845519581,0,0.8465249538421631,0,,,,,0.24833333333333332,0,0,0,57,0,211,0,1
600,245,0.28,0.3,3,0.05,0.05,0.05,2,0.188,0.033,1,0.005,hybrid,0.1,0.5,0.3,0.01,0.0020833333333333333,0.0048,8,0.75,0.2,8,16,0,2,true,0.585,0.75,1,worldModel,weighted,0,a2a0fec2,264,treatment,120,0.4755710579206546,0,0.1995,0,0.5155,0,0.6105,0,0.013907322120582285,0,0.8619598746299744,0,0.585,0,0.8283333333333334,0,0.17166666666666666,0,0,0,52,0,205,0,1
600,245,0.28,0.3,3,0.05,0.05,0.05,2,0.188,0.033,1,0.005,hybrid,0.1,0.5,0.3,0.01,0.0020833333333333333,0.0048,8,0.75,0.2,8,16,0,2,false,0.585,0.75,1,worldModel,weighted,0,a2a0fec2,264,baseline,120,0.4947511017136276,0,0.2165,0,0.5375,0,0.6255,0,0.013508585189814548,0,0.8629326224327087,0,,,,,0.26666666666666666,0,0,0,50,0,209,0,1
600,245,0.28,0.3,3,0.05,0.05,0.05,2,0.188,0.03475,1,0.005,hybrid,0.1,0.5,0.3,0.01,0.0020833333333333333,0.0048,8,0.75,0.2,8,16,0,2,true,0.585,0.75,1,worldModel,weighted,0,a2a0fec2,265,treatment,120,0.45786294581368564,0,0.2045,0,0.5025,0,0.5855,0,0.01246970607165451,0,0.9174045324325562,0,0.585,0,0.8966666666666666,0,0.10333333333333333,0,0,0,55,0,213,0,1
600,245,0.28,0.3,3,0.05,0.05,0.05,2,0.188,0.03475,1,0.005,hybrid,0.1,0.5,0.3,0.01,0.0020833333333333333,0.0048,8,0.75,0.2,8,16,0,2,false,0.585,0.75,1,worldModel,weighted,0,a2a0fec2,265,baseline,120,0.4762644138435523,0,0.2245,0,0.5235,0,0.6125,0,0.013097145038254389,0,0.8777812719345093,0,,,,,0.205,0,0,0,50,0,209,0,1
600,245,0.28,0.3,3,0.05,0.05,0.05,2,0.188,0.0365,1,0.005,hybrid,0.1,0.5,0.3,0.01,0.0020833333333333333,0.0048,8,0.75,0.2,8,16,0,2,true,0.585,0.75,1,worldModel,weighted,0,a2a0fec2,266,treatment,120,0.4614893818522493,0,0.1735,0,0.5015,0,0.6205,0,0.014267271060240887,0,0.8370358943939209,0,0.585,0,0.7883333333333333,0,0.21166666666666667,0,0,0,56,0,210,0,1
600,245,0.28,0.3,3,0.05,0.05,0.05,2,0.188,0.0365,1,0.005,hybrid,0.1,0.5,0.3,0.01,0.0020833333333333333,0.0048,8,0.75,0.2,8,16,0,2,false,0.585,0.75,1,worldModel,weighted,0,a2a0fec2,266,baseline,120,0.4878335352304081,0,0.2575,0,0.5225,0,0.6335,0,0.012364643072736914,0,0.7996899485588074,0,,,,,0.22833333333333333,0,0,0,54,0,209,0,1
600,245,0.28,0.3,3,0.05,0.05,0.05,2,0.188,0.03825,1,0.005,hybrid,0.1,0.5,0.3,0.01,0.0020833333333333333,0.0048,8,0.75,0.2,8,16,0,2,true,0.585,0.75,1,worldModel,weighted,0,a2a0fec2,267,treatment,120,0.4547682066075504,0,0.1925,0,0.4985,0,0.5985,0,0.014996564872355362,0,0.8930213451385498,0,0.585,0,0.8633333333333333,0,0.13666666666666666,0,0,0,50,0,211,0,1
600,245,0.28,0.3,3,0.05,0.05,0.05,2,0.188,0.03825,1,0.005,hybrid,0.1,0.5,0.3,0.01,0.0020833333333333333,0.0048,8,0.75,0.2,8,16,0,2,false,0.585,0.75,1,worldModel,weighted,0,a2a0fec2,267,baseline,120,0.4740082314237952,0,0.2035,0,0.5125,0,0.6135,0,0.013811755775304538,0,0.8595659136772156,0,,,,,0.21166666666666667,0,0,0,46,0,211,0,1
600,245,0.28,0.3,3,0.05,0.05,0.05,2,0.188,0.04,1,0.005,hybrid,0.1,0.5,0.3,0.01,0.0020833333333333333,0.0048,8,0.75,0.2,8,16,0,2,true,0.585,0.75,1,worldModel,weighted,0,a2a0fec2,268,treatment,120,0.4584446856379509,0,0.2055,0,0.5065,0,0.5865,0,0.014473004964334502,0,0.9181057214736938,0,0.585,0,0.895,0,0.105,0,0,0,58,0,215,0,1
600,245,0.28,0.3,3,0.05,0.05,0.05,2,0.188,0.04,1,0.005,hybrid,0.1,0.5,0.3,0.01,0.0020833333333333333,0.0048,8,0.75,0.2,8,16,0,2,false,0.585,0.75,1,worldModel,weighted,0,a2a0fec2,268,baseline,120,0.47967399479821327,0,0.2325,0,0.5195,0,0.6255,0,0.015249227373838218,0,0.8874584436416626,0,,,,,0.235,0,0,0,46,0,214,0,1
600,245,0.28,0.3,3,0.05,0.05,0.05,2,0.188,0.04175,1,0.005,hybrid,0.1,0.5,0.3,0.01,0.0020833333333333333,0.0048,8,0.75,0.2,8,16,0,2,true,0.585,0.75,1,worldModel,weighted,0,a2a0fec2,269,treatment,120,0.4628855471685529,0,0.2035,0,0.5085,0,0.6055,0,0.01403532558274057,0,0.8007379770278931,0,0.585,0,0.8366666666666667,0,0.16333333333333333,0,0,0,44,0,209,0,1
600,245,0.28,0.3,3,0.05,0.05,0.05,2,0.188,0.04175,1,0.005,hybrid,0.1,0.5,0.3,0.01,0.0020833333333333333,0.0048,8,0.75,0.2,8,16,0,2,false,0.585,0.75,1,worldModel,weighted,0,a2a0fec2,269,baseline,120,0.48749455298607547,0,0.2575,0,0.5295,0,0.6245,0,0.01322256719374708,0,0.8656049370765686,0,,,,,0.21833333333333332,0,0,0,47,0,211,0,1
600,245,0.28,0.3,3,0.05,0.05,0.05,2,0.188,0.0435,1,0.005,hybrid,0.1,0.5,0.3,0.01,0.0020833333333333333,0.0048,8,0.75,0.2,8,16,0,2,true,0.585,0.75,1,worldModel,weighted,0,a2a0fec2,270,treatment,120,0.4566859720647335,0,0.2495,0,0.4875,0,0.6025,0,0.013573337932790088,0,0.8187068104743958,0,0.585,0,0.865,0,0.135,0,0,0,45,0,214,0,1
600,245,0.28,0.3,3,0.05,0.05,0.05,2,0.188,0.0435,1,0.005,hybrid,0.1,0.5,0.3,0.01,0.0020833333333333333,0.0048,8,0.75,0.2,8,16,0,2,false,0.585,0.75,1,worldModel,weighted,0,a2a0fec2,270,baseline,120,0.47229235724856455,0,0.2185,0,0.5095,0,0.6095,0,0.013929488604996655,0,0.8306600451469421,0,,,,,0.19166666666666668,0,0,0,46,0,216,0,1
600,245,0.28,0.3,3,0.05,0.05,0.05,2,0.188,0.04525,1,0.005,hybrid,0.1,0.5,0.3,0.01,0.0020833333333333333,0.0048,8,0.75,0.2,8,16,0,2,true,0.585,0.75,1,worldModel,weighted,0,a2a0fec2,271,treatment,120,0.4475645310866336,0,0.1975,0,0.4815,0,0.5895,0,0.013168654601174477,0,0.879108726978302,0,0.585,0,0.8866666666666667,0,0.11333333333333333,0,0,0,49,0,208,0,1
600,245,0.28,0.3,3,0.05,0.05,0.05,2,0.188,0.04525,1,0.005,hybrid,0.1,0.5,0.3,0.01,0.0020833333333333333,0.0048,8,0.75,0.2,8,16,0,2,false,0.585,0.75,1,worldModel,weighted,0,a2a0fec2,271,baseline,120,0.4670778362266719,0,0.2095,0,0.5085,0,0.6015,0,0.012795256522307284,0,0.8815761804580688,0,,,,,0.17166666666666666,0,0,0,49,0,210,0,1
600,245,0.28,0.3,3,0.05,0.05,0.05,2,0.188,0.047,1,0.005,hybrid,0.1,0.5,0.3,0.01,0.0020833333333333333,0.0048,8,0.75,0.2,8,16,0,2,true,0.585,0.75,1,worldModel,weighted,0,a2a0fec2,272,treatment,120,0.4470381074522932,0,0.1755,0,0.4865,0,0.5855,0,0.013196525873118778,0,0.8287662863731384,0,0.585,0,0.8983333333333333,0,0.10166666666666667,0,0,0,47,0,210,0,1
600,245,0.28,0.3,3,0.05,0.05,0.05,2,0.188,0.047,1,0.005,hybrid,0.1,0.5,0.3,0.01,0.0020833333333333333,0.0048,8,0.75,0.2,8,16,0,2,false,0.585,0.75,1,worldModel,weighted,0,a2a0fec2,272,baseline,120,0.4758043075911701,0,0.2275,0,0.5135,0,0.6165,0,0.01445239349734867,0,0.8650295734405518,0,,,,,0.235,0,0,0,55,0,214,0,1
600,245,0.28,0.3,3,0.05,0.05,0.05,2,0.197,0.012,1,0.005,hybrid,0.1,0.5,0.3,0.01,0.0020833333333333333,0.0048,8,0.75,0.2,8,16,0,2,true,0.585,0.75,1,worldModel,weighted,0,a2a0fec2,273,treatment,120,0.5176658509857952,0,0.2445,0,0.5595,0,0.6835,0,0.01787871494700849,0,0.959658145904541,0,0.585,0,0.6016666666666667,0,0.3983333333333333,0,0,0,40,0,211,0,1
600,245,0.28,0.3,3,0.05,0.05,0.05,2,0.197,0.012,1,0.005,hybrid,0.1,0.5,0.3,0.01,0.0020833333333333333,0.0048,8,0.75,0.2,8,16,0,2,false,0.585,0.75,1,worldModel,weighted,0,a2a0fec2,273,baseline,120,0.5317398538192113,0,0.2615,0,0.5835,0,0.6875,0,0.014435066495274209,0,0.984175980091095,0,,,,,0.495,0,0,0,42,0,204,0,1
600,245,0.28,0.3,3,0.05,0.05,0.05,2,0.197,0.01375,1,0.005,hybrid,0.1,0.5,0.3,0.01,0.0020833333333333333,0.0048,8,0.75,0.2,8,16,0,2,true,0.585,0.75,1,worldModel,weighted,0,a2a0fec2,274,treatment,120,0.48591946591312685,0,0.1675,0,0.5385,0,0.6585,0,0.014567173669193802,0,0.9209485650062561,0,0.585,0,0.7183333333333334,0,0.2816666666666667,0,0,0,53,0,210,0,1
600,245,0.28,0.3,3,0.05,0.05,0.05,2,0.197,0.01375,1,0.005,hybrid,0.1,0.5,0.3,0.01,0.0020833333333333333,0.0048,8,0.75,0.2,8,16,0,2,false,0.585,0.75,1,worldModel,weighted,0,a2a0fec2,274,baseline,120,0.5023386966561277,0,0.1975,0,0.5575,0,0.6675,0,0.013234001213678665,0,0.9197251796722412,0,,,,,0.36,0,0,0,43,0,213,0,1
600,245,0.28,0.3,3,0.05,0.05,0.05,2,0.197,0.0155,1,0.005,hybrid,0.1,0.5,0.3,0.01,0.0020833333333333333,0.0048,8,0.75,0.2,8,16,0,2,true,0.585,0.75,1,worldModel,weighted,0,a2a0fec2,275,treatment,120,0.5079541024751961,0,0.2425,0,0.5495,0,0.6725,0,0.017380564826258566,0,0.8886881470680237,0,0.585,0,0.635,0,0.365,0,0,0,44,0,214,0,1
600,245,0.28,0.3,3,0.05,0.05,0.05,2,0.197,0.0155,1,0.005,hybrid,0.1,0.5,0.3,0.01,0.0020833333333333333,0.0048,8,0.75,0.2,8,16,0,2,false,0.585,0.75,1,worldModel,weighted,0,a2a0fec2,275,baseline,120,0.5281384363832573,0,0.2505,0,0.5685,0,0.6885,0,0.01951717403417286,0,0.9839199781417847,0,,,,,0.43833333333333335,0,0,0,47,0,208,0,1
600,245,0.28,0.3,3,0.05,0.05,0.05,2,0.197,0.01725,1,0.005,hybrid,0.1,0.5,0.3,0.01,0.0020833333333333333,0.0048,8,0.75,0.2,8,16,0,2,true,0.585,0.75,1,worldModel,weighted,0,a2a0fec2,276,treatment,120,0.4957862264662981,0,0.2245,0,0.5415,0,0.6525,0,0.015171847347610548,0,0.96190345287323,0,0.585,0,0.685,0,0.315,0,0,0,46,0,213,0,1
600,245,0.28,0.3,3,0.05,0.05,0.05,2,0.197,0.01725,1,0.005,hybrid,0.1,0.5,0.3,0.01,0.0020833333333333333,0.0048,8,0.75,0.2,8,16,0,2,false,0.585,0.75,1,worldModel,weighted,0,a2a0fec2,276,baseline,120,0.5194025808386504,0,0.2575,0,0.5675,0,0.6745,0,0.01763140606632106,0,0.9721199870109558,0,,,,,0.4033333333333333,0,0,0,48,0,215,0,1
600,245,0.28,0.3,3,0.05,0.05,0.05,2,0.197,0.019,1,0.005,hybrid,0.1,0.5,0.3,0.01,0.0020833333333333333,0.0048,8,0.75,0.2,8,16,0,2,true,0.585,0.75,1,worldModel,weighted,0,a2a0fec2,277,treatment,120,0.4739356496930122,0,0.1865,0,0.5275,0,0.6385,0,0.01879634637778172,0,0.8648272156715393,0,0.585,0,0.745,0,0.255,0,0,0,54,0,213,0,1
600,245,0.28,0.3,3,0.05,0.05,0.05,2,0.197,0.019,1,0.005,hybrid,0.1,0.5,0.3,0.01,0.0020833333333333333,0.0048,8,0.75,0.2,8,16,0,2,false,0.585,0.75,1,worldModel,weighted,0,a2a0fec2,277,baseline,120,0.49474340266237654,0,0.2395,0,0.5445,0,0.6495,0,0.01735299582199635,0,0.8776246309280396,0,,,,,0.3283333333333333,0,0,0,45,0,214,0,1
600,245,0.28,0.3,3,0.05,0.05,0.05,2,0.197,0.02075,1,0.005,hybrid,0.1,0.5,0.3,0.01,0.0020833333333333333,0.0048,8,0.75,0.2,8,16,0,2,true,0.585,0.75,1,worldModel,weighted,0,a2a0fec2,278,treatment,120,0.47416174091398716,0,0.1895,0,0.5225,0,0.6185,0,0.012749312180561625,0,0.8699676394462585,0,0.585,0,0.8133333333333334,0,0.18666666666666668,0,0,0,47,0,209,0,1
600,245,0.28,0.3,3,0.05,0.05,0.05,2,0.197,0.02075,1,0.005,hybrid,0.1,0.5,0.3,0.01,0.0020833333333333333,0.0048,8,0.75,0.2,8,16,0,2,false,0.585,0.75,1,worldModel,weighted,0,a2a0fec2,278,baseline,120,0.4892403877650698,0,0.2115,0,0.5365,0,0.6375,0,0.013461117131393786,0,0.8641634583473206,0,,,,,0.2916666666666667,0,0,0,47,0,209,0,1
600,245,0.28,0.3,3,0.05,0.05,0.05,2,0.197,0.0225,1,0.005,hybrid,0.1,0.5,0.3,0.01,0.0020833333333333333,0.0048,8,0.75,0.2,8,16,0,2,true,0.585,0.75,1,worldModel,weighted,0,a2a0fec2,279,treatment,120,0.4843093277824422,0,0.2225,0,0.5235,0,0.6385,0,0.01480802522640612,0,0.9399299621582031,0,0.585,0,0.75,0,0.25,0,0,0,48,0,208,0,1
600,245,0.28,0.3,3,0.05,0.05,0.05,2,0.197,0.0225,1,0.005,hybrid,0.1,0.5,0.3,0.01,0.0020833333333333333,0.0048,8,0.75,0.2,8,16,0,2,false,0.585,0.75,1,worldModel,weighted,0,a2a0fec2,279,baseline,120,0.5033565726814171,0,0.2405,0,0.5475,0,0.6485,0,0.015825182699992543,0,0.8658742308616638,0,,,,,0.31666666666666665,0,0,0,43,0,209,0,1
600,245,0.28,0.3,3,0.05,0.05,0.05,2,0.197,0.02425,1,0.005,hybrid,0.1,0.5,0.3,0.01,0.0020833333333333333,0.0048,8,0.75,0.2,8,16,0,2,true,0.585,0.75,1,worldModel,weighted,0,a2a0fec2,280,treatment,120,0.4768378335920473,0,0.1765,0,0.5195,0,0.6305,0,0.013643774978785638,0,0.8463442325592041,0,0.585,0,0.7516666666666667,0,0.24833333333333332,0,0,0,44,0,211,0,1
600,245,0.28,0.3,3,0.05,0.05,0.05,2,0.197,0.02425,1,0.005,hybrid,0.1,0.5,0.3,0.01,0.0020833333333333333,0.0048,8,0.75,0.2,8,16,0,2,false,0.585,0.75,1,worldModel,weighted,0,a2a0fec2,280,baseline,120,0.5013929804538687,0,0.2165,0,0.5475,0,0.6565,0,0.01405816730381522,0,0.8411577343940735,0,,,,,0.31,0,0,0,48,0,212,0,1
600,245,0.28,0.3,3,0.05,0.05,0.05,2,0.197,0.026,1,0.005,hybrid,0.1,0.5,0.3,0.01,0.0020833333333333333,0.0048,8,0.75,0.2,8,16,0,2,true,0.585,0.75,1,worldModel,weighted,0,a2a0fec2,281,treatment,120,0.48002763530860343,0,0.2045,0,0.5225,0,0.6315,0,0.01277262205830688,0,0.8378612995147705,0,0.585,0,0.7633333333333333,0,0.23666666666666666,0,0,0,51,0,210,0,1
600,245,0.28,0.3,3,0.05,0.05,0.05,2,0.197,0.026,1,0.005,hybrid,0.1,0.5,0.3,0.01,0.0020833333333333333,0.0048,8,0.75,0.2,8,16,0,2,false,0.585,0.75,1,worldModel,weighted,0,a2a0fec2,281,baseline,120,0.5147206947642068,0,0.2685,0,0.5455,0,0.6525,0,0.014996789888997004,0,0.8428529500961304,0,,,,,0.36333333333333334,0,0,0,49,0,214,0,1
600,245,0.28,0.3,3,0.05,0.05,0.05,2,0.197,0.02775,1,0.005,hybrid,0.1,0.5,0.3,0.01,0.0020833333333333333,0.0048,8,0.75,0.2,8,16,0,2,true,0.585,0.75,1,worldModel,weighted,0,a2a0fec2,282,treatment,120,0.46179469087471564,0,0.1905,0,0.5045,0,0.6135,0,0.0177034156547622,0,0.8488532304763794,0,0.585,0,0.8216666666666667,0,0.17833333333333334,0,0,0,53,0,206,0,1
600,245,0.28,0.3,3,0.05,0.05,0.05,2,0.197,0.02775,1,0.005,hybrid,0.1,0.5,0.3,0.01,0.0020833333333333333,0.0048,8,0.75,0.2,8,16,0,2,false,0.585,0.75,1,worldModel,weighted,0,a2a0fec2,282,baseline,120,0.4852285878236095,0,0.2175,0,0.5325,0,0.6285,0,0.018103991213198493,0,0.8034756183624268,0,,,,,0.2816666666666667,0,0,0,55,0,212,0,1
600,245,0.28,0.3,3,0.05,0.05,0.05,2,0.197,0.0295,1,0.005,hybrid,0.1,0.5,0.3,0.01,0.0020833333333333333,0.0048,8,0.75,0.2,8,16,0,2,true,0.585,0.75,1,worldModel,weighted,0,a2a0fec2,283,treatment,120,0.4764694115581612,0,0.1955,0,0.5245,0,0.6215,0,0.015691288940266675,0,0.7850215435028076,0,0.585,0,0.79,0,0.21,0,0,0,48,0,211,0,1
600,245,0.28,0.3,3,0.05,0.05,0.05,2,0.197,0.0295,1,0.005,hybrid,0.1,0.5,0.3,0.01,0.0020833333333333333,0.0048,8,0.75,0.2,8,16,0,2,false,0.585,0.75,1,worldModel,weighted,0,a2a0fec2,283,baseline,120,0.4951580401758353,0,0.2305,0,0.5455,0,0.6335,0,0.014038052508153433,0,0.7635233402252197,0,,,,,0.28,0,0,0,48,0,210,0,1
600,245,0.28,0.3,3,0.05,0.05,0.05,2,0.197,0.03125,1,0.005,hybrid,0.1,0.5,0.3,0.01,0.0020833333333333333,0.0048,8,0.75,0.2,8,16,0,2,true,0.585,0.75,1,worldModel,weighted,0,a2a0fec2,284,treatment,120,0.4799604122899473,0,0.1975,0,0.5185,0,0.6465,0,0.01530081153440713,0,0.8197553753852844,0,0.585,0,0.7616666666666667,0,0.23833333333333334,0,0,0,49,0,214,0,1
600,245,0.28,0.3,3,0.05,0.05,0.05,2,0.197,0.03125,1,0.005,hybrid,0.1,0.5,0.3,0.01,0.0020833333333333333,0.0048,8,0.75,0.2,8,16,0,2,false,0.585,0.75,1,worldModel,weighted,0,a2a0fec2,284,baseline,120,0.4974890112442275,0,0.2255,0,0.5415,0,0.6535,0,0.015087505781590963,0,0.8230988383293152,0,,,,,0.32,0,0,0,48,0,208,0,1
600,245,0.28,0.3,3,0.05,0.05,0.05,2,0.197,0.033,1,0.005,hybrid,0.1,0.5,0.3,0.01,0.0020833333333333333,0.0048,8,0.75,0.2,8,16,0,2,true,0.585,0.75,1,worldModel,weighted,0,a2a0fec2,285,treatment,120,0.47284270768985154,0,0.2215,0,0.5055,0,0.6265,0,0.014162405487182275,0,0.8661158680915833,0,0.585,0,0.7716666666666666,0,0.22833333333333333,0,0,0,54,0,212,0,1
600,245,0.28,0.3,3,0.05,0.05,0.05,2,0.197,0.033,1,0.005,hybrid,0.1,0.5,0.3,0.01,0.0020833333333333333,0.0048,8,0.75,0.2,8,16,0,2,false,0.585,0.75,1,worldModel,weighted,0,a2a0fec2,285,baseline,120,0.4836514894415935,0,0.2145,0,0.5285,0,0.6325,0,0.016390519567664553,0,0.873809278011322,0,,,,,0.26166666666666666,0,0,0,56,0,204,0,1
600,245,0.28,0.3,3,0.05,0.05,0.05,2,0.197,0.03475,1,0.005,hybrid,0.1,0.5,0.3,0.01,0.0020833333333333333,0.0048,8,0.75,0.2,8,16,0,2,true,0.585,0.75,1,worldModel,weighted,0,a2a0fec2,286,treatment,120,0.4679583008463184,0,0.1925,0,0.5105,0,0.6145,0,0.014984843037965373,0,0.8332943916320801,0,0.585,0,0.795,0,0.205,0,0,0,48,0,211,0,1
600,245,0.28,0.3,3,0.05,0.05,0.05,2,0.197,0.03475,1,0.005,hybrid,0.1,0.5,0.3,0.01,0.0020833333333333333,0.0048,8,0.75,0.2,8,16,0,2,false,0.585,0.75,1,worldModel,weighted,0,a2a0fec2,286,baseline,120,0.49233286689346034,0,0.2625,0,0.5385,0,0.6255,0,0.014516893287882481,0,0.8332943916320801,0,,,,,0.2966666666666667,0,0,0,46,0,211,0,1
600,245,0.28,0.3,3,0.05,0.05,0.05,2,0.197,0.0365,1,0.005,hybrid,0.1,0.5,0.3,0.01,0.0020833333333333333,0.0048,8,0.75,0.2,8,16,0,2,true,0.585,0.75,1,worldModel,weighted,0,a2a0fec2,287,treatment,120,0.46129970824345945,0,0.1835,0,0.5115,0,0.5925,0,0.013419479897475018,0,0.8022727966308594,0,0.585,0,0.8683333333333333,0,0.13166666666666665,0,0,0,51,0,206,0,1
600,245,0.28,0.3,3,0.05,0.05,0.05,2,0.197,0.0365,1,0.005,hybrid,0.1,0.5,0.3,0.01,0.0020833333333333333,0.0048,8,0.75,0.2,8,16,0,2,false,0.585,0.75,1,worldModel,weighted,0,a2a0fec2,287,baseline,120,0.47937721975768605,0,0.2125,0,0.5295,0,0.6055,0,0.016356693614684472,0,0.8197681903839111,0,,,,,0.17333333333333334,0,0,0,49,0,210,0,1
600,245,0.28,0.3,3,0.05,0.05,0.05,2,0.197,0.03825,1,0.005,hybrid,0.1,0.5,0.3,0.01,0.0020833333333333333,0.0048,8,0.75,0.2,8,16,0,2,true,0.585,0.75,1,worldModel,weighted,0,a2a0fec2,288,treatment,120,0.46499516162400445,0,0.1845,0,0.5095,0,0.6175,0,0.01773353158277552,0,0.8589690923690796,0,0.585,0,0.7966666666666666,0,0.20333333333333334,0,0,0,52,0,212,0,1
600,245,0.28,0.3,3,0.05,0.05,0.05,2,0.197,0.03825,1,0.005,hybrid,0.1,0.5,0.3,0.01,0.0020833333333333333,0.0048,8,0.75,0.2,8,16,0,2,false,0.585,0.75,1,worldModel,weighted,0,a2a0fec2,288,baseline,120,0.4853720337773363,0,0.2165,0,0.5265,0,0.6465,0,0.014564636725295182,0,0.8343269228935242,0,,,,,0.27166666666666667,0,0,0,47,0,208,0,1
600,245,0.28,0.3,3,0.05,0.05,0.05,2,0.197,0.04,1,0.005,hybrid,0.1,0.5,0.3,0.01,0.0020833333333333333,0.0048,8,0.75,0.2,8,16,0,2,true,0.585,0.75,1,worldModel,weighted,0,a2a0fec2,289,treatment,120,0.46444216849903264,0,0.2235,0,0.5125,0,0.5985,0,0.013548887755894148,0,0.8226102590560913,0,0.585,0,0.8566666666666667,0,0.14333333333333334,0,0,0,51,0,211,0,1
600,245,0.28,0.3,3,0.05,0.05,0.05,2,0.197,0.04,1,0.005,hybrid,0.1,0.5,0.3,0.01,0.0020833333333333333,0.0048,8,0.75,0.2,8,16,0,2,false,0.585,0.75,1,worldModel,weighted,0,a2a0fec2,289,baseline,120,0.48578740337863563,0,0.2235,0,0.5255,0,0.6245,0,0.013115367038829194,0,0.8880955576896667,0,,,,,0.265,0,0,0,55,0,214,0,1
600,245,0.28,0.3,3,0.05,0.05,0.05,2,0.197,0.04175,1,0.005,hybrid,0.1,0.5,0.3,0.01,0.0020833333333333333,0.0048,8,0.75,0.2,8,16,0,2,true,0.585,0.75,1,worldModel,weighted,0,a2a0fec2,290,treatment,120,0.4593065291022261,0,0.2205,0,0.4975,0,0.6015,0,0.013337179212025386,0,0.886828601360321,0,0.585,0,0.8566666666666667,0,0.14333333333333334,0,0,0,59,0,210,0,1
600,245,0.28,0.3,3,0.05,0.05,0.05,2,0.197,0.04175,1,0.005,hybrid,0.1,0.5,0.3,0.01,0.0020833333333333333,0.0048,8,0.75,0.2,8,16,0,2,false,0.585,0.75,1,worldModel,weighted,0,a2a0fec2,290,baseline,120,0.48821447359398007,0,0.2585,0,0.5315,0,0.6275,0,0.015985956230457784,0,0.8708975315093994,0,,,,,0.23666666666666666,0,0,0,50,0,213,0,1
600,245,0.28,0.3,3,0.05,0.05,0.05,2,0.197,0.0435,1,0.005,hybrid,0.1,0.5,0.3,0.01,0.0020833333333333333,0.0048,8,0.75,0.2,8,16,0,2,true,0.585,0.75,1,worldModel,weighted,0,a2a0fec2,291,treatment,120,0.476700566355139,0,0.2175,0,0.5225,0,0.6125,0,0.01641760770533113,0,0.8392065167427063,0,0.585,0,0.805,0,0.195,0,0,0,46,0,219,0,1
600,245,0.28,0.3,3,0.05,0.05,0.05,2,0.197,0.0435,1,0.005,hybrid,0.1,0.5,0.3,0.01,0.0020833333333333333,0.0048,8,0.75,0.2,8,16,0,2,false,0.585,0.75,1,worldModel,weighted,0,a2a0fec2,291,baseline,120,0.4937559635564685,0,0.2565,0,0.5385,0,0.6255,0,0.01421870037015783,0,0.8394564986228943,0,,,,,0.2633333333333333,0,0,0,42,0,212,0,1
600,245,0.28,0.3,3,0.05,0.05,0.05,2,0.197,0.04525,1,0.005,hybrid,0.1,0.5,0.3,0.01,0.0020833333333333333,0.0048,8,0.75,0.2,8,16,0,2,true,0.585,0.75,1,worldModel,weighted,0,a2a0fec2,292,treatment,120,0.44248953021441895,0,0.1715,0,0.4835,0,0.5785,0,0.015177231866700369,0,0.7847882509231567,0,0.585,0,0.9083333333333333,0,0.09166666666666666,0,0,0,45,0,210,0,1
600,245,0.28,0.3,3,0.05,0.05,0.05,2,0.197,0.04525,1,0.005,hybrid,0.1,0.5,0.3,0.01,0.0020833333333333333,0.0048,8,0.75,0.2,8,16,0,2,false,0.585,0.75,1,worldModel,weighted,0,a2a0fec2,292,baseline,120,0.4735166463876764,0,0.2085,0,0.5205,0,0.6145,0,0.015139137892331213,0,0.7729246616363525,0,,,,,0.22666666666666666,0,0,0,49,0,214,0,1
600,245,0.28,0.3,3,0.05,0.05,0.05,2,0.197,0.047,1,0.005,hybrid,0.1,0.5,0.3,0.01,0.0020833333333333333,0.0048,8,0.75,0.2,8,16,0,2,true,0.585,0.75,1,worldModel,weighted,0,a2a0fec2,293,treatment,120,0.45533626060932875,0,0.2085,0,0.4945,0,0.5845,0,0.013638801388635017,0,0.883342444896698,0,0.585,0,0.9,0,0.1,0,0,0,52,0,212,0,1
600,245,0.28,0.3,3,0.05,0.05,0.05,2,0.197,0.047,1,0.005,hybrid,0.1,0.5,0.3,0.01,0.0020833333333333333,0.0048,8,0.75,0.2,8,16,0,2,false,0.585,0.75,1,worldModel,weighted,0,a2a0fec2,293,baseline,120,0.4694228157835702,0,0.2305,0,0.5055,0,0.6075,0,0.01482900435577289,0,0.8654608726501465,0,,,,,0.15666666666666668,0,0,0,46,0,214,0,1
600,245,0.28,0.3,3,0.05,0.05,0.05,2,0.206,0.012,1,0.005,hybrid,0.1,0.5,0.3,0.01,0.0020833333333333333,0.0048,8,0.75,0.2,8,16,0,2,true,0.585,0.75,1,worldModel,weighted,0,a2a0fec2,294,treatment,120,0.5099908339791,0,0.2175,0,0.5505,0,0.6695,0,0.017417286328958188,0,0.8923042416572571,0,0.585,0,0.6233333333333333,0,0.37666666666666665,0,0,0,44,0,208,0,1
600,245,0.28,0.3,3,0.05,0.05,0.05,2,0.206,0.012,1,0.005,hybrid,0.1,0.5,0.3,0.01,0.0020833333333333333,0.0048,8,0.75,0.2,8,16,0,2,false,0.585,0.75,1,worldModel,weighted,0,a2a0fec2,294,baseline,120,0.5286614478689929,0,0.2525,0,0.5735,0,0.6815,0,0.017137771077466748,0,0.8923042416572571,0,,,,,0.44,0,0,0,39,0,209,0,1
600,245,0.28,0.3,3,0.05,0.05,0.05,2,0.206,0.01375,1,0.005,hybrid,0.1,0.5,0.3,0.01,0.0020833333333333333,0.0048,8,0.75,0.2,8,16,0,2,true,0.585,0.75,1,worldModel,weighted,0,a2a0fec2,295,treatment,120,0.4928636835577587,0,0.1865,0,0.5355,0,0.6565,0,0.01862847546561421,0,0.9175832271575928,0,0.585,0,0.6816666666666666,0,0.31833333333333336,0,0,0,56,0,211,0,1
600,245,0.28,0.3,3,0.05,0.05,0.05,2,0.206,0.01375,1,0.005,hybrid,0.1,0.5,0.3,0.01,0.0020833333333333333,0.0048,8,0.75,0.2,8,16,0,2,false,0.585,0.75,1,worldModel,weighted,0,a2a0fec2,295,baseline,120,0.5189691257787248,0,0.2655,0,0.5615,0,0.6775,0,0.013734383581843696,0,0.9183852076530457,0,,,,,0.395,0,0,0,50,0,210,0,1
600,245,0.28,0.3,3,0.05,0.05,0.05,2,0.206,0.0155,1,0.005,hybrid,0.1,0.5,0.3,0.01,0.0020833333333333333,0.0048,8,0.75,0.2,8,16,0,2,true,0.585,0.75,1,worldModel,weighted,0,a2a0fec2,296,treatment,120,0.47899560377622646,0,0.1835,0,0.5335,0,0.6535,0,0.018137890084954388,0,0.8271405696868896,0,0.585,0,0.6933333333333334,0,0.30666666666666664,0,0,0,62,0,206,0,1
600,245,0.28,0.3,3,0.05,0.05,0.05,2,0.206,0.0155,1,0.005,hybrid,0.1,0.5,0.3,0.01,0.0020833333333333333,0.0048,8,0.75,0.2,8,16,0,2,false,0.585,0.75,1,worldModel,weighted,0,a2a0fec2,296,baseline,120,0.498208252688249,0,0.2015,0,0.5525,0,0.6605,0,0.017204429082196968,0,0.8284791111946106,0,,,,,0.385,0,0,0,46,0,214,0,1
600,245,0.28,0.3,3,0.05,0.05,0.05,2,0.206,0.01725,1,0.005,hybrid,0.1,0.5,0.3,0.01,0.0020833333333333333,0.0048,8,0.75,0.2,8,16,0,2,true,0.585,0.75,1,worldModel,weighted,0,a2a0fec2,297,treatment,120,0.4946810379624367,0,0.2065,0,0.5395,0,0.6605,0,0.016610409324152586,0,0.9211385846138,0,0.585,0,0.67,0,0.33,0,0,0,38,0,209,0,1
600,245,0.28,0.3,3,0.05,0.05,0.05,2,0.206,0.01725,1,0.005,hybrid,0.1,0.5,0.3,0.01,0.0020833333333333333,0.0048,8,0.75,0.2,8,16,0,2,false,0.585,0.75,1,worldModel,weighted,0,a2a0fec2,297,baseline,120,0.523540618326515,0,0.2325,0,0.5655,0,0.6835,0,0.016068698483222593,0,0.9354533553123474,0,,,,,0.44166666666666665,0,0,0,47,0,211,0,1
600,245,0.28,0.3,3,0.05,0.05,0.05,2,0.206,0.019,1,0.005,hybrid,0.1,0.5,0.3,0.01,0.0020833333333333333,0.0048,8,0.75,0.2,8,16,0,2,true,0.585,0.75,1,worldModel,weighted,0,a2a0fec2,298,treatment,120,0.4741626064355175,0,0.1865,0,0.5145,0,0.6425,0,0.013939980459812451,0,0.8640490770339966,0,0.585,0,0.7616666666666667,0,0.23833333333333334,0,0,0,51,0,209,0,1
600,245,0.28,0.3,3,0.05,0.05,0.05,2,0.206,0.019,1,0.005,hybrid,0.1,0.5,0.3,0.01,0.0020833333333333333,0.0048,8,0.75,0.2,8,16,0,2,false,0.585,0.75,1,worldModel,weighted,0,a2a0fec2,298,baseline,120,0.49314977424219253,0,0.2025,0,0.5365,0,0.6645,0,0.017688694165428346,0,0.8799092769622803,0,,,,,0.32,0,0,0,53,0,213,0,1
600,245,0.28,0.3,3,0.05,0.05,0.05,2,0.206,0.02075,1,0.005,hybrid,0.1,0.5,0.3,0.01,0.0020833333333333333,0.0048,8,0.75,0.2,8,16,0,2,true,0.585,0.75,1,worldModel,weighted,0,a2a0fec2,299,treatment,120,0.48364750827352204,0,0.1805,0,0.5285,0,0.6425,0,0.01805877494130353,0,0.8958888053894043,0,0.585,0,0.7,0,0.3,0,0,0,42,0,212,0,1
600,245,0.28,0.3,3,0.05,0.05,0.05,2,0.206,0.02075,1,0.005,hybrid,0.1,0.5,0.3,0.01,0.0020833333333333333,0.0048,8,0.75,0.2,8,16,0,2,false,0.585,0.75,1,worldModel,weighted,0,a2a0fec2,299,baseline,120,0.5057387738426526,0,0.2245,0,0.5565,0,0.6555,0,0.016939011078249078,0,0.8977888226509094,0,,,,,0.3933333333333333,0,0,0,44,0,216,0,1
600,245,0.28,0.3,3,0.05,0.05,0.05,2,0.206,0.0225,1,0.005,hybrid,0.1,0.5,0.3,0.01,0.0020833333333333333,0.0048,8,0.75,0.2,8,16,0,2,true,0.585,0.75,1,worldModel,weighted,0,a2a0fec2,300,treatment,120,0.4831926218047738,0,0.1945,0,0.5235,0,0.6355,0,0.017590131392172054,0,0.8876445889472961,0,0.585,0,0.75,0,0.25,0,0,0,57,0,206,0,1
600,245,0.28,0.3,3,0.05,0.05,0.05,2,0.206,0.0225,1,0.005,hybrid,0.1,0.5,0.3,0.01,0.0020833333333333333,0.0048,8,0.75,0.2,8,16,0,2,false,0.585,0.75,1,worldModel,weighted,0,a2a0fec2,300,baseline,120,0.4990034056951602,0,0.2435,0,0.5425,0,0.6535,0,0.01539038226985469,0,0.8361091613769531,0,,,,,0.3466666666666667,0,0,0,34,0,210,0,1
600,245,0.28,0.3,3,0.05,0.05,0.05,2,0.206,0.02425,1,0.005,hybrid,0.1,0.5,0.3,0.01,0.0020833333333333333,0.0048,8,0.75,0.2,8,16,0,2,true,0.585,0.75,1,worldModel,weighted,0,a2a0fec2,301,treatment,120,0.459758193710198,0,0.1775,0,0.5025,0,0.6205,0,0.022411903999930996,0,0.8938143849372864,0,0.585,0,0.8083333333333333,0,0.19166666666666668,0,0,0,52,0,207,0,1
600,245,0.28,0.3,3,0.05,0.05,0.05,2,0.206,0.02425,1,0.005,hybrid,0.1,0.5,0.3,0.01,0.0020833333333333333,0.0048,8,0.75,0.2,8,16,0,2,false,0.585,0.75,1,worldModel,weighted,0,a2a0fec2,301,baseline,120,0.4871243716528018,0,0.2065,0,0.5365,0,0.6375,0,0.01812873826871545,0,0.8938143849372864,0,,,,,0.31,0,0,0,47,0,209,0,1
600,245,0.28,0.3,3,0.05,0.05,0.05,2,0.206,0.026,1,0.005,hybrid,0.1,0.5,0.3,0.01,0.0020833333333333333,0.0048,8,0.75,0.2,8,16,0,2,true,0.585,0.75,1,worldModel,weighted,0,a2a0fec2,302,treatment,120,0.48125675074756147,0,0.2125,0,0.5175,0,0.6335,0,0.015127791447658266,0,0.8498045206069946,0,0.585,0,0.78,0,0.22,0,0,0,53,0,213,0,1
600,245,0.28,0.3,3,0.05,0.05,0.05,2,0.206,0.026,1,0.005,hybrid,0.1,0.5,0.3,0.01,0.0020833333333333333,0.0048,8,0.75,0.2,8,16,0,2,false,0.585,0.75,1,worldModel,weighted,0,a2a0fec2,302,baseline,120,0.5040600275186201,0,0.2515,0,0.5475,0,0.6515,0,0.017840063875232393,0,0.8509261012077332,0,,,,,0.31,0,0,0,56,0,214,0,1
600,245,0.28,0.3,3,0.05,0.05,0.05,2,0.206,0.02775,1,0.005,hybrid,0.1,0.5,0.3,0.01,0.0020833333333333333,0.0048,8,0.75,0.2,8,16,0,2,true,0.585,0.75,1,worldModel,weighted,0,a2a0fec2,303,treatment,120,0.47936497380336124,0,0.2225,0,0.5135,0,0.6425,0,0.016692658520811057,0,0.9172463417053223,0,0.585,0,0.7433333333333333,0,0.25666666666666665,0,0,0,46,0,211,0,1
600,245,0.28,0.3,3,0.05,0.05,0.05,2,0.206,0.02775,1,0.005,hybrid,0.1,0.5,0.3,0.01,0.0020833333333333333,0.0048,8,0.75,0.2,8,16,0,2,false,0.585,0.75,1,worldModel,weighted,0,a2a0fec2,303,baseline,120,0.5007918046849469,0,0.2455,0,0.5415,0,0.6515,0,0.016374143728448264,0,0.9213290810585022,0,,,,,0.3416666666666667,0,0,0,52,0,210,0,1
600,245,0.28,0.3,3,0.05,0.05,0.05,2,0.206,0.0295,1,0.005,hybrid,0.1,0.5,0.3,0.01,0.0020833333333333333,0.0048,8,0.75,0.2,8,16,0,2,true,0.585,0.75,1,worldModel,weighted,0,a2a0fec2,304,treatment,120,0.4666799792274833,0,0.1985,0,0.4995,0,0.6245,0,0.01636365437045304,0,0.8294193148612976,0,0.585,0,0.7866666666666666,0,0.21333333333333335,0,0,0,53,0,208,0,1
600,245,0.28,0.3,3,0.05,0.05,0.05,2,0.206,0.0295,1,0.005,hybrid,0.1,0.5,0.3,0.01,0.0020833333333333333,0.0048,8,0.75,0.2,8,16,0,2,false,0.585,0.75,1,worldModel,weighted,0,a2a0fec2,304,baseline,120,0.47995761457830666,0,0.1985,0,0.5195,0,0.6325,0,0.0190936137478637,0,0.8301737308502197,0,,,,,0.265,0,0,0,50,0,210,0,1
600,245,0.28,0.3,3,0.05,0.05,0.05,2,0.206,0.03125,1,0.005,hybrid,0.1,0.5,0.3,0.01,0.0020833333333333333,0.0048,8,0.75,0.2,8,16,0,2,true,0.585,0.75,1,worldModel,weighted,0,a2a0fec2,305,treatment,120,0.47469075460607807,0,0.2035,0,0.5175,0,0.6165,0,0.014434599229294034,0,0.9224318265914917,0,0.585,0,0.7633333333333333,0,0.23666666666666666,0,0,0,48,0,210,0,1
600,245,0.28,0.3,3,0.05,0.05,0.05,2,0.206,0.03125,1,0.005,hybrid,0.1,0.5,0.3,0.01,0.0020833333333333333,0.0048,8,0.75,0.2,8,16,0,2,false,0.585,0.75,1,worldModel,weighted,0,a2a0fec2,305,baseline,120,0.4973637096521755,0,0.2535,0,0.5445,0,0.6375,0,0.015015684945413358,0,0.8458415269851685,0,,,,,0.30833333333333335,0,0,0,42,0,213,0,1
600,245,0.28,0.3,3,0.05,0.05,0.05,2,0.206,0.033,1,0.005,hybrid,0.1,0.5,0.3,0.01,0.0020833333333333333,0.0048,8,0.75,0.2,8,16,0,2,true,0.585,0.75,1,worldModel,weighted,0,a2a0fec2,306,treatment,120,0.4604520294939478,0,0.2035,0,0.5095,0,0.6005,0,0.014670089412326216,0,0.7796557545661926,0,0.585,0,0.8583333333333333,0,0.14166666666666666,0,0,0,49,0,208,0,1
600,245,0.28,0.3,3,0.05,0.05,0.05,2,0.206,0.033,1,0.005,hybrid,0.1,0.5,0.3,0.01,0.0020833333333333333,0.0048,8,0.75,0.2,8,16,0,2,false,0.585,0.75,1,worldModel,weighted,0,a2a0fec2,306,baseline,120,0.48774547944466273,0,0.2475,0,0.5315,0,0.6205,0,0.013057899851859064,0,0.8092740774154663,0,,,,,0.2733333333333333,0,0,0,46,0,209,0,1
600,245,0.28,0.3,3,0.05,0.05,0.05,2,0.206,0.03475,1,0.005,hybrid,0.1,0.5,0.3,0.01,0.0020833333333333333,0.0048,8,0.75,0.2,8,16,0,2,true,0.585,0.75,1,worldModel,weighted,0,a2a0fec2,307,treatment,120,0.4640111912228167,0,0.2115,0,0.5055,0,0.6015,0,0.01094050603459263,0,0.8895698189735413,0,0.585,0,0.8683333333333333,0,0.13166666666666665,0,0,0,43,0,211,0,1
600,245,0.28,0.3,3,0.05,0.05,0.05,2,0.206,0.03475,1,0.005,hybrid,0.1,0.5,0.3,0.01,0.0020833333333333333,0.0048,8,0.75,0.2,8,16,0,2,false,0.585,0.75,1,worldModel,weighted,0,a2a0fec2,307,baseline,120,0.4878005376954873,0,0.2535,0,0.5305,0,0.6145,0,0.010591030879563238,0,0.8868700265884399,0,,,,,0.21333333333333335,0,0,0,43,0,214,0,1
600,245,0.28,0.3,3,0.05,0.05,0.05,2,0.206,0.0365,1,0.005,hybrid,0.1,0.5,0.3,0.01,0.0020833333333333333,0.0048,8,0.75,0.2,8,16,0,2,true,0.585,0.75,1,worldModel,weighted,0,a2a0fec2,308,treatment,120,0.4688532343072196,0,0.1865,0,0.5065,0,0.6195,0,0.012127069054250917,0,0.8171891570091248,0,0.585,0,0.8066666666666666,0,0.19333333333333333,0,0,0,40,0,212,0,1
600,245,0.28,0.3,3,0.05,0.05,0.05,2,0.206,0.0365,1,0.005,hybrid,0.1,0.5,0.3,0.01,0.0020833333333333333,0.0048,8,0.75,0.2,8,16,0,2,false,0.585,0.75,1,worldModel,weighted,0,a2a0fec2,308,baseline,120,0.49432353597134354,0,0.2245,0,0.5365,0,0.6315,0,0.01440360606085263,0,0.8297646045684814,0,,,,,0.29,0,0,0,43,0,212,0,1
600,245,0.28,0.3,3,0.05,0.05,0.05,2,0.206,0.03825,1,0.005,hybrid,0.1,0.5,0.3,0.01,0.0020833333333333333,0.0048,8,0.75,0.2,8,16,0,2,true,0.585,0.75,1,worldModel,weighted,0,a2a0fec2,309,treatment,120,0.44942732765028875,0,0.1745,0,0.4925,0,0.6105,0,0.01718552196992251,0,0.9366242289543152,0,0.585,0,0.84,0,0.16,0,0,0,61,0,207,0,1
600,245,0.28,0.3,3,0.05,0.05,0.05,2,0.206,0.03825,1,0.005,hybrid,0.1,0.5,0.3,0.01,0.0020833333333333333,0.0048,8,0.75,0.2,8,16,0,2,false,0.585,0.75,1,worldModel,weighted,0,a2a0fec2,309,baseline,120,0.47565524126092595,0,0.2185,0,0.5225,0,0.6195,0,0.0163235692487099,0,0.9414049983024597,0,,,,,0.23666666666666666,0,0,0,45,0,210,0,1
600,245,0.28,0.3,3,0.05,0.05,0.05,2,0.206,0.04,1,0.005,hybrid,0.1,0.5,0.3,0.01,0.0020833333333333333,0.0048,8,0.75,0.2,8,16,0,2,true,0.585,0.75,1,worldModel,weighted,0,a2a0fec2,310,treatment,120,0.4593791754419605,0,0.1995,0,0.5005,0,0.6045,0,0.012552848409251855,0,0.8572385311126709,0,0.585,0,0.855,0,0.145,0,0,0,48,0,207,0,1
600,245,0.28,0.3,3,0.05,0.05,0.05,2,0.206,0.04,1,0.005,hybrid,0.1,0.5,0.3,0.01,0.0020833333333333333,0.0048,8,0.75,0.2,8,16,0,2,false,0.585,0.75,1,worldModel,weighted,0,a2a0fec2,310,baseline,120,0.4808093545647959,0,0.2325,0,0.5155,0,0.6205,0,0.009759649867455823,0,0.8346930742263794,0,,,,,0.215,0,0,0,48,0,214,0,1
600,245,0.28,0.3,3,0.05,0.05,0.05,2,0.206,0.04175,1,0.005,hybrid,0.1,0.5,0.3,0.01,0.0020833333333333333,0.0048,8,0.75,0.2,8,16,0,2,true,0.585,0.75,1,worldModel,weighted,0,a2a0fec2,311,treatment,120,0.4515635883125166,0,0.2035,0,0.4985,0,0.5805,0,0.012661925313028692,0,0.8079577684402466,0,0.585,0,0.9133333333333333,0,0.08666666666666667,0,0,0,49,0,208,0,1
600,245,0.28,0.3,3,0.05,0.05,0.05,2,0.206,0.04175,1,0.005,hybrid,0.1,0.5,0.3,0.01,0.0020833333333333333,0.0048,8,0.75,0.2,8,16,0,2,false,0.585,0.75,1,worldModel,weighted,0,a2a0fec2,311,baseline,120,0.4742845006038745,0,0.2315,0,0.5185,0,0.6065,0,0.012905449567014553,0,0.8391602635383606,0,,,,,0.17666666666666667,0,0,0,50,0,212,0,1
600,245,0.28,0.3,3,0.05,0.05,0.05,2,0.206,0.0435,1,0.005,hybrid,0.1,0.5,0.3,0.01,0.0020833333333333333,0.0048,8,0.75,0.2,8,16,0,2,true,0.585,0.75,1,worldModel,weighted,0,a2a0fec2,312,treatment,120,0.45971893196925523,0,0.2165,0,0.4995,0,0.5885,0,0.01037085211821467,0,0.7781427502632141,0,0.585,0,0.895,0,0.105,0,0,0,51,0,213,0,1
600,245,0.28,0.3,3,0.05,0.05,0.05,2,0.206,0.0435,1,0.005,hybrid,0.1,0.5,0.3,0.01,0.0020833333333333333,0.0048,8,0.75,0.2,8,16,0,2,false,0.585,0.75,1,worldModel,weighted,0,a2a0fec2,312,baseline,120,0.47572083891679845,0,0.2365,0,0.5145,0,0.5995,0,0.013085420122160081,0,0.828106701374054,0,,,,,0.13333333333333333,0,0,0,46,0,206,0,1
600,245,0.28,0.3,3,0.05,0.05,0.05,2,0.206,0.04525,1,0.005,hybrid,0.1,0.5,0.3,0.01,0.0020833333333333333,0.0048,8,0.75,0.2,8,16,0,2,true,0.585,0.75,1,worldModel,weighted,0,a2a0fec2,313,treatment,120,0.45916251147786774,0,0.1965,0,0.5065,0,0.5995,0,0.016395955314917526,0,0.8634426593780518,0,0.585,0,0.8416666666666667,0,0.15833333333333333,0,0,0,48,0,220,0,1
600,245,0.28,0.3,3,0.05,0.05,0.05,2,0.206,0.04525,1,0.005,hybrid,0.1,0.5,0.3,0.01,0.0020833333333333333,0.0048,8,0.75,0.2,8,16,0,2,false,0.585,0.75,1,worldModel,weighted,0,a2a0fec2,313,baseline,120,0.48034703763822717,0,0.2345,0,0.5225,0,0.6155,0,0.012261363601963155,0,0.8791379332542419,0,,,,,0.22833333333333333,0,0,0,47,0,213,0,1
600,245,0.28,0.3,3,0.05,0.05,0.05,2,0.206,0.047,1,0.005,hybrid,0.1,0.5,0.3,0.01,0.0020833333333333333,0.0048,8,0.75,0.2,8,16,0,2,true,0.585,0.75,1,worldModel,weighted,0,a2a0fec2,314,treatment,120,0.4553802429077526,0,0.2045,0,0.5025,0,0.5985,0,0.014018713243938746,0,0.8162268996238708,0,0.585,0,0.855,0,0.145,0,0,0,43,0,211,0,1
600,245,0.28,0.3,3,0.05,0.05,0.05,2,0.206,0.047,1,0.005,hybrid,0.1,0.5,0.3,0.01,0.0020833333333333333,0.0048,8,0.75,0.2,8,16,0,2,false,0.585,0.75,1,worldModel,weighted,0,a2a0fec2,314,baseline,120,0.47568730132033427,0,0.2325,0,0.5235,0,0.6195,0,0.01602107326747257,0,0.8031631708145142,0,,,,,0.22666666666666666,0,0,0,43,0,213,0,1
600,245,0.28,0.3,3,0.05,0.05,0.05,2,0.215,0.012,1,0.005,hybrid,0.1,0.5,0.3,0.01,0.0020833333333333333,0.0048,8,0.75,0.2,8,16,0,2,true,0.585,0.75,1,worldModel,weighted,0,a2a0fec2,315,treatment,120,0.5019493640214204,0,0.2105,0,0.5505,0,0.6665,0,0.015179841169061925,0,0.9356372356414795,0,0.585,0,0.65,0,0.35,0,0,0,48,0,207,0,1
600,245,0.28,0.3,3,0.05,0.05,0.05,2,0.215,0.012,1,0.005,hybrid,0.1,0.5,0.3,0.01,0.0020833333333333333,0.0048,8,0.75,0.2,8,16,0,2,false,0.585,0.75,1,worldModel,weighted,0,a2a0fec2,315,baseline,120,0.5272385278654595,0,0.2565,0,0.5735,0,0.6765,0,0.016559417857124854,0,0.9430756568908691,0,,,,,0.44166666666666665,0,0,0,44,0,212,0,1
600,245,0.28,0.3,3,0.05,0.05,0.05,2,0.215,0.01375,1,0.005,hybrid,0.1,0.5,0.3,0.01,0.0020833333333333333,0.0048,8,0.75,0.2,8,16,0,2,true,0.585,0.75,1,worldModel,weighted,0,a2a0fec2,316,treatment,120,0.49082595164577164,0,0.1895,0,0.5325,0,0.6505,0,0.015987292630488734,0,0.8929498791694641,0,0.585,0,0.705,0,0.295,0,0,0,44,0,213,0,1
600,245,0.28,0.3,3,0.05,0.05,0.05,2,0.215,0.01375,1,0.005,hybrid,0.1,0.5,0.3,0.01,0.0020833333333333333,0.0048,8,0.75,0.2,8,16,0,2,false,0.585,0.75,1,worldModel,weighted,0,a2a0fec2,316,baseline,120,0.507671395248423,0,0.2265,0,0.5515,0,0.6665,0,0.014530136813569431,0,0.8943257331848145,0,,,,,0.3616666666666667,0,0,0,52,0,212,0,1
600,245,0.28,0.3,3,0.05,0.05,0.05,2,0.215,0.0155,1,0.005,hybrid,0.1,0.5,0.3,0.01,0.0020833333333333333,0.0048,8,0.75,0.2,8,16,0,2,true,0.585,0.75,1,worldModel,weighted,0,a2a0fec2,317,treatment,120,0.4911079491550724,0,0.1905,0,0.5375,0,0.6595,0,0.01543526579705297,0,0.8492711186408997,0,0.585,0,0.7083333333333334,0,0.2916666666666667,0,0,0,40,0,210,0,1
600,245,0.28,0.3,3,0.05,0.05,0.05,2,0.215,0.0155,1,0.005,hybrid,0.1,0.5,0.3,0.01,0.0020833333333333333,0.0048,8,0.75,0.2,8,16,0,2,false,0.585,0.75,1,worldModel,weighted,0,a2a0fec2,317,baseline,120,0.513910340902706,0,0.2485,0,0.5605,0,0.6585,0,0.01341705768292437,0,0.8509641885757446,0,,,,,0.39166666666666666,0,0,0,47,0,212,0,1
600,245,0.28,0.3,3,0.05,0.05,0.05,2,0.215,0.01725,1,0.005,hybrid,0.1,0.5,0.3,0.01,0.0020833333333333333,0.0048,8,0.75,0.2,8,16,0,2,true,0.585,0.75,1,worldModel,weighted,0,a2a0fec2,318,treatment,120,0.4865247201050321,0,0.2075,0,0.5295,0,0.6645,0,0.016663140921193798,0,0.8684276938438416,0,0.585,0,0.695,0,0.305,0,0,0,46,0,204,0,1
600,245,0.28,0.3,3,0.05,0.05,0.05,2,0.215,0.01725,1,0.005,hybrid,0.1,0.5,0.3,0.01,0.0020833333333333333,0.0048,8,0.75,0.2,8,16,0,2,false,0.585,0.75,1,worldModel,weighted,0,a2a0fec2,318,baseline,120,0.5113692889052133,0,0.2365,0,0.5565,0,0.6725,0,0.015522926241016612,0,0.8805996775627136,0,,,,,0.40166666666666667,0,0,0,41,0,213,0,1
600,245,0.28,0.3,3,0.05,0.05,0.05,2,0.215,0.019,1,0.005,hybrid,0.1,0.5,0.3,0.01,0.0020833333333333333,0.0048,8,0.75,0.2,8,16,0,2,true,0.585,0.75,1,worldModel,weighted,0,a2a0fec2,319,treatment,120,0.4906699435847501,0,0.2245,0,0.5315,0,0.6525,0,0.01945030167142583,0,0.9193807244300842,0,0.585,0,0.6916666666666667,0,0.30833333333333335,0,0,0,42,0,215,0,1
600,245,0.28,0.3,3,0.05,0.05,0.05,2,0.215,0.019,1,0.005,hybrid,0.1,0.5,0.3,0.01,0.0020833333333333333,0.0048,8,0.75,0.2,8,16,0,2,false,0.585,0.75,1,worldModel,weighted,0,a2a0fec2,319,baseline,120,0.5136396504255633,0,0.2615,0,0.5595,0,0.6655,0,0.019410772262945436,0,0.9438290596008301,0,,,,,0.4066666666666667,0,0,0,49,0,212,0,1
600,245,0.28,0.3,3,0.05,0.05,0.05,2,0.215,0.02075,1,0.005,hybrid,0.1,0.5,0.3,0.01,0.0020833333333333333,0.0048,8,0.75,0.2,8,16,0,2,true,0.585,0.75,1,worldModel,weighted,0,a2a0fec2,320,treatment,120,0.4795256921586891,0,0.2215,0,0.5165,0,0.6255,0,0.012916637913811061,0,0.8710772395133972,0,0.585,0,0.79,0,0.21,0,0,0,41,0,209,0,1
600,245,0.28,0.3,3,0.05,0.05,0.05,2,0.215,0.02075,1,0.005,hybrid,0.1,0.5,0.3,0.01,0.0020833333333333333,0.0048,8,0.75,0.2,8,16,0,2,false,0.585,0.75,1,worldModel,weighted,0,a2a0fec2,320,baseline,120,0.49834396932274105,0,0.2465,0,0.5385,0,0.6445,0,0.014684955262653059,0,0.8671345114707947,0,,,,,0.29,0,0,0,39,0,209,0,1
600,245,0.28,0.3,3,0.05,0.05,0.05,2,0.215,0.0225,1,0.005,hybrid,0.1,0.5,0.3,0.01,0.0020833333333333333,0.0048,8,0.75,0.2,8,16,0,2,true,0.585,0.75,1,worldModel,weighted,0,a2a0fec2,321,treatment,120,0.4824980728390316,0,0.2445,0,0.5245,0,0.6185,0,0.013666722383959757,0,0.8122562170028687,0,0.585,0,0.7783333333333333,0,0.22166666666666668,0,0,0,42,0,209,0,1
600,245,0.28,0.3,3,0.05,0.05,0.05,2,0.215,0.0225,1,0.005,hybrid,0.1,0.5,0.3,0.01,0.0020833333333333333,0.0048,8,0.75,0.2,8,16,0,2,false,0.585,0.75,1,worldModel,weighted,0,a2a0fec2,321,baseline,120,0.50427965434889,0,0.2815,0,0.5485,0,0.6315,0,0.012875164080571877,0,0.8156098127365112,0,,,,,0.315,0,0,0,44,0,211,0,1
600,245,0.28,0.3,3,0.05,0.05,0.05,2,0.215,0.02425,1,0.005,hybrid,0.1,0.5,0.3,0.01,0.0020833333333333333,0.0048,8,0.75,0.2,8,16,0,2,true,0.585,0.75,1,worldModel,weighted,0,a2a0fec2,322,treatment,120,0.4900793505708377,0,0.1765,0,0.5395,0,0.6365,0,0.01724139900152289,0,0.8756695985794067,0,0.585,0,0.705,0,0.295,0,0,0,48,0,211,0,1
600,245,0.28,0.3,3,0.05,0.05,0.05,2,0.215,0.02425,1,0.005,hybrid,0.1,0.5,0.3,0.01,0.0020833333333333333,0.0048,8,0.75,0.2,8,16,0,2,false,0.585,0.75,1,worldModel,weighted,0,a2a0fec2,322,baseline,120,0.5100721732589105,0,0.2405,0,0.5585,0,0.6405,0,0.01892523258420775,0,0.8821049332618713,0,,,,,0.3883333333333333,0,0,0,49,0,216,0,1
600,245,0.28,0.3,3,0.05,0.05,0.05,2,0.215,0.026,1,0.005,hybrid,0.1,0.5,0.3,0.01,0.0020833333333333333,0.0048,8,0.75,0.2,8,16,0,2,true,0.585,0.75,1,worldModel,weighted,0,a2a0fec2,323,treatment,120,0.47613387894506254,0,0.2055,0,0.5235,0,0.6275,0,0.013904956073862142,0,0.8755741715431213,0,0.585,0,0.7566666666666667,0,0.24333333333333335,0,0,0,48,0,205,0,1
600,245,0.28,0.3,3,0.05,0.05,0.05,2,0.215,0.026,1,0.005,hybrid,0.1,0.5,0.3,0.01,0.0020833333333333333,0.0048,8,0.75,0.2,8,16,0,2,false,0.585,0.75,1,worldModel,weighted,0,a2a0fec2,323,baseline,120,0.4973430937590698,0,0.2275,0,0.5465,0,0.6395,0,0.015318473170787614,0,0.9405141472816467,0,,,,,0.33166666666666667,0,0,0,48,0,206,0,1
600,245,0.28,0.3,3,0.05,0.05,0.05,2,0.215,0.02775,1,0.005,hybrid,0.1,0.5,0.3,0.01,0.0020833333333333333,0.0048,8,0.75,0.2,8,16,0,2,true,0.585,0.75,1,worldModel,weighted,0,a2a0fec2,324,treatment,120,0.4774943981009225,0,0.1835,0,0.5165,0,0.6245,0,0.01489261682395912,0,0.9484542608261108,0,0.585,0,0.7683333333333333,0,0.23166666666666666,0,0,0,50,0,212,0,1
600,245,0.28,0.3,3,0.05,0.05,0.05,2,0.215,0.02775,1,0.005,hybrid,0.1,0.5,0.3,0.01,0.0020833333333333333,0.0048,8,0.75,0.2,8,16,0,2,false,0.585,0.75,1,worldModel,weighted,0,a2a0fec2,324,baseline,120,0.4951626237606009,0,0.2175,0,0.5395,0,0.6425,0,0.015288019571333673,0,0.8929281234741211,0,,,,,0.31666666666666665,0,0,0,37,0,212,0,1
600,245,0.28,0.3,3,0.05,0.05,0.05,2,0.215,0.0295,1,0.005,hybrid,0.1,0.5,0.3,0.01,0.0020833333333333333,0.0048,8,0.75,0.2,8,16,0,2,true,0.585,0.75,1,worldModel,weighted,0,a2a0fec2,325,treatment,120,0.4809072167550524,0,0.1995,0,0.5225,0,0.6355,0,0.018329046558250295,0,0.9192454814910889,0,0.585,0,0.7566666666666667,0,0.24333333333333335,0,0,0,48,0,211,0,1
600,245,0.28,0.3,3,0.05,0.05,0.05,2,0.215,0.0295,1,0.005,hybrid,0.1,0.5,0.3,0.01,0.0020833333333333333,0.0048,8,0.75,0.2,8,16,0,2,false,0.585,0.75,1,worldModel,weighted,0,a2a0fec2,325,baseline,120,0.5029953239051004,0,0.2235,0,0.5505,0,0.6425,0,0.017685371569909514,0,0.9530638456344604,0,,,,,0.3466666666666667,0,0,0,44,0,212,0,1
600,245,0.28,0.3,3,0.05,0.05,0.05,2,0.215,0.03125,1,0.005,hybrid,0.1,0.5,0.3,0.01,0.0020833333333333333,0.0048,8,0.75,0.2,8,16,0,2,true,0.585,0.75,1,worldModel,weighted,0,a2a0fec2,326,treatment,120,0.46751079434528947,0,0.1695,0,0.5235,0,0.6195,0,0.015596047208896605,0,0.8209207057952881,0,0.585,0,0.8083333333333333,0,0.19166666666666668,0,0,0,42,0,212,0,1
600,245,0.28,0.3,3,0.05,0.05,0.05,2,0.215,0.03125,1,0.005,hybrid,0.1,0.5,0.3,0.01,0.0020833333333333333,0.0048,8,0.75,0.2,8,16,0,2,false,0.585,0.75,1,worldModel,weighted,0,a2a0fec2,326,baseline,120,0.49408432555074494,0,0.2375,0,0.5445,0,0.6295,0,0.014094082409132099,0,0.8245018720626831,0,,,,,0.25333333333333335,0,0,0,48,0,213,0,1
600,245,0.28,0.3,3,0.05,0.05,0.05,2,0.215,0.033,1,0.005,hybrid,0.1,0.5,0.3,0.01,0.0020833333333333333,0.0048,8,0.75,0.2,8,16,0,2,true,0.585,0.75,1,worldModel,weighted,0,a2a0fec2,327,treatment,120,0.47302948507790765,0,0.1915,0,0.5205,0,0.6225,0,0.012266920514456978,0,0.9091387391090393,0,0.585,0,0.7733333333333333,0,0.22666666666666666,0,0,0,50,0,211,0,1
600,245,0.28,0.3,3,0.05,0.05,0.05,2,0.215,0.033,1,0.005,hybrid,0.1,0.5,0.3,0.01,0.0020833333333333333,0.0048,8,0.75,0.2,8,16,0,2,false,0.585,0.75,1,worldModel,weighted,0,a2a0fec2,327,baseline,120,0.5060428615224858,0,0.2875,0,0.5445,0,0.6465,0,0.011140808141464276,0,0.9061287045478821,0,,,,,0.31,0,0,0,42,0,210,0,1
600,245,0.28,0.3,3,0.05,0.05,0.05,2,0.215,0.03475,1,0.005,hybrid,0.1,0.5,0.3,0.01,0.0020833333333333333,0.0048,8,0.75,0.2,8,16,0,2,true,0.585,0.75,1,worldModel,weighted,0,a2a0fec2,328,treatment,120,0.44894115801900625,0,0.1565,0,0.4975,0,0.6145,0,0.019549016600362172,0,0.8585754632949829,0,0.585,0,0.825,0,0.175,0,0,0,44,0,213,0,1
600,245,0.28,0.3,3,0.05,0.05,0.05,2,0.215,0.03475,1,0.005,hybrid,0.1,0.5,0.3,0.01,0.0020833333333333333,0.0048,8,0.75,0.2,8,16,0,2,false,0.585,0.75,1,worldModel,weighted,0,a2a0fec2,328,baseline,120,0.4696190756683548,0,0.1855,0,0.5195,0,0.6265,0,0.014905171331522717,0,0.8585754632949829,0,,,,,0.21333333333333335,0,0,0,46,0,212,0,1
600,245,0.28,0.3,3,0.05,0.05,0.05,2,0.215,0.0365,1,0.005,hybrid,0.1,0.5,0.3,0.01,0.0020833333333333333,0.0048,8,0.75,0.2,8,16,0,2,true,0.585,0.75,1,worldModel,weighted,0,a2a0fec2,329,treatment,120,0.461346573724101,0,0.1875,0,0.5045,0,0.6115,0,0.01723823714175983,0,0.8728479146957397,0,0.585,0,0.8283333333333334,0,0.17166666666666666,0,0,0,57,0,209,0,1
600,245,0.28,0.3,3,0.05,0.05,0.05,2,0.215,0.0365,1,0.005,hybrid,0.1,0.5,0.3,0.01,0.0020833333333333333,0.0048,8,0.75,0.2,8,16,0,2,false,0.585,0.75,1,worldModel,weighted,0,a2a0fec2,329,baseline,120,0.48577965372552473,0,0.2295,0,0.5305,0,0.6235,0,0.01453106071757534,0,0.8728479146957397,0,,,,,0.23166666666666666,0,0,0,50,0,209,0,1
600,245,0.28,0.3,3,0.05,0.05,0.05,2,0.215,0.03825,1,0.005,hybrid,0.1,0.5,0.3,0.01,0.0020833333333333333,0.0048,8,0.75,0.2,8,16,0,2,true,0.585,0.75,1,worldModel,weighted,0,a2a0fec2,330,treatment,120,0.4540822795840601,0,0.1805,0,0.4975,0,0.5865,0,0.01421296826885951,0,0.8327533006668091,0,0.585,0,0.8933333333333333,0,0.10666666666666667,0,0,0,48,0,209,0,1
600,245,0.28,0.3,3,0.05,0.05,0.05,2,0.215,0.03825,1,0.005,hybrid,0.1,0.5,0.3,0.01,0.0020833333333333333,0.0048,8,0.75,0.2,8,16,0,2,false,0.585,0.75,1,worldModel,weighted,0,a2a0fec2,330,baseline,120,0.47492619493976235,0,0.1935,0,0.5225,0,0.6185,0,0.01450179231139514,0,0.7743455171585083,0,,,,,0.20833333333333334,0,0,0,46,0,213,0,1
600,245,0.28,0.3,3,0.05,0.05,0.05,2,0.215,0.04,1,0.005,hybrid,0.1,0.5,0.3,0.01,0.0020833333333333333,0.0048,8,0.75,0.2,8,16,0,2,true,0.585,0.75,1,worldModel,weighted,0,a2a0fec2,331,treatment,120,0.46360327100381254,0,0.1965,0,0.5065,0,0.6065,0,0.011468629779156445,0,0.8507745265960693,0,0.585,0,0.845,0,0.155,0,0,0,56,0,213,0,1
600,245,0.28,0.3,3,0.05,0.05,0.05,2,0.215,0.04,1,0.005,hybrid,0.1,0.5,0.3,0.01,0.0020833333333333333,0.0048,8,0.75,0.2,8,16,0,2,false,0.585,0.75,1,worldModel,weighted,0,a2a0fec2,331,baseline,120,0.4838576396678885,0,0.2295,0,0.5255,0,0.6195,0,0.012689380997921697,0,0.8644707798957825,0,,,,,0.25,0,0,0,62,0,210,0,1
600,245,0.28,0.3,3,0.05,0.05,0.05,2,0.215,0.04175,1,0.005,hybrid,0.1,0.5,0.3,0.01,0.0020833333333333333,0.0048,8,0.75,0.2,8,16,0,2,true,0.585,0.75,1,worldModel,weighted,0,a2a0fec2,332,treatment,120,0.45259200648094217,0,0.1865,0,0.4975,0,0.6115,0,0.018097693319966503,0,0.9159692525863647,0,0.585,0,0.8416666666666667,0,0.15833333333333333,0,0,0,57,0,209,0,1
600,245,0.28,0.3,3,0.05,0.05,0.05,2,0.215,0.04175,1,0.005,hybrid,0.1,0.5,0.3,0.01,0.0020833333333333333,0.0048,8,0.75,0.2,8,16,0,2,false,0.585,0.75,1,worldModel,weighted,0,a2a0fec2,332,baseline,120,0.47959806085874634,0,0.2265,0,0.5215,0,0.6235,0,0.01580869364814873,0,0.8744533658027649,0,,,,,0.19833333333333333,0,0,0,56,0,209,0,1
600,245,0.28,0.3,3,0.05,0.05,0.05,2,0.215,0.0435,1,0.005,hybrid,0.1,0.5,0.3,0.01,0.0020833333333333333,0.0048,8,0.75,0.2,8,16,0,2,true,0.585,0.75,1,worldModel,weighted,0,a2a0fec2,333,treatment,120,0.44659247416382036,0,0.2025,0,0.4875,0,0.5855,0,0.01452457042002181,0,0.8196582198143005,0,0.585,0,0.8966666666666666,0,0.10333333333333333,0,0,0,44,0,209,0,1
600,245,0.28,0.3,3,0.05,0.05,0.05,2,0.215,0.0435,1,0.005,hybrid,0.1,0.5,0.3,0.01,0.0020833333333333333,0.0048,8,0.75,0.2,8,16,0,2,false,0.585,0.75,1,worldModel,weighted,0,a2a0fec2,333,baseline,120,0.46713397284348807,0,0.2555,0,0.5035,0,0.5955,0,0.010963636695993841,0,0.8196582198143005,0,,,,,0.14166666666666666,0,0,0,48,0,208,0,1
600,245,0.28,0.3,3,0.05,0.05,0.05,2,0.215,0.04525,1,0.005,hybrid,0.1,0.5,0.3,0.01,0.0020833333333333333,0.0048,8,0.75,0.2,8,16,0,2,true,0.585,0.75,1,worldModel,weighted,0,a2a0fec2,334,treatment,120,0.4505584140618642,0,0.1745,0,0.4945,0,0.6045,0,0.016344377144580154,0,0.8807794451713562,0,0.585,0,0.8533333333333334,0,0.14666666666666667,0,0,0,50,0,215,0,1
600,245,0.28,0.3,3,0.05,0.05,0.05,2,0.215,0.04525,1,0.005,hybrid,0.1,0.5,0.3,0.01,0.0020833333333333333,0.0048,8,0.75,0.2,8,16,0,2,false,0.585,0.75,1,worldModel,weighted,0,a2a0fec2,334,baseline,120,0.4814151417029401,0,0.2255,0,0.5215,0,0.6275,0,0.017929652033235956,0,0.8475982546806335,0,,,,,0.22333333333333333,0,0,0,40,0,216,0,1
600,245,0.28,0.3,3,0.05,0.05,0.05,2,0.215,0.047,1,0.005,hybrid,0.1,0.5,0.3,0.01,0.0020833333333333333,0.0048,8,0.75,0.2,8,16,0,2,true,0.585,0.75,1,worldModel,weighted,0,a2a0fec2,335,treatment,120,0.4572425410275658,0,0.1775,0,0.5025,0,0.5925,0,0.01138401237065083,0,0.7828799486160278,0,0.585,0,0.885,0,0.115,0,0,0,57,0,212,0,1
600,245,0.28,0.3,3,0.05,0.05,0.05,2,0.215,0.047,1,0.005,hybrid,0.1,0.5,0.3,0.01,0.0020833333333333333,0.0048,8,0.75,0.2,8,16,0,2,false,0.585,0.75,1,worldModel,weighted,0,a2a0fec2,335,baseline,120,0.4732608756422996,0,0.1945,0,0.5165,0,0.6145,0,0.01571824904565187,0,0.9155274629592896,0,,,,,0.195,0,0,0,57,0,214,0,1
600,245,0.28,0.3,3,0.05,0.05,0.05,2,0.224,0.012,1,0.005,hybrid,0.1,0.5,0.3,0.01,0.0020833333333333333,0.0048,8,0.75,0.2,8,16,0,2,true,0.585,0.75,1,worldModel,weighted,0,a2a0fec2,336,treatment,120,0.4968386005113522,0,0.1845,0,0.5355,0,0.6705,0,0.016539490481767397,0,0.9417189359664917,0,0.585,0,0.6533333333333333,0,0.3466666666666667,0,0,0,53,0,210,0,1
600,245,0.28,0.3,3,0.05,0.05,0.05,2,0.224,0.012,1,0.005,hybrid,0.1,0.5,0.3,0.01,0.0020833333333333333,0.0048,8,0.75,0.2,8,16,0,2,false,0.585,0.75,1,worldModel,weighted,0,a2a0fec2,336,baseline,120,0.5155872901901603,0,0.2255,0,0.5615,0,0.6745,0,0.01265883019150914,0,0.9434017539024353,0,,,,,0.415,0,0,0,51,0,212,0,1
600,245,0.28,0.3,3,0.05,0.05,0.05,2,0.224,0.01375,1,0.005,hybrid,0.1,0.5,0.3,0.01,0.0020833333333333333,0.0048,8,0.75,0.2,8,16,0,2,true,0.585,0.75,1,worldModel,weighted,0,a2a0fec2,337,treatment,120,0.5151606717457374,0,0.2465,0,0.5615,0,0.6785,0,0.015129113663404564,0,0.9067167639732361,0,0.585,0,0.59,0,0.41,0,0,0,42,0,216,0,1
600,245,0.28,0.3,3,0.05,0.05,0.05,2,0.224,0.01375,1,0.005,hybrid,0.1,0.5,0.3,0.01,0.0020833333333333333,0.0048,8,0.75,0.2,8,16,0,2,false,0.585,0.75,1,worldModel,weighted,0,a2a0fec2,337,baseline,120,0.5238951295427978,0,0.2585,0,0.5735,0,0.6755,0,0.016595265188923236,0,0.8621262907981873,0,,,,,0.44166666666666665,0,0,0,38,0,213,0,1
600,245,0.28,0.3,3,0.05,0.05,0.05,2,0.224,0.0155,1,0.005,hybrid,0.1,0.5,0.3,0.01,0.0020833333333333333,0.0048,8,0.75,0.2,8,16,0,2,true,0.585,0.75,1,worldModel,weighted,0,a2a0fec2,338,treatment,120,0.4926003378878037,0,0.1645,0,0.5455,0,0.6605,0,0.020476084324595165,0,0.9771779179573059,0,0.585,0,0.6566666666666666,0,0.3433333333333333,0,0,0,53,0,206,0,1
600,245,0.28,0.3,3,0.05,0.05,0.05,2,0.224,0.0155,1,0.005,hybrid,0.1,0.5,0.3,0.01,0.0020833333333333333,0.0048,8,0.75,0.2,8,16,0,2,false,0.585,0.75,1,worldModel,weighted,0,a2a0fec2,338,baseline,120,0.5104678471262256,0,0.2045,0,0.5645,0,0.6645,0,0.020581265821008707,0,0.9704480171203613,0,,,,,0.42333333333333334,0,0,0,58,0,212,0,1
600,245,0.28,0.3,3,0.05,0.05,0.05,2,0.224,0.01725,1,0.005,hybrid,0.1,0.5,0.3,0.01,0.0020833333333333333,0.0048,8,0.75,0.2,8,16,0,2,true,0.585,0.75,1,worldModel,weighted,0,a2a0fec2,339,treatment,120,0.48321846400077145,0,0.2015,0,0.5305,0,0.6385,0,0.01727629527859563,0,0.8812181353569031,0,0.585,0,0.7066666666666667,0,0.29333333333333333,0,0,0,47,0,212,0,1
600,245,0.28,0.3,3,0.05,0.05,0.05,2,0.224,0.01725,1,0.005,hybrid,0.1,0.5,0.3,0.01,0.0020833333333333333,0.0048,8,0.75,0.2,8,16,0,2,false,0.585,0.75,1,worldModel,weighted,0,a2a0fec2,339,baseline,120,0.5082421521345775,0,0.2325,0,0.5555,0,0.6545,0,0.01760033549190203,0,0.9121654033660889,0,,,,,0.36833333333333335,0,0,0,48,0,208,0,1
600,245,0.28,0.3,3,0.05,0.05,0.05,2,0.224,0.019,1,0.005,hybrid,0.1,0.5,0.3,0.01,0.0020833333333333333,0.0048,8,0.75,0.2,8,16,0,2,true,0.585,0.75,1,worldModel,weighted,0,a2a0fec2,340,treatment,120,0.5051439762488008,0,0.1985,0,0.5595,0,0.6615,0,0.015164026707739694,0,0.8421391844749451,0,0.585,0,0.6166666666666667,0,0.38333333333333336,0,0,0,58,0,208,0,1
600,245,0.28,0.3,3,0.05,0.05,0.05,2,0.224,0.019,1,0.005,hybrid,0.1,0.5,0.3,0.01,0.0020833333333333333,0.0048,8,0.75,0.2,8,16,0,2,false,0.585,0.75,1,worldModel,weighted,0,a2a0fec2,340,baseline,120,0.527465086573114,0,0.2415,0,0.5755,0,0.6765,0,0.014045877381059857,0,0.807405412197113,0,,,,,0.46166666666666667,0,0,0,53,0,206,0,1
600,245,0.28,0.3,3,0.05,0.05,0.05,2,0.224,0.02075,1,0.005,hybrid,0.1,0.5,0.3,0.01,0.0020833333333333333,0.0048,8,0.75,0.2,8,16,0,2,true,0.585,0.75,1,worldModel,weighted,0,a2a0fec2,341,treatment,120,0.4821121764058868,0,0.1995,0,0.5275,0,0.6525,0,0.015924416711296317,0,0.8851454854011536,0,0.585,0,0.71,0,0.29,0,0,0,50,0,211,0,1
600,245,0.28,0.3,3,0.05,0.05,0.05,2,0.224,0.02075,1,0.005,hybrid,0.1,0.5,0.3,0.01,0.0020833333333333333,0.0048,8,0.75,0.2,8,16,0,2,false,0.585,0.75,1,worldModel,weighted,0,a2a0fec2,341,baseline,120,0.5042228062512973,0,0.2295,0,0.5505,0,0.6565,0,0.0180962437424791,0,0.8766024708747864,0,,,,,0.36666666666666664,0,0,0,50,0,209,0,1
600,245,0.28,0.3,3,0.05,0.05,0.05,2,0.224,0.0225,1,0.005,hybrid,0.1,0.5,0.3,0.01,0.0020833333333333333,0.0048,8,0.75,0.2,8,16,0,2,true,0.585,0.75,1,worldModel,weighted,0,a2a0fec2,342,treatment,120,0.4901998461596668,0,0.1755,0,0.5355,0,0.6575,0,0.015151315921294482,0,0.9238059520721436,0,0.585,0,0.6716666666666666,0,0.3283333333333333,0,0,0,48,0,207,0,1
600,245,0.28,0.3,3,0.05,0.05,0.05,2,0.224,0.0225,1,0.005,hybrid,0.1,0.5,0.3,0.01,0.0020833333333333333,0.0048,8,0.75,0.2,8,16,0,2,false,0.585,0.75,1,worldModel,weighted,0,a2a0fec2,342,baseline,120,0.5124042745369176,0,0.2155,0,0.5675,0,0.6715,0,0.015698687419103352,0,0.859054446220398,0,,,,,0.41833333333333333,0,0,0,42,0,210,0,1
600,245,0.28,0.3,3,0.05,0.05,0.05,2,0.224,0.02425,1,0.005,hybrid,0.1,0.5,0.3,0.01,0.0020833333333333333,0.0048,8,0.75,0.2,8,16,0,2,true,0.585,0.75,1,worldModel,weighted,0,a2a0fec2,343,treatment,120,0.49238315110405284,0,0.2165,0,0.5395,0,0.6455,0,0.017761466963217672,0,0.9265515804290771,0,0.585,0,0.665,0,0.335,0,0,0,53,0,207,0,1
600,245,0.28,0.3,3,0.05,0.05,0.05,2,0.224,0.02425,1,0.005,hybrid,0.1,0.5,0.3,0.01,0.0020833333333333333,0.0048,8,0.75,0.2,8,16,0,2,false,0.585,0.75,1,worldModel,weighted,0,a2a0fec2,343,baseline,120,0.5062047090443472,0,0.2455,0,0.5505,0,0.6485,0,0.012203944678606598,0,0.9230371713638306,0,,,,,0.375,0,0,0,49,0,211,0,1
600,245,0.28,0.3,3,0.05,0.05,0.05,2,0.224,0.026,1,0.005,hybrid,0.1,0.5,0.3,0.01,0.0020833333333333333,0.0048,8,0.75,0.2,8,16,0,2,true,0.585,0.75,1,worldModel,weighted,0,a2a0fec2,344,treatment,120,0.46418224909032385,0,0.1735,0,0.5045,0,0.6335,0,0.018834166809794387,0,0.871744692325592,0,0.585,0,0.7866666666666666,0,0.21333333333333335,0,0,0,42,0,204,0,1
600,245,0.28,0.3,3,0.05,0.05,0.05,2,0.224,0.026,1,0.005,hybrid,0.1,0.5,0.3,0.01,0.0020833333333333333,0.0048,8,0.75,0.2,8,16,0,2,false,0.585,0.75,1,worldModel,weighted,0,a2a0fec2,344,baseline,120,0.48329113914941746,0,0.1985,0,0.5295,0,0.6515,0,0.019527589868986495,0,0.8608402609825134,0,,,,,0.295,0,0,0,37,0,213,0,1
600,245,0.28,0.3,3,0.05,0.05,0.05,2,0.224,0.02775,1,0.005,hybrid,0.1,0.5,0.3,0.01,0.0020833333333333333,0.0048,8,0.75,0.2,8,16,0,2,true,0.585,0.75,1,worldModel,weighted,0,a2a0fec2,345,treatment,120,0.4750921121550103,0,0.2035,0,0.5135,0,0.6425,0,0.01789322446067508,0,0.8925108909606934,0,0.585,0,0.7616666666666667,0,0.23833333333333334,0,0,0,56,0,211,0,1
600,245,0.28,0.3,3,0.05,0.05,0.05,2,0.224,0.02775,1,0.005,hybrid,0.1,0.5,0.3,0.01,0.0020833333333333333,0.0048,8,0.75,0.2,8,16,0,2,false,0.585,0.75,1,worldModel,weighted,0,a2a0fec2,345,baseline,120,0.4997798643012841,0,0.2485,0,0.5385,0,0.6475,0,0.014714500384409935,0,0.8295797109603882,0,,,,,0.3433333333333333,0,0,0,60,0,215,0,1
600,245,0.28,0.3,3,0.05,0.05,0.05,2,0.224,0.0295,1,0.005,hybrid,0.1,0.5,0.3,0.01,0.0020833333333333333,0.0048,8,0.75,0.2,8,16,0,2,true,0.585,0.75,1,worldModel,weighted,0,a2a0fec2,346,treatment,120,0.4746506263191501,0,0.1995,0,0.5175,0,0.6365,0,0.014837995192992656,0,0.8650670051574707,0,0.585,0,0.7616666666666667,0,0.23833333333333334,0,0,0,42,0,212,0,1
600,245,0.28,0.3,3,0.05,0.05,0.05,2,0.224,0.0295,1,0.005,hybrid,0.1,0.5,0.3,0.01,0.0020833333333333333,0.0048,8,0.75,0.2,8,16,0,2,false,0.585,0.75,1,worldModel,weighted,0,a2a0fec2,346,baseline,120,0.49065548584486046,0,0.2185,0,0.5355,0,0.6465,0,0.015348915763033013,0,0.8851690292358398,0,,,,,0.28833333333333333,0,0,0,48,0,213,0,1
600,245,0.28,0.3,3,0.05,0.05,0.05,2,0.224,0.03125,1,0.005,hybrid,0.1,0.5,0.3,0.01,0.0020833333333333333,0.0048,8,0.75,0.2,8,16,0,2,true,0.585,0.75,1,worldModel,weighted,0,a2a0fec2,347,treatment,120,0.48519388276462755,0,0.1875,0,0.5245,0,0.6555,0,0.019613932152205003,0,0.8778647184371948,0,0.585,0,0.7016666666666667,0,0.29833333333333334,0,0,0,56,0,213,0,1
600,245,0.28,0.3,3,0.05,0.05,0.05,2,0.224,0.03125,1,0.005,hybrid,0.1,0.5,0.3,0.01,0.0020833333333333333,0.0048,8,0.75,0.2,8,16,0,2,false,0.585,0.75,1,worldModel,weighted,0,a2a0fec2,347,baseline,120,0.5081313819251955,0,0.2315,0,0.5495,0,0.6605,0,0.011615747201399252,0,0.8857733011245728,0,,,,,0.35833333333333334,0,0,0,58,0,210,0,1
600,245,0.28,0.3,3,0.05,0.05,0.05,2,0.224,0.033,1,0.005,hybrid,0.1,0.5,0.3,0.01,0.0020833333333333333,0.0048,8,0.75,0.2,8,16,0,2,true,0.585,0.75,1,worldModel,weighted,0,a2a0fec2,348,treatment,120,0.4572089861581723,0,0.2015,0,0.4985,0,0.6005,0,0.012835947458646718,0,0.850690484046936,0,0.585,0,0.8616666666666667,0,0.13833333333333334,0,0,0,50,0,213,0,1
600,245,0.28,0.3,3,0.05,0.05,0.05,2,0.224,0.033,1,0.005,hybrid,0.1,0.5,0.3,0.01,0.0020833333333333333,0.0048,8,0.75,0.2,8,16,0,2,false,0.585,0.75,1,worldModel,weighted,0,a2a0fec2,348,baseline,120,0.4817245202449461,0,0.2305,0,0.5285,0,0.6195,0,0.012684983596660442,0,0.850690484046936,0,,,,,0.22666666666666666,0,0,0,41,0,209,0,1
600,245,0.28,0.3,3,0.05,0.05,0.05,2,0.224,0.03475,1,0.005,hybrid,0.1,0.5,0.3,0.01,0.0020833333333333333,0.0048,8,0.75,0.2,8,16,0,2,true,0.585,0.75,1,worldModel,weighted,0,a2a0fec2,349,treatment,120,0.46944017118463915,0,0.1665,0,0.5165,0,0.6275,0,0.016583478910932394,0,0.8380870223045349,0,0.585,0,0.7833333333333333,0,0.21666666666666667,0,0,0,45,0,208,0,1
600,245,0.28,0.3,3,0.05,0.05,0.05,2,0.224,0.03475,1,0.005,hybrid,0.1,0.5,0.3,0.01,0.0020833333333333333,0.0048,8,0.75,0.2,8,16,0,2,false,0.585,0.75,1,worldModel,weighted,0,a2a0fec2,349,baseline,120,0.48974004602059723,0,0.2165,0,0.5255,0,0.6385,0,0.017201126933767075,0,0.8489741086959839,0,,,,,0.27666666666666667,0,0,0,41,0,209,0,1
600,245,0.28,0.3,3,0.05,0.05,0.05,2,0.224,0.0365,1,0.005,hybrid,0.1,0.5,0.3,0.01,0.0020833333333333333,0.0048,8,0.75,0.2,8,16,0,2,true,0.585,0.75,1,worldModel,weighted,0,a2a0fec2,350,treatment,120,0.4535514857433736,0,0.1565,0,0.5085,0,0.5975,0,0.017585881813558895,0,0.8669484257698059,0,0.585,0,0.875,0,0.125,0,0,0,39,0,212,0,1
600,245,0.28,0.3,3,0.05,0.05,0.05,2,0.224,0.0365,1,0.005,hybrid,0.1,0.5,0.3,0.01,0.0020833333333333333,0.0048,8,0.75,0.2,8,16,0,2,false,0.585,0.75,1,worldModel,weighted,0,a2a0fec2,350,baseline,120,0.48050754259030026,0,0.1895,0,0.5245,0,0.6255,0,0.01752655652636438,0,0.8947295546531677,0,,,,,0.25833333333333336,0,0,0,41,0,214,0,1
600,245,0.28,0.3,3,0.05,0.05,0.05,2,0.224,0.03825,1,0.005,hybrid,0.1,0.5,0.3,0.01,0.0020833333333333333,0.0048,8,0.75,0.2,8,16,0,2,true,0.585,0.75,1,worldModel,weighted,0,a2a0fec2,351,treatment,120,0.44501251948376497,0,0.1835,0,0.4885,0,0.5745,0,0.011086279168527655,0,0.7989895939826965,0,0.585,0,0.915,0,0.085,0,0,0,48,0,209,0,1
600,245,0.28,0.3,3,0.05,0.05,0.05,2,0.224,0.03825,1,0.005,hybrid,0.1,0.5,0.3,0.01,0.0020833333333333333,0.0048,8,0.75,0.2,8,16,0,2,false,0.585,0.75,1,worldModel,weighted,0,a2a0fec2,351,baseline,120,0.4763181236262123,0,0.2475,0,0.5145,0,0.6055,0,0.014346241416291768,0,0.8780139684677124,0,,,,,0.16333333333333333,0,0,0,47,0,211,0,1
600,245,0.28,0.3,3,0.05,0.05,0.05,2,0.224,0.04,1,0.005,hybrid,0.1,0.5,0.3,0.01,0.0020833333333333333,0.0048,8,0.75,0.2,8,16,0,2,true,0.585,0.75,1,worldModel,weighted,0,a2a0fec2,352,treatment,120,0.4639846993051469,0,0.2275,0,0.5055,0,0.6035,0,0.014921205540417948,0,0.832236111164093,0,0.585,0,0.8516666666666667,0,0.14833333333333334,0,0,0,49,0,209,0,1
600,245,0.28,0.3,3,0.05,0.05,0.05,2,0.224,0.04,1,0.005,hybrid,0.1,0.5,0.3,0.01,0.0020833333333333333,0.0048,8,0.75,0.2,8,16,0,2,false,0.585,0.75,1,worldModel,weighted,0,a2a0fec2,352,baseline,120,0.4807808163700004,0,0.2695,0,0.5165,0,0.6175,0,0.013112746742377574,0,0.8215352892875671,0,,,,,0.22833333333333333,0,0,0,48,0,212,0,1
600,245,0.28,0.3,3,0.05,0.05,0.05,2,0.224,0.04175,1,0.005,hybrid,0.1,0.5,0.3,0.01,0.0020833333333333333,0.0048,8,0.75,0.2,8,16,0,2,true,0.585,0.75,1,worldModel,weighted,0,a2a0fec2,353,treatment,120,0.4633780924789608,0,0.2005,0,0.5055,0,0.6135,0,0.01510681325352137,0,0.9428209066390991,0,0.585,0,0.815,0,0.185,0,0,0,57,0,210,0,1
600,245,0.28,0.3,3,0.05,0.05,0.05,2,0.224,0.04175,1,0.005,hybrid,0.1,0.5,0.3,0.01,0.0020833333333333333,0.0048,8,0.75,0.2,8,16,0,2,false,0.585,0.75,1,worldModel,weighted,0,a2a0fec2,353,baseline,120,0.48587114218622446,0,0.2375,0,0.5235,0,0.6285,0,0.013420620420220554,0,0.9439098834991455,0,,,,,0.27166666666666667,0,0,0,49,0,209,0,1
600,245,0.28,0.3,3,0.05,0.05,0.05,2,0.224,0.0435,1,0.005,hybrid,0.1,0.5,0.3,0.01,0.0020833333333333333,0.0048,8,0.75,0.2,8,16,0,2,true,0.585,0.75,1,worldModel,weighted,0,a2a0fec2,354,treatment,120,0.4549110203795135,0,0.2205,0,0.4985,0,0.5835,0,0.0153477703905964,0,0.8206230401992798,0,0.585,0,0.9016666666666666,0,0.09833333333333333,0,0,0,49,0,213,0,1
600,245,0.28,0.3,3,0.05,0.05,0.05,2,0.224,0.0435,1,0.005,hybrid,0.1,0.5,0.3,0.01,0.0020833333333333333,0.0048,8,0.75,0.2,8,16,0,2,false,0.585,0.75,1,worldModel,weighted,0,a2a0fec2,354,baseline,120,0.47893886171281336,0,0.2295,0,0.5245,0,0.6045,0,0.013493062483743679,0,0.8394678235054016,0,,,,,0.22666666666666666,0,0,0,40,0,211,0,1
600,245,0.28,0.3,3,0.05,0.05,0.05,2,0.224,0.04525,1,0.005,hybrid,0.1,0.5,0.3,0.01,0.0020833333333333333,0.0048,8,0.75,0.2,8,16,0,2,true,0.585,0.75,1,worldModel,weighted,0,a2a0fec2,355,treatment,120,0.45792715267588696,0,0.2015,0,0.4965,0,0.5945,0,0.016630035682644508,0,0.8602816462516785,0,0.585,0,0.86,0,0.14,0,0,0,52,0,212,0,1
600,245,0.28,0.3,3,0.05,0.05,0.05,2,0.224,0.04525,1,0.005,hybrid,0.1,0.5,0.3,0.01,0.0020833333333333333,0.0048,8,0.75,0.2,8,16,0,2,false,0.585,0.75,1,worldModel,weighted,0,a2a0fec2,355,baseline,120,0.4813952773126463,0,0.2375,0,0.5185,0,0.6125,0,0.015453522865349149,0,0.8385112881660461,0,,,,,0.22166666666666668,0,0,0,51,0,214,0,1
600,245,0.28,0.3,3,0.05,0.05,0.05,2,0.224,0.047,1,0.005,hybrid,0.1,0.5,0.3,0.01,0.0020833333333333333,0.0048,8,0.75,0.2,8,16,0,2,true,0.585,0.75,1,worldModel,weighted,0,a2a0fec2,356,treatment,120,0.44405632816875973,0,0.1985,0,0.4885,0,0.5655,0,0.013575202029099332,0,0.8106570839881897,0,0.585,0,0.935,0,0.065,0,0,0,61,0,209,0,1
600,245,0.28,0.3,3,0.05,0.05,0.05,2,0.224,0.047,1,0.005,hybrid,0.1,0.5,0.3,0.01,0.0020833333333333333,0.0048,8,0.75,0.2,8,16,0,2,false,0.585,0.75,1,worldModel,weighted,0,a2a0fec2,356,baseline,120,0.4573162800446153,0,0.2225,0,0.4985,0,0.5905,0,0.015090367245918718,0,0.8112985491752625,0,,,,,0.11333333333333333,0,0,0,50,0,210,0,1
600,245,0.28,0.3,3,0.05,0.05,0.05,2,0.233,0.012,1,0.005,hybrid,0.1,0.5,0.3,0.01,0.0020833333333333333,0.0048,8,0.75,0.2,8,16,0,2,true,0.585,0.75,1,worldModel,weighted,0,a2a0fec2,357,treatment,120,0.5164035808791717,0,0.2095,0,0.5585,0,0.6825,0,0.016348853316982805,0,0.9672828912734985,0,0.585,0,0.5816666666666667,0,0.41833333333333333,0,0,0,45,0,220,0,1
600,245,0.28,0.3,3,0.05,0.05,0.05,2,0.233,0.012,1,0.005,hybrid,0.1,0.5,0.3,0.01,0.0020833333333333333,0.0048,8,0.75,0.2,8,16,0,2,false,0.585,0.75,1,worldModel,weighted,0,a2a0fec2,357,baseline,120,0.5231863070031008,0,0.2245,0,0.5745,0,0.6865,0,0.014958909337082065,0,0.9229322671890259,0,,,,,0.4633333333333333,0,0,0,44,0,215,0,1
600,245,0.28,0.3,3,0.05,0.05,0.05,2,0.233,0.01375,1,0.005,hybrid,0.1,0.5,0.3,0.01,0.0020833333333333333,0.0048,8,0.75,0.2,8,16,0,2,true,0.585,0.75,1,worldModel,weighted,0,a2a0fec2,358,treatment,120,0.4904028547617296,0,0.1785,0,0.5355,0,0.6695,0,0.021524633689752024,0,0.9504439830780029,0,0.585,0,0.67,0,0.33,0,0,0,45,0,210,0,1
600,245,0.28,0.3,3,0.05,0.05,0.05,2,0.233,0.01375,1,0.005,hybrid,0.1,0.5,0.3,0.01,0.0020833333333333333,0.0048,8,0.75,0.2,8,16,0,2,false,0.585,0.75,1,worldModel,weighted,0,a2a0fec2,358,baseline,120,0.5129108737719555,0,0.2155,0,0.5615,0,0.6775,0,0.019562462244129594,0,0.9014272093772888,0,,,,,0.395,0,0,0,45,0,206,0,1
600,245,0.28,0.3,3,0.05,0.05,0.05,2,0.233,0.0155,1,0.005,hybrid,0.1,0.5,0.3,0.01,0.0020833333333333333,0.0048,8,0.75,0.2,8,16,0,2,true,0.585,0.75,1,worldModel,weighted,0,a2a0fec2,359,treatment,120,0.49145393354818223,0,0.1885,0,0.5445,0,0.6565,0,0.015380800857970339,0,0.9745328426361084,0,0.585,0,0.6583333333333333,0,0.3416666666666667,0,0,0,52,0,213,0,1
600,245,0.28,0.3,3,0.05,0.05,0.05,2,0.233,0.0155,1,0.005,hybrid,0.1,0.5,0.3,0.01,0.0020833333333333333,0.0048,8,0.75,0.2,8,16,0,2,false,0.585,0.75,1,worldModel,weighted,0,a2a0fec2,359,baseline,120,0.5128632229877015,0,0.2415,0,0.5625,0,0.6695,0,0.015619324235567562,0,0.9746156334877014,0,,,,,0.38333333333333336,0,0,0,45,0,213,0,1
600,245,0.28,0.3,3,0.05,0.05,0.05,2,0.233,0.01725,1,0.005,hybrid,0.1,0.5,0.3,0.01,0.0020833333333333333,0.0048,8,0.75,0.2,8,16,0,2,true,0.585,0.75,1,worldModel,weighted,0,a2a0fec2,360,treatment,120,0.4774866277414064,0,0.1615,0,0.5265,0,0.6435,0,0.017708163474420474,0,0.9440569877624512,0,0.585,0,0.6933333333333334,0,0.30666666666666664,0,0,0,50,0,214,0,1
600,245,0.28,0.3,3,0.05,0.05,0.05,2,0.233,0.01725,1,0.005,hybrid,0.1,0.5,0.3,0.01,0.0020833333333333333,0.0048,8,0.75,0.2,8,16,0,2,false,0.585,0.75,1,worldModel,weighted,0,a2a0fec2,360,baseline,120,0.5011647184689839,0,0.1955,0,0.5545,0,0.6685,0,0.018226429345827008,0,0.8984622955322266,0,,,,,0.4066666666666667,0,0,0,49,0,215,0,1
600,245,0.28,0.3,3,0.05,0.05,0.05,2,0.233,0.019,1,0.005,hybrid,0.1,0.5,0.3,0.01,0.0020833333333333333,0.0048,8,0.75,0.2,8,16,0,2,true,0.585,0.75,1,worldModel,weighted,0,a2a0fec2,361,treatment,120,0.4810178067659338,0,0.2035,0,0.5235,0,0.6535,0,0.014483133767390615,0,0.885639488697052,0,0.585,0,0.6966666666666667,0,0.30333333333333334,0,0,0,45,0,213,0,1
600,245,0.28,0.3,3,0.05,0.05,0.05,2,0.233,0.019,1,0.005,hybrid,0.1,0.5,0.3,0.01,0.0020833333333333333,0.0048,8,0.75,0.2,8,16,0,2,false,0.585,0.75,1,worldModel,weighted,0,a2a0fec2,361,baseline,120,0.5042260272676746,0,0.2395,0,0.5435,0,0.6625,0,0.015427751017434108,0,0.9234670996665955,0,,,,,0.38166666666666665,0,0,0,51,0,211,0,1
600,245,0.28,0.3,3,0.05,0.05,0.05,2,0.233,0.02075,1,0.005,hybrid,0.1,0.5,0.3,0.01,0.0020833333333333333,0.0048,8,0.75,0.2,8,16,0,2,true,0.585,0.75,1,worldModel,weighted,0,a2a0fec2,362,treatment,120,0.4748056111174325,0,0.1665,0,0.5205,0,0.6355,0,0.016460155308765056,0,0.923572301864624,0,0.585,0,0.7533333333333333,0,0.24666666666666667,0,0,0,50,0,213,0,1
600,245,0.28,0.3,3,0.05,0.05,0.05,2,0.233,0.02075,1,0.005,hybrid,0.1,0.5,0.3,0.01,0.0020833333333333333,0.0048,8,0.75,0.2,8,16,0,2,false,0.585,0.75,1,worldModel,weighted,0,a2a0fec2,362,baseline,120,0.5116701911824445,0,0.2765,0,0.5545,0,0.6455,0,0.016337548821975748,0,0.9460248351097107,0,,,,,0.3416666666666667,0,0,0,43,0,210,0,1
600,245,0.28,0.3,3,0.05,0.05,0.05,2,0.233,0.0225,1,0.005,hybrid,0.1,0.5,0.3,0.01,0.0020833333333333333,0.0048,8,0.75,0.2,8,16,0,2,true,0.585,0.75,1,worldModel,weighted,0,a2a0fec2,363,treatment,120,0.48606266306092344,0,0.1875,0,0.5255,0,0.6575,0,0.01877009372025676,0,0.8660112619400024,0,0.585,0,0.7183333333333334,0,0.2816666666666667,0,0,0,47,0,213,0,1
600,245,0.28,0.3,3,0.05,0.05,0.05,2,0.233,0.0225,1,0.005,hybrid,0.1,0.5,0.3,0.01,0.0020833333333333333,0.0048,8,0.75,0.2,8,16,0,2,false,0.585,0.75,1,worldModel,weighted,0,a2a0fec2,363,baseline,120,0.511499662163357,0,0.2275,0,0.5515,0,0.6685,0,0.01606654791983461,0,0.8660112619400024,0,,,,,0.37333333333333335,0,0,0,45,0,209,0,1
600,245,0.28,0.3,3,0.05,0.05,0.05,2,0.233,0.02425,1,0.005,hybrid,0.1,0.5,0.3,0.01,0.0020833333333333333,0.0048,8,0.75,0.2,8,16,0,2,true,0.585,0.75,1,worldModel,weighted,0,a2a0fec2,364,treatment,120,0.4943368125582735,0,0.2385,0,0.5295,0,0.6555,0,0.016460984445855822,0,0.9280841946601868,0,0.585,0,0.7183333333333334,0,0.2816666666666667,0,0,0,45,0,211,0,1
600,245,0.28,0.3,3,0.05,0.05,0.05,2,0.233,0.02425,1,0.005,hybrid,0.1,0.5,0.3,0.01,0.0020833333333333333,0.0048,8,0.75,0.2,8,16,0,2,false,0.585,0.75,1,worldModel,weighted,0,a2a0fec2,364,baseline,120,0.5174647728726268,0,0.2835,0,0.5625,0,0.6645,0,0.017095574262264886,0,0.9518139362335205,0,,,,,0.395,0,0,0,41,0,213,0,1
600,245,0.28,0.3,3,0.05,0.05,0.05,2,0.233,0.026,1,0.005,hybrid,0.1,0.5,0.3,0.01,0.0020833333333333333,0.0048,8,0.75,0.2,8,16,0,2,true,0.585,0.75,1,worldModel,weighted,0,a2a0fec2,365,treatment,120,0.4639315692024926,0,0.1475,0,0.5155,0,0.6375,0,0.023957009065440682,0,0.8771301507949829,0,0.585,0,0.765,0,0.235,0,0,0,50,0,208,0,1
600,245,0.28,0.3,3,0.05,0.05,0.05,2,0.233,0.026,1,0.005,hybrid,0.1,0.5,0.3,0.01,0.0020833333333333333,0.0048,8,0.75,0.2,8,16,0,2,false,0.585,0.75,1,worldModel,weighted,0,a2a0fec2,365,baseline,120,0.48791578388462464,0,0.1765,0,0.5405,0,0.6505,0,0.022672059334917546,0,0.8566003441810608,0,,,,,0.30666666666666664,0,0,0,48,0,210,0,1
600,245,0.28,0.3,3,0.05,0.05,0.05,2,0.233,0.02775,1,0.005,hybrid,0.1,0.5,0.3,0.01,0.0020833333333333333,0.0048,8,0.75,0.2,8,16,0,2,true,0.585,0.75,1,worldModel,weighted,0,a2a0fec2,366,treatment,120,0.476437536192437,0,0.2185,0,0.5235,0,0.6205,0,0.01722568358739559,0,0.9056803584098816,0,0.585,0,0.76,0,0.24,0,0,0,48,0,212,0,1
600,245,0.28,0.3,3,0.05,0.05,0.05,2,0.233,0.02775,1,0.005,hybrid,0.1,0.5,0.3,0.01,0.0020833333333333333,0.0048,8,0.75,0.2,8,16,0,2,false,0.585,0.75,1,worldModel,weighted,0,a2a0fec2,366,baseline,120,0.5067865419325729,0,0.2365,0,0.5515,0,0.6585,0,0.015854581770426,0,0.9056803584098816,0,,,,,0.345,0,0,0,52,0,213,0,1
600,245,0.28,0.3,3,0.05,0.05,0.05,2,0.233,0.0295,1,0.005,hybrid,0.1,0.5,0.3,0.01,0.0020833333333333333,0.0048,8,0.75,0.2,8,16,0,2,true,0.585,0.75,1,worldModel,weighted,0,a2a0fec2,367,treatment,120,0.4770527850029369,0,0.1795,0,0.5285,0,0.6275,0,0.017868037530693014,0,0.8714794516563416,0,0.585,0,0.7366666666666667,0,0.2633333333333333,0,0,0,49,0,208,0,1
600,245,0.28,0.3,3,0.05,0.05,0.05,2,0.233,0.0295,1,0.005,hybrid,0.1,0.5,0.3,0.01,0.0020833333333333333,0.0048,8,0.75,0.2,8,16,0,2,false,0.585,0.75,1,worldModel,weighted,0,a2a0fec2,367,baseline,120,0.5016089035260181,0,0.2175,0,0.5495,0,0.6425,0,0.01624233996036464,0,0.8781208992004395,0,,,,,0.34833333333333333,0,0,0,58,0,207,0,1
600,245,0.28,0.3,3,0.05,0.05,0.05,2,0.233,0.03125,1,0.005,hybrid,0.1,0.5,0.3,0.01,0.0020833333333333333,0.0048,8,0.75,0.2,8,16,0,2,true,0.585,0.75,1,worldModel,weighted,0,a2a0fec2,368,treatment,120,0.4925711796060204,0,0.2295,0,0.5355,0,0.6335,0,0.013408449122096176,0,0.8443889617919922,0,0.585,0,0.7433333333333333,0,0.25666666666666665,0,0,0,50,0,214,0,1
600,245,0.28,0.3,3,0.05,0.05,0.05,2,0.233,0.03125,1,0.005,hybrid,0.1,0.5,0.3,0.01,0.0020833333333333333,0.0048,8,0.75,0.2,8,16,0,2,false,0.585,0.75,1,worldModel,weighted,0,a2a0fec2,368,baseline,120,0.5056881855987012,0,0.2665,0,0.5475,0,0.6425,0,0.01075312384678554,0,0.8583880662918091,0,,,,,0.31666666666666665,0,0,0,49,0,205,0,1
600,245,0.28,0.3,3,0.05,0.05,0.05,2,0.233,0.033,1,0.005,hybrid,0.1,0.5,0.3,0.01,0.0020833333333333333,0.0048,8,0.75,0.2,8,16,0,2,true,0.585,0.75,1,worldModel,weighted,0,a2a0fec2,369,treatment,120,0.47333821854243674,0,0.1965,0,0.5125,0,0.6355,0,0.018009493745405107,0,0.9105938673019409,0,0.585,0,0.75,0,0.25,0,0,0,34,0,206,0,1
600,245,0.28,0.3,3,0.05,0.05,0.05,2,0.233,0.033,1,0.005,hybrid,0.1,0.5,0.3,0.01,0.0020833333333333333,0.0048,8,0.75,0.2,8,16,0,2,false,0.585,0.75,1,worldModel,weighted,0,a2a0fec2,369,baseline,120,0.4836590238288045,0,0.1885,0,0.5305,0,0.6435,0,0.015233331635390587,0,0.8933106660842896,0,,,,,0.29833333333333334,0,0,0,38,0,210,0,1
600,245,0.28,0.3,3,0.05,0.05,0.05,2,0.233,0.03475,1,0.005,hybrid,0.1,0.5,0.3,0.01,0.0020833333333333333,0.0048,8,0.75,0.2,8,16,0,2,true,0.585,0.75,1,worldModel,weighted,0,a2a0fec2,370,treatment,120,0.4617266775605579,0,0.1855,0,0.5045,0,0.6285,0,0.014604309529958857,0,0.8872079253196716,0,0.585,0,0.8166666666666667,0,0.18333333333333332,0,0,0,50,0,212,0,1
600,245,0.28,0.3,3,0.05,0.05,0.05,2,0.233,0.03475,1,0.005,hybrid,0.1,0.5,0.3,0.01,0.0020833333333333333,0.0048,8,0.75,0.2,8,16,0,2,false,0.585,0.75,1,worldModel,weighted,0,a2a0fec2,370,baseline,120,0.4849275894649327,0,0.2295,0,0.5255,0,0.6415,0,0.014550054353043008,0,0.8890459537506104,0,,,,,0.25666666666666665,0,0,0,45,0,212,0,1
600,245,0.28,0.3,3,0.05,0.05,0.05,2,0.233,0.0365,1,0.005,hybrid,0.1,0.5,0.3,0.01,0.0020833333333333333,0.0048,8,0.75,0.2,8,16,0,2,true,0.585,0.75,1,worldModel,weighted,0,a2a0fec2,371,treatment,120,0.4637855317940315,0,0.1995,0,0.5055,0,0.6235,0,0.013227652587890808,0,0.8250828981399536,0,0.585,0,0.8166666666666667,0,0.18333333333333332,0,0,0,49,0,213,0,1
600,245,0.28,0.3,3,0.05,0.05,0.05,2,0.233,0.0365,1,0.005,hybrid,0.1,0.5,0.3,0.01,0.0020833333333333333,0.0048,8,0.75,0.2,8,16,0,2,false,0.585,0.75,1,worldModel,weighted,0,a2a0fec2,371,baseline,120,0.47383369381229085,0,0.2165,0,0.5155,0,0.6185,0,0.011442397663473455,0,0.8602278232574463,0,,,,,0.20833333333333334,0,0,0,40,0,213,0,1
600,245,0.28,0.3,3,0.05,0.05,0.05,2,0.233,0.03825,1,0.005,hybrid,0.1,0.5,0.3,0.01,0.0020833333333333333,0.0048,8,0.75,0.2,8,16,0,2,true,0.585,0.75,1,worldModel,weighted,0,a2a0fec2,372,treatment,120,0.45640653252601626,0,0.2345,0,0.4855,0,0.6045,0,0.013313842738313028,0,0.8842143416404724,0,0.585,0,0.8433333333333334,0,0.15666666666666668,0,0,0,51,0,211,0,1
600,245,0.28,0.3,3,0.05,0.05,0.05,2,0.233,0.03825,1,0.005,hybrid,0.1,0.5,0.3,0.01,0.0020833333333333333,0.0048,8,0.75,0.2,8,16,0,2,false,0.585,0.75,1,worldModel,weighted,0,a2a0fec2,372,baseline,120,0.46875132620334625,0,0.2115,0,0.5075,0,0.6225,0,0.011957607395402721,0,0.8766003847122192,0,,,,,0.17666666666666667,0,0,0,60,0,208,0,1
600,245,0.28,0.3,3,0.05,0.05,0.05,2,0.233,0.04,1,0.005,hybrid,0.1,0.5,0.3,0.01,0.0020833333333333333,0.0048,8,0.75,0.2,8,16,0,2,true,0.585,0.75,1,worldModel,weighted,0,a2a0fec2,373,treatment,120,0.45045709181576965,0,0.1725,0,0.4905,0,0.6025,0,0.014164766132489752,0,0.9217979907989502,0,0.585,0,0.865,0,0.135,0,0,0,49,0,207,0,1
600,245,0.28,0.3,3,0.05,0.05,0.05,2,0.233,0.04,1,0.005,hybrid,0.1,0.5,0.3,0.01,0.0020833333333333333,0.0048,8,0.75,0.2,8,16,0,2,false,0.585,0.75,1,worldModel,weighted,0,a2a0fec2,373,baseline,120,0.48197576344634097,0,0.2285,0,0.5235,0,0.6185,0,0.013124105472199723,0,0.9217979907989502,0,,,,,0.225,0,0,0,47,0,209,0,1
600,245,0.28,0.3,3,0.05,0.05,0.05,2,0.233,0.04175,1,0.005,hybrid,0.1,0.5,0.3,0.01,0.0020833333333333333,0.0048,8,0.75,0.2,8,16,0,2,true,0.585,0.75,1,worldModel,weighted,0,a2a0fec2,374,treatment,120,0.4540299386282762,0,0.1885,0,0.4985,0,0.6095,0,0.015424120499401539,0,0.8000701069831848,0,0.585,0,0.8566666666666667,0,0.14333333333333334,0,0,0,50,0,214,0,1
600,245,0.28,0.3,3,0.05,0.05,0.05,2,0.233,0.04175,1,0.005,hybrid,0.1,0.5,0.3,0.01,0.0020833333333333333,0.0048,8,0.75,0.2,8,16,0,2,false,0.585,0.75,1,worldModel,weighted,0,a2a0fec2,374,baseline,120,0.4767538150648276,0,0.2265,0,0.5135,0,0.6305,0,0.01711459762413934,0,0.8703485131263733,0,,,,,0.22333333333333333,0,0,0,42,0,211,0,1
600,245,0.28,0.3,3,0.05,0.05,0.05,2,0.233,0.0435,1,0.005,hybrid,0.1,0.5,0.3,0.01,0.0020833333333333333,0.0048,8,0.75,0.2,8,16,0,2,true,0.585,0.75,1,worldModel,weighted,0,a2a0fec2,375,treatment,120,0.45660942401116095,0,0.2205,0,0.4915,0,0.5895,0,0.013654736980851259,0,0.8080058097839355,0,0.585,0,0.8916666666666667,0,0.10833333333333334,0,0,0,48,0,213,0,1
600,245,0.28,0.3,3,0.05,0.05,0.05,2,0.233,0.0435,1,0.005,hybrid,0.1,0.5,0.3,0.01,0.0020833333333333333,0.0048,8,0.75,0.2,8,16,0,2,false,0.585,0.75,1,worldModel,weighted,0,a2a0fec2,375,baseline,120,0.4827619431043665,0,0.2705,0,0.5185,0,0.6185,0,0.014144380231359608,0,0.785615861415863,0,,,,,0.23166666666666666,0,0,0,57,0,213,0,1
600,245,0.28,0.3,3,0.05,0.05,0.05,2,0.233,0.04525,1,0.005,hybrid,0.1,0.5,0.3,0.01,0.0020833333333333333,0.0048,8,0.75,0.2,8,16,0,2,true,0.585,0.75,1,worldModel,weighted,0,a2a0fec2,376,treatment,120,0.4631993885152042,0,0.2245,0,0.5075,0,0.5925,0,0.01436945220926591,0,0.7703102827072144,0,0.585,0,0.8783333333333333,0,0.12166666666666667,0,0,0,49,0,210,0,1
600,245,0.28,0.3,3,0.05,0.05,0.05,2,0.233,0.04525,1,0.005,hybrid,0.1,0.5,0.3,0.01,0.0020833333333333333,0.0048,8,0.75,0.2,8,16,0,2,false,0.585,0.75,1,worldModel,weighted,0,a2a0fec2,376,baseline,120,0.48839206465830404,0,0.2475,0,0.5385,0,0.6065,0,0.010337969051602593,0,0.7837235331535339,0,,,,,0.21333333333333335,0,0,0,60,0,212,0,1
600,245,0.28,0.3,3,0.05,0.05,0.05,2,0.233,0.047,1,0.005,hybrid,0.1,0.5,0.3,0.01,0.0020833333333333333,0.0048,8,0.75,0.2,8,16,0,2,true,0.585,0.75,1,worldModel,weighted,0,a2a0fec2,377,treatment,120,0.46488786042978364,0,0.1995,0,0.5005,0,0.6215,0,0.015899351263103215,0,0.8673896789550781,0,0.585,0,0.8016666666666666,0,0.19833333333333333,0,0,0,49,0,210,0,1
600,245,0.28,0.3,3,0.05,0.05,0.05,2,0.233,0.047,1,0.005,hybrid,0.1,0.5,0.3,0.01,0.0020833333333333333,0.0048,8,0.75,0.2,8,16,0,2,false,0.585,0.75,1,worldModel,weighted,0,a2a0fec2,377,baseline,120,0.4846593277280529,0,0.2215,0,0.5255,0,0.6355,0,0.01627499389272631,0,0.79963618516922,0,,,,,0.25666666666666665,0,0,0,50,0,208,0,1
600,245,0.28,0.3,3,0.05,0.05,0.05,2,0.242,0.012,1,0.005,hybrid,0.1,0.5,0.3,0.01,0.0020833333333333333,0.0048,8,0.75,0.2,8,16,0,2,true,0.585,0.75,1,worldModel,weighted,0,a2a0fec2,378,treatment,120,0.49438089119891326,0,0.1945,0,0.5415,0,0.6705,0,0.016971027162308208,0,0.9052371978759766,0,0.585,0,0.6516666666666666,0,0.34833333333333333,0,0,0,42,0,211,0,1
600,245,0.28,0.3,3,0.05,0.05,0.05,2,0.242,0.012,1,0.005,hybrid,0.1,0.5,0.3,0.01,0.0020833333333333333,0.0048,8,0.75,0.2,8,16,0,2,false,0.585,0.75,1,worldModel,weighted,0,a2a0fec2,378,baseline,120,0.5164913258329034,0,0.2125,0,0.5645,0,0.6785,0,0.014970046370256434,0,0.827274739742279,0,,,,,0.41833333333333333,0,0,0,47,0,209,0,1
600,245,0.28,0.3,3,0.05,0.05,0.05,2,0.242,0.01375,1,0.005,hybrid,0.1,0.5,0.3,0.01,0.0020833333333333333,0.0048,8,0.75,0.2,8,16,0,2,true,0.585,0.75,1,worldModel,weighted,0,a2a0fec2,379,treatment,120,0.49051072579498095,0,0.1745,0,0.5355,0,0.6645,0,0.014827697994891682,0,0.9605079889297485,0,0.585,0,0.6633333333333333,0,0.33666666666666667,0,0,0,47,0,207,0,1
600,245,0.28,0.3,3,0.05,0.05,0.05,2,0.242,0.01375,1,0.005,hybrid,0.1,0.5,0.3,0.01,0.0020833333333333333,0.0048,8,0.75,0.2,8,16,0,2,false,0.585,0.75,1,worldModel,weighted,0,a2a0fec2,379,baseline,120,0.5149749955286582,0,0.2045,0,0.5595,0,0.6885,0,0.015375926311209065,0,0.9670050740242004,0,,,,,0.43,0,0,0,49,0,208,0,1
600,245,0.28,0.3,3,0.05,0.05,0.05,2,0.242,0.0155,1,0.005,hybrid,0.1,0.5,0.3,0.01,0.0020833333333333333,0.0048,8,0.75,0.2,8,16,0,2,true,0.585,0.75,1,worldModel,weighted,0,a2a0fec2,380,treatment,120,0.5160192998001972,0,0.2345,0,0.5585,0,0.6785,0,0.01798207573523374,0,0.9026007652282715,0,0.585,0,0.6133333333333333,0,0.38666666666666666,0,0,0,44,0,209,0,1
600,245,0.28,0.3,3,0.05,0.05,0.05,2,0.242,0.0155,1,0.005,hybrid,0.1,0.5,0.3,0.01,0.0020833333333333333,0.0048,8,0.75,0.2,8,16,0,2,false,0.585,0.75,1,worldModel,weighted,0,a2a0fec2,380,baseline,120,0.5334531288469831,0,0.2875,0,0.5705,0,0.6925,0,0.016317672947483527,0,0.9297468066215515,0,,,,,0.44,0,0,0,38,0,218,0,1
600,245,0.28,0.3,3,0.05,0.05,0.05,2,0.242,0.01725,1,0.005,hybrid,0.1,0.5,0.3,0.01,0.0020833333333333333,0.0048,8,0.75,0.2,8,16,0,2,true,0.585,0.75,1,worldModel,weighted,0,a2a0fec2,381,treatment,120,0.48704603205745417,0,0.1815,0,0.5315,0,0.6485,0,0.01674188553135258,0,0.931308925151825,0,0.585,0,0.6966666666666667,0,0.30333333333333334,0,0,0,48,0,215,0,1
600,245,0.28,0.3,3,0.05,0.05,0.05,2,0.242,0.01725,1,0.005,hybrid,0.1,0.5,0.3,0.01,0.0020833333333333333,0.0048,8,0.75,0.2,8,16,0,2,false,0.585,0.75,1,worldModel,weighted,0,a2a0fec2,381,baseline,120,0.5003954164745907,0,0.2145,0,0.5525,0,0.6565,0,0.016761811365338733,0,0.9345702528953552,0,,,,,0.355,0,0,0,46,0,213,0,1
600,245,0.28,0.3,3,0.05,0.05,0.05,2,0.242,0.019,1,0.005,hybrid,0.1,0.5,0.3,0.01,0.0020833333333333333,0.0048,8,0.75,0.2,8,16,0,2,true,0.585,0.75,1,worldModel,weighted,0,a2a0fec2,382,treatment,120,0.483104563181599,0,0.1785,0,0.5275,0,0.6555,0,0.01753769488296007,0,0.8843119144439697,0,0.585,0,0.7183333333333334,0,0.2816666666666667,0,0,0,52,0,204,0,1
600,245,0.28,0.3,3,0.05,0.05,0.05,2,0.242,0.019,1,0.005,hybrid,0.1,0.5,0.3,0.01,0.0020833333333333333,0.0048,8,0.75,0.2,8,16,0,2,false,0.585,0.75,1,worldModel,weighted,0,a2a0fec2,382,baseline,120,0.5077362641816338,0,0.2205,0,0.5475,0,0.6785,0,0.015623801247800164,0,0.9445247650146484,0,,,,,0.35,0,0,0,51,0,214,0,1
600,245,0.28,0.3,3,0.05,0.05,0.05,2,0.242,0.02075,1,0.005,hybrid,0.1,0.5,0.3,0.01,0.0020833333333333333,0.0048,8,0.75,0.2,8,16,0,2,true,0.585,0.75,1,worldModel,weighted,0,a2a0fec2,383,treatment,120,0.48343310862158734,0,0.1745,0,0.5265,0,0.6535,0,0.01946003034439751,0,0.9935147762298584,0,0.585,0,0.7383333333333333,0,0.26166666666666666,0,0,0,47,0,209,0,1
600,245,0.28,0.3,3,0.05,0.05,0.05,2,0.242,0.02075,1,0.005,hybrid,0.1,0.5,0.3,0.01,0.0020833333333333333,0.0048,8,0.75,0.2,8,16,0,2,false,0.585,0.75,1,worldModel,weighted,0,a2a0fec2,383,baseline,120,0.5063440067321062,0,0.2225,0,0.5545,0,0.6575,0,0.017638251197155497,0,0.9935147762298584,0,,,,,0.36,0,0,0,50,0,211,0,1
600,245,0.28,0.3,3,0.05,0.05,0.05,2,0.242,0.0225,1,0.005,hybrid,0.1,0.5,0.3,0.01,0.0020833333333333333,0.0048,8,0.75,0.2,8,16,0,2,true,0.585,0.75,1,worldModel,weighted,0,a2a0fec2,384,treatment,120,0.48133898845563333,0,0.1985,0,0.5285,0,0.6425,0,0.017361444064743183,0,0.8883177638053894,0,0.585,0,0.7466666666666667,0,0.25333333333333335,0,0,0,42,0,213,0,1
600,245,0.28,0.3,3,0.05,0.05,0.05,2,0.242,0.0225,1,0.005,hybrid,0.1,0.5,0.3,0.01,0.0020833333333333333,0.0048,8,0.75,0.2,8,16,0,2,false,0.585,0.75,1,worldModel,weighted,0,a2a0fec2,384,baseline,120,0.4989571912586689,0,0.2165,0,0.5515,0,0.6525,0,0.019374864928216256,0,0.8896971940994263,0,,,,,0.3433333333333333,0,0,0,44,0,209,0,1
600,245,0.28,0.3,3,0.05,0.05,0.05,2,0.242,0.02425,1,0.005,hybrid,0.1,0.5,0.3,0.01,0.0020833333333333333,0.0048,8,0.75,0.2,8,16,0,2,true,0.585,0.75,1,worldModel,weighted,0,a2a0fec2,385,treatment,120,0.4838422024995089,0,0.1855,0,0.5285,0,0.6495,0,0.01636648784320441,0,0.8891992568969727,0,0.585,0,0.7066666666666667,0,0.29333333333333333,0,0,0,45,0,215,0,1
600,245,0.28,0.3,3,0.05,0.05,0.05,2,0.242,0.02425,1,0.005,hybrid,0.1,0.5,0.3,0.01,0.0020833333333333333,0.0048,8,0.75,0.2,8,16,0,2,false,0.585,0.75,1,worldModel,weighted,0,a2a0fec2,385,baseline,120,0.5030736827539901,0,0.2425,0,0.5405,0,0.6625,0,0.014565843741693528,0,0.8304649591445923,0,,,,,0.33,0,0,0,36,0,218,0,1
600,245,0.28,0.3,3,0.05,0.05,0.05,2,0.242,0.026,1,0.005,hybrid,0.1,0.5,0.3,0.01,0.0020833333333333333,0.0048,8,0.75,0.2,8,16,0,2,true,0.585,0.75,1,worldModel,weighted,0,a2a0fec2,386,treatment,120,0.4757104245138665,0,0.2175,0,0.5235,0,0.6245,0,0.01565786615860754,0,0.8794147372245789,0,0.585,0,0.7916666666666666,0,0.20833333333333334,0,0,0,42,0,213,0,1
600,245,0.28,0.3,3,0.05,0.05,0.05,2,0.242,0.026,1,0.005,hybrid,0.1,0.5,0.3,0.01,0.0020833333333333333,0.0048,8,0.75,0.2,8,16,0,2,false,0.585,0.75,1,worldModel,weighted,0,a2a0fec2,386,baseline,120,0.49562856818238893,0,0.2325,0,0.5415,0,0.6395,0,0.01286036888540706,0,0.8660356998443604,0,,,,,0.285,0,0,0,43,0,214,0,1
600,245,0.28,0.3,3,0.05,0.05,0.05,2,0.242,0.02775,1,0.005,hybrid,0.1,0.5,0.3,0.01,0.0020833333333333333,0.0048,8,0.75,0.2,8,16,0,2,true,0.585,0.75,1,worldModel,weighted,0,a2a0fec2,387,treatment,120,0.48616902861123285,0,0.2265,0,0.5275,0,0.6505,0,0.015394075370139398,0,0.8480266332626343,0,0.585,0,0.7166666666666667,0,0.2833333333333333,0,0,0,47,0,214,0,1
600,245,0.28,0.3,3,0.05,0.05,0.05,2,0.242,0.02775,1,0.005,hybrid,0.1,0.5,0.3,0.01,0.0020833333333333333,0.0048,8,0.75,0.2,8,16,0,2,false,0.585,0.75,1,worldModel,weighted,0,a2a0fec2,387,baseline,120,0.5034738497436047,0,0.2425,0,0.5485,0,0.6575,0,0.015103091837478514,0,0.8317102789878845,0,,,,,0.3516666666666667,0,0,0,44,0,211,0,1
600,245,0.28,0.3,3,0.05,0.05,0.05,2,0.242,0.0295,1,0.005,hybrid,0.1,0.5,0.3,0.01,0.0020833333333333333,0.0048,8,0.75,0.2,8,16,0,2,true,0.585,0.75,1,worldModel,weighted,0,a2a0fec2,388,treatment,120,0.46013800501202545,0,0.1705,0,0.5035,0,0.6165,0,0.013315248282826047,0,0.8239459991455078,0,0.585,0,0.81,0,0.19,0,0,0,50,0,213,0,1
600,245,0.28,0.3,3,0.05,0.05,0.05,2,0.242,0.0295,1,0.005,hybrid,0.1,0.5,0.3,0.01,0.0020833333333333333,0.0048,8,0.75,0.2,8,16,0,2,false,0.585,0.75,1,worldModel,weighted,0,a2a0fec2,388,baseline,120,0.49217229437703885,0,0.2105,0,0.5435,0,0.6365,0,0.013056247043911425,0,0.9402412176132202,0,,,,,0.31833333333333336,0,0,0,37,0,213,0,1
600,245,0.28,0.3,3,0.05,0.05,0.05,2,0.242,0.03125,1,0.005,hybrid,0.1,0.5,0.3,0.01,0.0020833333333333333,0.0048,8,0.75,0.2,8,16,0,2,true,0.585,0.75,1,worldModel,weighted,0,a2a0fec2,389,treatment,120,0.46212678900609416,0,0.1365,0,0.5165,0,0.6285,0,0.019106179870603444,0,0.9340729713439941,0,0.585,0,0.7566666666666667,0,0.24333333333333335,0,0,0,50,0,206,0,1
600,245,0.28,0.3,3,0.05,0.05,0.05,2,0.242,0.03125,1,0.005,hybrid,0.1,0.5,0.3,0.01,0.0020833333333333333,0.0048,8,0.75,0.2,8,16,0,2,false,0.585,0.75,1,worldModel,weighted,0,a2a0fec2,389,baseline,120,0.4868545383773744,0,0.2125,0,0.5325,0,0.6325,0,0.01462983636981993,0,0.9054224491119385,0,,,,,0.2866666666666667,0,0,0,41,0,209,0,1
600,245,0.28,0.3,3,0.05,0.05,0.05,2,0.242,0.033,1,0.005,hybrid,0.1,0.5,0.3,0.01,0.0020833333333333333,0.0048,8,0.75,0.2,8,16,0,2,true,0.585,0.75,1,worldModel,weighted,0,a2a0fec2,390,treatment,120,0.45773803532744445,0,0.1955,0,0.4885,0,0.6085,0,0.015873000420504796,0,0.8552899360656738,0,0.585,0,0.845,0,0.155,0,0,0,45,0,214,0,1
600,245,0.28,0.3,3,0.05,0.05,0.05,2,0.242,0.033,1,0.005,hybrid,0.1,0.5,0.3,0.01,0.0020833333333333333,0.0048,8,0.75,0.2,8,16,0,2,false,0.585,0.75,1,worldModel,weighted,0,a2a0fec2,390,baseline,120,0.4728087382204831,0,0.2285,0,0.5065,0,0.6155,0,0.012661314569396787,0,0.8552685379981995,0,,,,,0.22833333333333333,0,0,0,48,0,211,0,1
600,245,0.28,0.3,3,0.05,0.05,0.05,2,0.242,0.03475,1,0.005,hybrid,0.1,0.5,0.3,0.01,0.0020833333333333333,0.0048,8,0.75,0.2,8,16,0,2,true,0.585,0.75,1,worldModel,weighted,0,a2a0fec2,391,treatment,120,0.4694362341115872,0,0.2025,0,0.5185,0,0.6115,0,0.012319498923780033,0,0.8425789475440979,0,0.585,0,0.8066666666666666,0,0.19333333333333333,0,0,0,54,0,209,0,1
600,245,0.28,0.3,3,0.05,0.05,0.05,2,0.242,0.03475,1,0.005,hybrid,0.1,0.5,0.3,0.01,0.0020833333333333333,0.0048,8,0.75,0.2,8,16,0,2,false,0.585,0.75,1,worldModel,weighted,0,a2a0fec2,391,baseline,120,0.4898158230694632,0,0.2375,0,0.5345,0,0.6275,0,0.014445869303825536,0,0.8283969759941101,0,,,,,0.27166666666666667,0,0,0,44,0,211,0,1
600,245,0.28,0.3,3,0.05,0.05,0.05,2,0.242,0.0365,1,0.005,hybrid,0.1,0.5,0.3,0.01,0.0020833333333333333,0.0048,8,0.75,0.2,8,16,0,2,true,0.585,0.75,1,worldModel,weighted,0,a2a0fec2,392,treatment,120,0.469906070313106,0,0.2085,0,0.5125,0,0.6135,0,0.017431672669098734,0,0.8462156057357788,0,0.585,0,0.8183333333333334,0,0.18166666666666667,0,0,0,48,0,212,0,1
600,245,0.28,0.3,3,0.05,0.05,0.05,2,0.242,0.0365,1,0.005,hybrid,0.1,0.5,0.3,0.01,0.0020833333333333333,0.0048,8,0.75,0.2,8,16,0,2,false,0.585,0.75,1,worldModel,weighted,0,a2a0fec2,392,baseline,120,0.49239962176730234,0,0.2305,0,0.5385,0,0.6265,0,0.013884261942649571,0,0.8581047058105469,0,,,,,0.2966666666666667,0,0,0,43,0,215,0,1
600,245,0.28,0.3,3,0.05,0.05,0.05,2,0.242,0.03825,1,0.005,hybrid,0.1,0.5,0.3,0.01,0.0020833333333333333,0.0048,8,0.75,0.2,8,16,0,2,true,0.585,0.75,1,worldModel,weighted,0,a2a0fec2,393,treatment,120,0.45547419605155787,0,0.1815,0,0.5085,0,0.6005,0,0.016828543481822538,0,0.8627172708511353,0,0.585,0,0.8633333333333333,0,0.13666666666666666,0,0,0,53,0,214,0,1
600,245,0.28,0.3,3,0.05,0.05,0.05,2,0.242,0.03825,1,0.005,hybrid,0.1,0.5,0.3,0.01,0.0020833333333333333,0.0048,8,0.75,0.2,8,16,0,2,false,0.585,0.75,1,worldModel,weighted,0,a2a0fec2,393,baseline,120,0.47735250654940803,0,0.2095,0,0.5235,0,0.6285,0,0.01635955240517135,0,0.8670881390571594,0,,,,,0.25166666666666665,0,0,0,49,0,210,0,1
600,245,0.28,0.3,3,0.05,0.05,0.05,2,0.242,0.04,1,0.005,hybrid,0.1,0.5,0.3,0.01,0.0020833333333333333,0.0048,8,0.75,0.2,8,16,0,2,true,0.585,0.75,1,worldModel,weighted,0,a2a0fec2,394,treatment,120,0.45611471798891823,0,0.2175,0,0.4925,0,0.6005,0,0.011650143225156513,0,0.7519713044166565,0,0.585,0,0.8616666666666667,0,0.13833333333333334,0,0,0,43,0,211,0,1
600,245,0.28,0.3,3,0.05,0.05,0.05,2,0.242,0.04,1,0.005,hybrid,0.1,0.5,0.3,0.01,0.0020833333333333333,0.0048,8,0.75,0.2,8,16,0,2,false,0.585,0.75,1,worldModel,weighted,0,a2a0fec2,394,baseline,120,0.4705823090610405,0,0.2325,0,0.5065,0,0.6145,0,0.012813745237999562,0,0.7914832830429077,0,,,,,0.16166666666666665,0,0,0,34,0,208,0,1
600,245,0.28,0.3,3,0.05,0.05,0.05,2,0.242,0.04175,1,0.005,hybrid,0.1,0.5,0.3,0.01,0.0020833333333333333,0.0048,8,0.75,0.2,8,16,0,2,true,0.585,0.75,1,worldModel,weighted,0,a2a0fec2,395,treatment,120,0.46079662614191574,0,0.2125,0,0.5055,0,0.6085,0,0.012802283696816668,0,0.8055943846702576,0,0.585,0,0.8483333333333334,0,0.15166666666666667,0,0,0,45,0,212,0,1
600,245,0.28,0.3,3,0.05,0.05,0.05,2,0.242,0.04175,1,0.005,hybrid,0.1,0.5,0.3,0.01,0.0020833333333333333,0.0048,8,0.75,0.2,8,16,0,2,false,0.585,0.75,1,worldModel,weighted,0,a2a0fec2,395,baseline,120,0.4876308414836725,0,0.2155,0,0.5385,0,0.6295,0,0.015263439425753669,0,0.8750227093696594,0,,,,,0.25833333333333336,0,0,0,44,0,207,0,1
600,245,0.28,0.3,3,0.05,0.05,0.05,2,0.242,0.0435,1,0.005,hybrid,0.1,0.5,0.3,0.01,0.0020833333333333333,0.0048,8,0.75,0.2,8,16,0,2,true,0.585,0.75,1,worldModel,weighted,0,a2a0fec2,396,treatment,120,0.4555494407936931,0,0.2285,0,0.4915,0,0.6045,0,0.013019858157712096,0,0.8305426239967346,0,0.585,0,0.8533333333333334,0,0.14666666666666667,0,0,0,51,0,211,0,1
600,245,0.28,0.3,3,0.05,0.05,0.05,2,0.242,0.0435,1,0.005,hybrid,0.1,0.5,0.3,0.01,0.0020833333333333333,0.0048,8,0.75,0.2,8,16,0,2,false,0.585,0.75,1,worldModel,weighted,0,a2a0fec2,396,baseline,120,0.4712300185362498,0,0.2365,0,0.5045,0,0.6095,0,0.014977204491912451,0,0.8557318449020386,0,,,,,0.18166666666666667,0,0,0,44,0,205,0,1
600,245,0.28,0.3,3,0.05,0.05,0.05,2,0.242,0.04525,1,0.005,hybrid,0.1,0.5,0.3,0.01,0.0020833333333333333,0.0048,8,0.75,0.2,8,16,0,2,true,0.585,0.75,1,worldModel,weighted,0,a2a0fec2,397,treatment,120,0.4576404738674561,0,0.1815,0,0.4965,0,0.6145,0,0.015530519348669464,0,0.845145046710968,0,0.585,0,0.8266666666666667,0,0.17333333333333334,0,0,0,42,0,209,0,1
600,245,0.28,0.3,3,0.05,0.05,0.05,2,0.242,0.04525,1,0.005,hybrid,0.1,0.5,0.3,0.01,0.0020833333333333333,0.0048,8,0.75,0.2,8,16,0,2,false,0.585,0.75,1,worldModel,weighted,0,a2a0fec2,397,baseline,120,0.4816015139160057,0,0.1965,0,0.5295,0,0.6135,0,0.018340000384794698,0,0.8357542157173157,0,,,,,0.27,0,0,0,53,0,210,0,1
600,245,0.28,0.3,3,0.05,0.05,0.05,2,0.242,0.047,1,0.005,hybrid,0.1,0.5,0.3,0.01,0.0020833333333333333,0.0048,8,0.75,0.2,8,16,0,2,true,0.585,0.75,1,worldModel,weighted,0,a2a0fec2,398,treatment,120,0.45824520842482647,0,0.1885,0,0.5005,0,0.5995,0,0.013392037684135404,0,0.9115464687347412,0,0.585,0,0.8666666666666667,0,0.13333333333333333,0,0,0,52,0,212,0,1
600,245,0.28,0.3,3,0.05,0.05,0.05,2,0.242,0.047,1,0.005,hybrid,0.1,0.5,0.3,0.01,0.0020833333333333333,0.0048,8,0.75,0.2,8,16,0,2,false,0.585,0.75,1,worldModel,weighted,0,a2a0fec2,398,baseline,120,0.47740925623103975,0,0.2235,0,0.5225,0,0.6205,0,0.01276995740808023,0,0.8614679574966431,0,,,,,0.20166666666666666,0,0,0,53,0,209,0,1
600,245,0.28,0.3,3,0.05,0.05,0.05,2,0.251,0.012,1,0.005,hybrid,0.1,0.5,0.3,0.01,0.0020833333333333333,0.0048,8,0.75,0.2,8,16,0,2,true,0.585,0.75,1,worldModel,weighted,0,a2a0fec2,399,treatment,120,0.5011340014636516,0,0.1905,0,0.5455,0,0.6785,0,0.01875644578579646,0,0.8802717328071594,0,0.585,0,0.64,0,0.36,0,0,0,44,0,213,0,1
600,245,0.28,0.3,3,0.05,0.05,0.05,2,0.251,0.012,1,0.005,hybrid,0.1,0.5,0.3,0.01,0.0020833333333333333,0.0048,8,0.75,0.2,8,16,0,2,false,0.585,0.75,1,worldModel,weighted,0,a2a0fec2,399,baseline,120,0.5130636383965611,0,0.2325,0,0.5635,0,0.6765,0,0.014161529002178637,0,0.8475727438926697,0,,,,,0.42,0,0,0,54,0,210,0,1
600,245,0.28,0.3,3,0.05,0.05,0.05,2,0.251,0.01375,1,0.005,hybrid,0.1,0.5,0.3,0.01,0.0020833333333333333,0.0048,8,0.75,0.2,8,16,0,2,true,0.585,0.75,1,worldModel,weighted,0,a2a0fec2,400,treatment,120,0.4994902343675494,0,0.1815,0,0.5475,0,0.6835,0,0.017404085639094544,0,0.9655894637107849,0,0.585,0,0.6516666666666666,0,0.34833333333333333,0,0,0,43,0,210,0,1
600,245,0.28,0.3,3,0.05,0.05,0.05,2,0.251,0.01375,1,0.005,hybrid,0.1,0.5,0.3,0.01,0.0020833333333333333,0.0048,8,0.75,0.2,8,16,0,2,false,0.585,0.75,1,worldModel,weighted,0,a2a0fec2,400,baseline,120,0.5128106603523096,0,0.1945,0,0.5655,0,0.6775,0,0.015810559246285622,0,0.9655894637107849,0,,,,,0.42,0,0,0,45,0,212,0,1
600,245,0.28,0.3,3,0.05,0.05,0.05,2,0.251,0.0155,1,0.005,hybrid,0.1,0.5,0.3,0.01,0.0020833333333333333,0.0048,8,0.75,0.2,8,16,0,2,true,0.585,0.75,1,worldModel,weighted,0,a2a0fec2,401,treatment,120,0.48791926371554534,0,0.1495,0,0.5395,0,0.6675,0,0.018810640085391534,0,0.9144915342330933,0,0.585,0,0.6583333333333333,0,0.3416666666666667,0,0,0,52,0,205,0,1
600,245,0.28,0.3,3,0.05,0.05,0.05,2,0.251,0.0155,1,0.005,hybrid,0.1,0.5,0.3,0.01,0.0020833333333333333,0.0048,8,0.75,0.2,8,16,0,2,false,0.585,0.75,1,worldModel,weighted,0,a2a0fec2,401,baseline,120,0.5248031261873742,0,0.2205,0,0.5735,0,0.6795,0,0.013554163654872232,0,0.9314996600151062,0,,,,,0.4766666666666667,0,0,0,51,0,213,0,1
600,245,0.28,0.3,3,0.05,0.05,0.05,2,0.251,0.01725,1,0.005,hybrid,0.1,0.5,0.3,0.01,0.0020833333333333333,0.0048,8,0.75,0.2,8,16,0,2,true,0.585,0.75,1,worldModel,weighted,0,a2a0fec2,402,treatment,120,0.5038518009521067,0,0.2095,0,0.5395,0,0.6825,0,0.017743966163317186,0,0.9399845600128174,0,0.585,0,0.655,0,0.345,0,0,0,36,0,213,0,1
600,245,0.28,0.3,3,0.05,0.05,0.05,2,0.251,0.01725,1,0.005,hybrid,0.1,0.5,0.3,0.01,0.0020833333333333333,0.0048,8,0.75,0.2,8,16,0,2,false,0.585,0.75,1,worldModel,weighted,0,a2a0fec2,402,baseline,120,0.5221871797243754,0,0.2365,0,0.5615,0,0.6835,0,0.016866617561280082,0,0.9370819926261902,0,,,,,0.405,0,0,0,33,0,218,0,1
600,245,0.28,0.3,3,0.05,0.05,0.05,2,0.251,0.019,1,0.005,hybrid,0.1,0.5,0.3,0.01,0.0020833333333333333,0.0048,8,0.75,0.2,8,16,0,2,true,0.585,0.75,1,worldModel,weighted,0,a2a0fec2,403,treatment,120,0.48951152474309007,0,0.1865,0,0.5345,0,0.6555,0,0.016953436495443168,0,0.8612349629402161,0,0.585,0,0.7083333333333334,0,0.2916666666666667,0,0,0,45,0,211,0,1
600,245,0.28,0.3,3,0.05,0.05,0.05,2,0.251,0.019,1,0.005,hybrid,0.1,0.5,0.3,0.01,0.0020833333333333333,0.0048,8,0.75,0.2,8,16,0,2,false,0.585,0.75,1,worldModel,weighted,0,a2a0fec2,403,baseline,120,0.5067346076853574,0,0.2185,0,0.5505,0,0.6615,0,0.0163193186399478,0,0.8661826252937317,0,,,,,0.355,0,0,0,47,0,212,0,1
600,245,0.28,0.3,3,0.05,0.05,0.05,2,0.251,0.02075,1,0.005,hybrid,0.1,0.5,0.3,0.01,0.0020833333333333333,0.0048,8,0.75,0.2,8,16,0,2,true,0.585,0.75,1,worldModel,weighted,0,a2a0fec2,404,treatment,120,0.48197112132484715,0,0.1945,0,0.5195,0,0.6565,0,0.01960807367254104,0,0.942870557308197,0,0.585,0,0.7366666666666667,0,0.2633333333333333,0,0,0,41,0,212,0,1
600,245,0.28,0.3,3,0.05,0.05,0.05,2,0.251,0.02075,1,0.005,hybrid,0.1,0.5,0.3,0.01,0.0020833333333333333,0.0048,8,0.75,0.2,8,16,0,2,false,0.585,0.75,1,worldModel,weighted,0,a2a0fec2,404,baseline,120,0.5128299988806247,0,0.2545,0,0.5525,0,0.6715,0,0.014492309183019416,0,0.942870557308197,0,,,,,0.35,0,0,0,44,0,213,0,1
600,245,0.28,0.3,3,0.05,0.05,0.05,2,0.251,0.0225,1,0.005,hybrid,0.1,0.5,0.3,0.01,0.0020833333333333333,0.0048,8,0.75,0.2,8,16,0,2,true,0.585,0.75,1,worldModel,weighted,0,a2a0fec2,405,treatment,120,0.47760429947947464,0,0.1815,0,0.5155,0,0.6455,0,0.01694979215090563,0,0.859711229801178,0,0.585,0,0.7283333333333334,0,0.27166666666666667,0,0,0,44,0,209,0,1
600,245,0.28,0.3,3,0.05,0.05,0.05,2,0.251,0.0225,1,0.005,hybrid,0.1,0.5,0.3,0.01,0.0020833333333333333,0.0048,8,0.75,0.2,8,16,0,2,false,0.585,0.75,1,worldModel,weighted,0,a2a0fec2,405,baseline,120,0.505101524963975,0,0.2475,0,0.5455,0,0.6585,0,0.015156550153976727,0,0.859711229801178,0,,,,,0.3616666666666667,0,0,0,46,0,210,0,1
600,245,0.28,0.3,3,0.05,0.05,0.05,2,0.251,0.02425,1,0.005,hybrid,0.1,0.5,0.3,0.01,0.0020833333333333333,0.0048,8,0.75,0.2,8,16,0,2,true,0.585,0.75,1,worldModel,weighted,0,a2a0fec2,406,treatment,120,0.473993933138748,0,0.1985,0,0.5205,0,0.6165,0,0.014981538949320068,0,0.8270187973976135,0,0.585,0,0.7733333333333333,0,0.22666666666666666,0,0,0,45,0,214,0,1
600,245,0.28,0.3,3,0.05,0.05,0.05,2,0.251,0.02425,1,0.005,hybrid,0.1,0.5,0.3,0.01,0.0020833333333333333,0.0048,8,0.75,0.2,8,16,0,2,false,0.585,0.75,1,worldModel,weighted,0,a2a0fec2,406,baseline,120,0.48728929699709017,0,0.1855,0,0.5415,0,0.6285,0,0.016848526372753105,0,0.8331616520881653,0,,,,,0.345,0,0,0,39,0,213,0,1
600,245,0.28,0.3,3,0.05,0.05,0.05,2,0.251,0.026,1,0.005,hybrid,0.1,0.5,0.3,0.01,0.0020833333333333333,0.0048,8,0.75,0.2,8,16,0,2,true,0.585,0.75,1,worldModel,weighted,0,a2a0fec2,407,treatment,120,0.48678512948254743,0,0.2115,0,0.5285,0,0.6445,0,0.01283757906989895,0,0.8331127166748047,0,0.585,0,0.7383333333333333,0,0.26166666666666666,0,0,0,52,0,208,0,1
600,245,0.28,0.3,3,0.05,0.05,0.05,2,0.251,0.026,1,0.005,hybrid,0.1,0.5,0.3,0.01,0.0020833333333333333,0.0048,8,0.75,0.2,8,16,0,2,false,0.585,0.75,1,worldModel,weighted,0,a2a0fec2,407,baseline,120,0.5167035405151545,0,0.2805,0,0.5525,0,0.6555,0,0.01346392067507355,0,0.8750216960906982,0,,,,,0.365,0,0,0,47,0,213,0,1
600,245,0.28,0.3,3,0.05,0.05,0.05,2,0.251,0.02775,1,0.005,hybrid,0.1,0.5,0.3,0.01,0.0020833333333333333,0.0048,8,0.75,0.2,8,16,0,2,true,0.585,0.75,1,worldModel,weighted,0,a2a0fec2,408,treatment,120,0.45972355178246893,0,0.1695,0,0.5015,0,0.6195,0,0.013983950156476743,0,0.841317355632782,0,0.585,0,0.7833333333333333,0,0.21666666666666667,0,0,0,54,0,207,0,1
600,245,0.28,0.3,3,0.05,0.05,0.05,2,0.251,0.02775,1,0.005,hybrid,0.1,0.5,0.3,0.01,0.0020833333333333333,0.0048,8,0.75,0.2,8,16,0,2,false,0.585,0.75,1,worldModel,weighted,0,a2a0fec2,408,baseline,120,0.48216506392384567,0,0.2045,0,0.5335,0,0.6435,0,0.01443716872543538,0,0.8226025700569153,0,,,,,0.25666666666666665,0,0,0,46,0,208,0,1
600,245,0.28,0.3,3,0.05,0.05,0.05,2,0.251,0.0295,1,0.005,hybrid,0.1,0.5,0.3,0.01,0.0020833333333333333,0.0048,8,0.75,0.2,8,16,0,2,true,0.585,0.75,1,worldModel,weighted,0,a2a0fec2,409,treatment,120,0.4657251908009251,0,0.2055,0,0.5095,0,0.6265,0,0.014672056973969859,0,0.8152473568916321,0,0.585,0,0.805,0,0.195,0,0,0,48,0,210,0,1
600,245,0.28,0.3,3,0.05,0.05,0.05,2,0.251,0.0295,1,0.005,hybrid,0.1,0.5,0.3,0.01,0.0020833333333333333,0.0048,8,0.75,0.2,8,16,0,2,false,0.585,0.75,1,worldModel,weighted,0,a2a0fec2,409,baseline,120,0.49219005374237895,0,0.2415,0,0.5355,0,0.6335,0,0.011151624323363862,0,0.9194046258926392,0,,,,,0.2833333333333333,0,0,0,53,0,210,0,1
600,245,0.28,0.3,3,0.05,0.05,0.05,2,0.251,0.03125,1,0.005,hybrid,0.1,0.5,0.3,0.01,0.0020833333333333333,0.0048,8,0.75,0.2,8,16,0,2,true,0.585,0.75,1,worldModel,weighted,0,a2a0fec2,410,treatment,120,0.4698879261501133,0,0.2065,0,0.5085,0,0.6125,0,0.016307069454239022,0,0.9574765563011169,0,0.585,0,0.8316666666666667,0,0.16833333333333333,0,0,0,46,0,215,0,1
600,245,0.28,0.3,3,0.05,0.05,0.05,2,0.251,0.03125,1,0.005,hybrid,0.1,0.5,0.3,0.01,0.0020833333333333333,0.0048,8,0.75,0.2,8,16,0,2,false,0.585,0.75,1,worldModel,weighted,0,a2a0fec2,410,baseline,120,0.48022442376241087,0,0.2055,0,0.5185,0,0.6255,0,0.01591287110860767,0,0.9574765563011169,0,,,,,0.24666666666666667,0,0,0,45,0,213,0,1
600,245,0.28,0.3,3,0.05,0.05,0.05,2,0.251,0.033,1,0.005,hybrid,0.1,0.5,0.3,0.01,0.0020833333333333333,0.0048,8,0.75,0.2,8,16,0,2,true,0.585,0.75,1,worldModel,weighted,0,a2a0fec2,411,treatment,120,0.4770396023802459,0,0.2255,0,0.5195,0,0.6095,0,0.015830059353039945,0,0.8960493803024292,0,0.585,0,0.8233333333333334,0,0.17666666666666667,0,0,0,51,0,212,0,1
600,245,0.28,0.3,3,0.05,0.05,0.05,2,0.251,0.033,1,0.005,hybrid,0.1,0.5,0.3,0.01,0.0020833333333333333,0.0048,8,0.75,0.2,8,16,0,2,false,0.585,0.75,1,worldModel,weighted,0,a2a0fec2,411,baseline,120,0.49554716754083833,0,0.2475,0,0.5345,0,0.6275,0,0.014756914316831472,0,0.9025341272354126,0,,,,,0.29833333333333334,0,0,0,49,0,213,0,1
600,245,0.28,0.3,3,0.05,0.05,0.05,2,0.251,0.03475,1,0.005,hybrid,0.1,0.5,0.3,0.01,0.0020833333333333333,0.0048,8,0.75,0.2,8,16,0,2,true,0.585,0.75,1,worldModel,weighted,0,a2a0fec2,412,treatment,120,0.4519076150469482,0,0.2305,0,0.4965,0,0.5685,0,0.012508242463281732,0,0.8066535592079163,0,0.585,0,0.94,0,0.06,0,0,0,40,0,210,0,1
600,245,0.28,0.3,3,0.05,0.05,0.05,2,0.251,0.03475,1,0.005,hybrid,0.1,0.5,0.3,0.01,0.0020833333333333333,0.0048,8,0.75,0.2,8,16,0,2,false,0.585,0.75,1,worldModel,weighted,0,a2a0fec2,412,baseline,120,0.47237456681827705,0,0.2545,0,0.5165,0,0.6005,0,0.011055069869952076,0,0.816198468208313,0,,,,,0.145,0,0,0,44,0,208,0,1
600,245,0.28,0.3,3,0.05,0.05,0.05,2,0.251,0.0365,1,0.005,hybrid,0.1,0.5,0.3,0.01,0.0020833333333333333,0.0048,8,0.75,0.2,8,16,0,2,true,0.585,0.75,1,worldModel,weighted,0,a2a0fec2,413,treatment,120,0.4438287721822659,0,0.1725,0,0.4905,0,0.5935,0,0.01564936518448433,0,0.8504319787025452,0,0.585,0,0.8816666666666667,0,0.11833333333333333,0,0,0,41,0,213,0,1
600,245,0.28,0.3,3,0.05,0.05,0.05,2,0.251,0.0365,1,0.005,hybrid,0.1,0.5,0.3,0.01,0.0020833333333333333,0.0048,8,0.75,0.2,8,16,0,2,false,0.585,0.75,1,worldModel,weighted,0,a2a0fec2,413,baseline,120,0.471810094366471,0,0.2065,0,0.5155,0,0.6155,0,0.01544344129185467,0,0.8457767367362976,0,,,,,0.19166666666666668,0,0,0,47,0,213,0,1
600,245,0.28,0.3,3,0.05,0.05,0.05,2,0.251,0.03825,1,0.005,hybrid,0.1,0.5,0.3,0.01,0.0020833333333333333,0.0048,8,0.75,0.2,8,16,0,2,true,0.585,0.75,1,worldModel,weighted,0,a2a0fec2,414,treatment,120,0.4647306801751256,0,0.1725,0,0.5115,0,0.6265,0,0.015914931746403817,0,0.8468335866928101,0,0.585,0,0.785,0,0.215,0,0,0,44,0,208,0,1
600,245,0.28,0.3,3,0.05,0.05,0.05,2,0.251,0.03825,1,0.005,hybrid,0.1,0.5,0.3,0.01,0.0020833333333333333,0.0048,8,0.75,0.2,8,16,0,2,false,0.585,0.75,1,worldModel,weighted,0,a2a0fec2,414,baseline,120,0.487298192443947,0,0.2125,0,0.5275,0,0.6495,0,0.016127468424235132,0,0.8620326519012451,0,,,,,0.2866666666666667,0,0,0,49,0,210,0,1
600,245,0.28,0.3,3,0.05,0.05,0.05,2,0.251,0.04,1,0.005,hybrid,0.1,0.5,0.3,0.01,0.0020833333333333333,0.0048,8,0.75,0.2,8,16,0,2,true,0.585,0.75,1,worldModel,weighted,0,a2a0fec2,415,treatment,120,0.4534123636037111,0,0.1885,0,0.4995,0,0.6135,0,0.017796471731856795,0,0.8444815278053284,0,0.585,0,0.8366666666666667,0,0.16333333333333333,0,0,0,43,0,206,0,1
600,245,0.28,0.3,3,0.05,0.05,0.05,2,0.251,0.04,1,0.005,hybrid,0.1,0.5,0.3,0.01,0.0020833333333333333,0.0048,8,0.75,0.2,8,16,0,2,false,0.585,0.75,1,worldModel,weighted,0,a2a0fec2,415,baseline,120,0.47087966814637183,0,0.1885,0,0.5155,0,0.6265,0,0.019310825284991538,0,0.8355386853218079,0,,,,,0.24,0,0,0,46,0,209,0,1
600,245,0.28,0.3,3,0.05,0.05,0.05,2,0.251,0.04175,1,0.005,hybrid,0.1,0.5,0.3,0.01,0.0020833333333333333,0.0048,8,0.75,0.2,8,16,0,2,true,0.585,0.75,1,worldModel,weighted,0,a2a0fec2,416,treatment,120,0.43953960270310444,0,0.1585,0,0.4835,0,0.5955,0,0.015187312139258183,0,0.7847691774368286,0,0.585,0,0.8783333333333333,0,0.12166666666666667,0,0,0,45,0,211,0,1
600,245,0.28,0.3,3,0.05,0.05,0.05,2,0.251,0.04175,1,0.005,hybrid,0.1,0.5,0.3,0.01,0.0020833333333333333,0.0048,8,0.75,0.2,8,16,0,2,false,0.585,0.75,1,worldModel,weighted,0,a2a0fec2,416,baseline,120,0.4665689914487302,0,0.1835,0,0.5135,0,0.6115,0,0.019000238151246292,0,0.8111315369606018,0,,,,,0.17,0,0,0,41,0,214,0,1
600,245,0.28,0.3,3,0.05,0.05,0.05,2,0.251,0.0435,1,0.005,hybrid,0.1,0.5,0.3,0.01,0.0020833333333333333,0.0048,8,0.75,0.2,8,16,0,2,true,0.585,0.75,1,worldModel,weighted,0,a2a0fec2,417,treatment,120,0.46450374558568003,0,0.2385,0,0.4885,0,0.6085,0,0.013425913281106835,0,0.9337166547775269,0,0.585,0,0.8483333333333334,0,0.15166666666666667,0,0,0,51,0,213,0,1
600,245,0.28,0.3,3,0.05,0.05,0.05,2,0.251,0.0435,1,0.005,hybrid,0.1,0.5,0.3,0.01,0.0020833333333333333,0.0048,8,0.75,0.2,8,16,0,2,false,0.585,0.75,1,worldModel,weighted,0,a2a0fec2,417,baseline,120,0.4846852099895477,0,0.2695,0,0.5105,0,0.6275,0,0.010571952319508752,0,0.9316657185554504,0,,,,,0.20833333333333334,0,0,0,50,0,209,0,1
600,245,0.28,0.3,3,0.05,0.05,0.05,2,0.251,0.04525,1,0.005,hybrid,0.1,0.5,0.3,0.01,0.0020833333333333333,0.0048,8,0.75,0.2,8,16,0,2,true,0.585,0.75,1,worldModel,weighted,0,a2a0fec2,418,treatment,120,0.45278441497435173,0,0.1875,0,0.4925,0,0.5935,0,0.013237912103255608,0,0.8131679892539978,0,0.585,0,0.885,0,0.115,0,0,0,50,0,214,0,1
600,245,0.28,0.3,3,0.05,0.05,0.05,2,0.251,0.04525,1,0.005,hybrid,0.1,0.5,0.3,0.01,0.0020833333333333333,0.0048,8,0.75,0.2,8,16,0,2,false,0.585,0.75,1,worldModel,weighted,0,a2a0fec2,418,baseline,120,0.4715533130740126,0,0.2075,0,0.5185,0,0.6085,0,0.017329181110567953,0,0.9060980677604675,0,,,,,0.18333333333333332,0,0,0,47,0,214,0,1
600,245,0.28,0.3,3,0.05,0.05,0.05,2,0.251,0.047,1,0.005,hybrid,0.1,0.5,0.3,0.01,0.0020833333333333333,0.0048,8,0.75,0.2,8,16,0,2,true,0.585,0.75,1,worldModel,weighted,0,a2a0fec2,419,treatment,120,0.4500507501202325,0,0.1855,0,0.4935,0,0.5945,0,0.014027771270858285,0,0.9303063750267029,0,0.585,0,0.8733333333333333,0,0.12666666666666668,0,0,0,42,0,212,0,1
600,245,0.28,0.3,3,0.05,0.05,0.05,2,0.251,0.047,1,0.005,hybrid,0.1,0.5,0.3,0.01,0.0020833333333333333,0.0048,8,0.75,0.2,8,16,0,2,false,0.585,0.75,1,worldModel,weighted,0,a2a0fec2,419,baseline,120,0.4689327786428233,0,0.2205,0,0.5115,0,0.6105,0,0.01422331129812541,0,0.916953444480896,0,,,,,0.19,0,0,0,48,0,215,0,1
600,245,0.28,0.3,3,0.05,0.05,0.05,2,0.26,0.012,1,0.005,hybrid,0.1,0.5,0.3,0.01,0.0020833333333333333,0.0048,8,0.75,0.2,8,16,0,2,true,0.585,0.75,1,worldModel,weighted,0,a2a0fec2,420,treatment,120,0.4939864106290042,0,0.1485,0,0.5505,0,0.6705,0,0.016221061552709696,0,0.911902904510498,0,0.585,0,0.6133333333333333,0,0.38666666666666666,0,0,0,45,0,211,0,1
600,245,0.28,0.3,3,0.05,0.05,0.05,2,0.26,0.012,1,0.005,hybrid,0.1,0.5,0.3,0.01,0.0020833333333333333,0.0048,8,0.75,0.2,8,16,0,2,false,0.585,0.75,1,worldModel,weighted,0,a2a0fec2,420,baseline,120,0.5134757525101304,0,0.1885,0,0.5685,0,0.6905,0,0.01451148312099518,0,0.911908745765686,0,,,,,0.445,0,0,0,50,0,214,0,1
600,245,0.28,0.3,3,0.05,0.05,0.05,2,0.26,0.01375,1,0.005,hybrid,0.1,0.5,0.3,0.01,0.0020833333333333333,0.0048,8,0.75,0.2,8,16,0,2,true,0.585,0.75,1,worldModel,weighted,0,a2a0fec2,421,treatment,120,0.5079726907238364,0,0.2435,0,0.5495,0,0.6735,0,0.01743776345847823,0,0.8790652751922607,0,0.585,0,0.6266666666666667,0,0.37333333333333335,0,0,0,44,0,215,0,1
600,245,0.28,0.3,3,0.05,0.05,0.05,2,0.26,0.01375,1,0.005,hybrid,0.1,0.5,0.3,0.01,0.0020833333333333333,0.0048,8,0.75,0.2,8,16,0,2,false,0.585,0.75,1,worldModel,weighted,0,a2a0fec2,421,baseline,120,0.5200978856657942,0,0.2685,0,0.5675,0,0.6775,0,0.0163136134242693,0,0.8790652751922607,0,,,,,0.41,0,0,0,35,0,210,0,1
600,245,0.28,0.3,3,0.05,0.05,0.05,2,0.26,0.0155,1,0.005,hybrid,0.1,0.5,0.3,0.01,0.0020833333333333333,0.0048,8,0.75,0.2,8,16,0,2,true,0.585,0.75,1,worldModel,weighted,0,a2a0fec2,422,treatment,120,0.483135696357737,0,0.1895,0,0.5335,0,0.6635,0,0.01632134500473501,0,0.911384105682373,0,0.585,0,0.7166666666666667,0,0.2833333333333333,0,0,0,49,0,215,0,1
600,245,0.28,0.3,3,0.05,0.05,0.05,2,0.26,0.0155,1,0.005,hybrid,0.1,0.5,0.3,0.01,0.0020833333333333333,0.0048,8,0.75,0.2,8,16,0,2,false,0.585,0.75,1,worldModel,weighted,0,a2a0fec2,422,baseline,120,0.5085632083192467,0,0.2165,0,0.5515,0,0.6725,0,0.01631302835483109,0,0.8367007970809937,0,,,,,0.38666666666666666,0,0,0,51,0,213,0,1
600,245,0.28,0.3,3,0.05,0.05,0.05,2,0.26,0.01725,1,0.005,hybrid,0.1,0.5,0.3,0.01,0.0020833333333333333,0.0048,8,0.75,0.2,8,16,0,2,true,0.585,0.75,1,worldModel,weighted,0,a2a0fec2,423,treatment,120,0.46971630078429977,0,0.1955,0,0.5175,0,0.6405,0,0.014166705923146419,0,0.7652605175971985,0,0.585,0,0.735,0,0.265,0,0,0,47,0,211,0,1
600,245,0.28,0.3,3,0.05,0.05,0.05,2,0.26,0.01725,1,0.005,hybrid,0.1,0.5,0.3,0.01,0.0020833333333333333,0.0048,8,0.75,0.2,8,16,0,2,false,0.585,0.75,1,worldModel,weighted,0,a2a0fec2,423,baseline,120,0.4923502142479022,0,0.2335,0,0.5405,0,0.6505,0,0.015269825988680574,0,0.8023463487625122,0,,,,,0.3283333333333333,0,0,0,44,0,211,0,1
600,245,0.28,0.3,3,0.05,0.05,0.05,2,0.26,0.019,1,0.005,hybrid,0.1,0.5,0.3,0.01,0.0020833333333333333,0.0048,8,0.75,0.2,8,16,0,2,true,0.585,0.75,1,worldModel,weighted,0,a2a0fec2,424,treatment,120,0.48712045400093,0,0.1985,0,0.5285,0,0.6575,0,0.01486481994080824,0,0.8749760985374451,0,0.585,0,0.705,0,0.295,0,0,0,44,0,209,0,1
600,245,0.28,0.3,3,0.05,0.05,0.05,2,0.26,0.019,1,0.005,hybrid,0.1,0.5,0.3,0.01,0.0020833333333333333,0.0048,8,0.75,0.2,8,16,0,2,false,0.585,0.75,1,worldModel,weighted,0,a2a0fec2,424,baseline,120,0.5066071862479051,0,0.2095,0,0.5535,0,0.6605,0,0.013923535326627821,0,0.8959698677062988,0,,,,,0.38,0,0,0,45,0,210,0,1
600,245,0.28,0.3,3,0.05,0.05,0.05,2,0.26,0.02075,1,0.005,hybrid,0.1,0.5,0.3,0.01,0.0020833333333333333,0.0048,8,0.75,0.2,8,16,0,2,true,0.585,0.75,1,worldModel,weighted,0,a2a0fec2,425,treatment,120,0.481244590425243,0,0.2045,0,0.5245,0,0.6435,0,0.012258513593795678,0,0.8930476903915405,0,0.585,0,0.7166666666666667,0,0.2833333333333333,0,0,0,43,0,217,0,1
600,245,0.28,0.3,3,0.05,0.05,0.05,2,0.26,0.02075,1,0.005,hybrid,0.1,0.5,0.3,0.01,0.0020833333333333333,0.0048,8,0.75,0.2,8,16,0,2,false,0.585,0.75,1,worldModel,weighted,0,a2a0fec2,425,baseline,120,0.5055244955730935,0,0.2345,0,0.5545,0,0.6535,0,0.015274656430882386,0,0.9025786519050598,0,,,,,0.37166666666666665,0,0,0,44,0,211,0,1
600,245,0.28,0.3,3,0.05,0.05,0.05,2,0.26,0.0225,1,0.005,hybrid,0.1,0.5,0.3,0.01,0.0020833333333333333,0.0048,8,0.75,0.2,8,16,0,2,true,0.585,0.75,1,worldModel,weighted,0,a2a0fec2,426,treatment,120,0.4781039944229027,0,0.2015,0,0.5185,0,0.6345,0,0.018020042252230327,0,0.9276334643363953,0,0.585,0,0.7533333333333333,0,0.24666666666666667,0,0,0,47,0,214,0,1
600,245,0.28,0.3,3,0.05,0.05,0.05,2,0.26,0.0225,1,0.005,hybrid,0.1,0.5,0.3,0.01,0.0020833333333333333,0.0048,8,0.75,0.2,8,16,0,2,false,0.585,0.75,1,worldModel,weighted,0,a2a0fec2,426,baseline,120,0.4956538304500282,0,0.2405,0,0.5385,0,0.6505,0,0.014982652080581652,0,0.9276334643363953,0,,,,,0.305,0,0,0,46,0,212,0,1
600,245,0.28,0.3,3,0.05,0.05,0.05,2,0.26,0.02425,1,0.005,hybrid,0.1,0.5,0.3,0.01,0.0020833333333333333,0.0048,8,0.75,0.2,8,16,0,2,true,0.585,0.75,1,worldModel,weighted,0,a2a0fec2,427,treatment,120,0.48835714934393765,0,0.1655,0,0.5395,0,0.6475,0,0.01681296091623365,0,0.8375153541564941,0,0.585,0,0.68,0,0.32,0,0,0,44,0,207,0,1
600,245,0.28,0.3,3,0.05,0.05,0.05,2,0.26,0.02425,1,0.005,hybrid,0.1,0.5,0.3,0.01,0.0020833333333333333,0.0048,8,0.75,0.2,8,16,0,2,false,0.585,0.75,1,worldModel,weighted,0,a2a0fec2,427,baseline,120,0.5127095540550848,0,0.2285,0,0.5635,0,0.6625,0,0.012970568096668678,0,0.8521427512168884,0,,,,,0.385,0,0,0,43,0,214,0,1
600,245,0.28,0.3,3,0.05,0.05,0.05,2,0.26,0.026,1,0.005,hybrid,0.1,0.5,0.3,0.01,0.0020833333333333333,0.0048,8,0.75,0.2,8,16,0,2,true,0.585,0.75,1,worldModel,weighted,0,a2a0fec2,428,treatment,120,0.4782516231574118,0,0.1955,0,0.5235,0,0.6355,0,0.012238707887904,0,0.8252524137496948,0,0.585,0,0.75,0,0.25,0,0,0,45,0,213,0,1
600,245,0.28,0.3,3,0.05,0.05,0.05,2,0.26,0.026,1,0.005,hybrid,0.1,0.5,0.3,0.01,0.0020833333333333333,0.0048,8,0.75,0.2,8,16,0,2,false,0.585,0.75,1,worldModel,weighted,0,a2a0fec2,428,baseline,120,0.5120590558523933,0,0.2525,0,0.5475,0,0.6605,0,0.013705892307630915,0,0.8283389210700989,0,,,,,0.3383333333333333,0,0,0,41,0,208,0,1
600,245,0.28,0.3,3,0.05,0.05,0.05,2,0.26,0.02775,1,0.005,hybrid,0.1,0.5,0.3,0.01,0.0020833333333333333,0.0048,8,0.75,0.2,8,16,0,2,true,0.585,0.75,1,worldModel,weighted,0,a2a0fec2,429,treatment,120,0.48089517060046394,0,0.2185,0,0.5265,0,0.6375,0,0.01708059186963737,0,0.9142570495605469,0,0.585,0,0.7483333333333333,0,0.25166666666666665,0,0,0,44,0,214,0,1
600,245,0.28,0.3,3,0.05,0.05,0.05,2,0.26,0.02775,1,0.005,hybrid,0.1,0.5,0.3,0.01,0.0020833333333333333,0.0048,8,0.75,0.2,8,16,0,2,false,0.585,0.75,1,worldModel,weighted,0,a2a0fec2,429,baseline,120,0.5042724698781967,0,0.2605,0,0.5465,0,0.6515,0,0.014673401374597373,0,0.9085906147956848,0,,,,,0.34,0,0,0,38,0,206,0,1
600,245,0.28,0.3,3,0.05,0.05,0.05,2,0.26,0.0295,1,0.005,hybrid,0.1,0.5,0.3,0.01,0.0020833333333333333,0.0048,8,0.75,0.2,8,16,0,2,true,0.585,0.75,1,worldModel,weighted,0,a2a0fec2,430,treatment,120,0.47838842726002134,0,0.2095,0,0.5225,0,0.6325,0,0.013389493876224725,0,0.7601406574249268,0,0.585,0,0.7683333333333333,0,0.23166666666666666,0,0,0,52,0,207,0,1
600,245,0.28,0.3,3,0.05,0.05,0.05,2,0.26,0.0295,1,0.005,hybrid,0.1,0.5,0.3,0.01,0.0020833333333333333,0.0048,8,0.75,0.2,8,16,0,2,false,0.585,0.75,1,worldModel,weighted,0,a2a0fec2,430,baseline,120,0.49761543000737823,0,0.2615,0,0.5475,0,0.6375,0,0.01303550138483799,0,0.7761484384536743,0,,,,,0.305,0,0,0,48,0,208,0,1
600,245,0.28,0.3,3,0.05,0.05,0.05,2,0.26,0.03125,1,0.005,hybrid,0.1,0.5,0.3,0.01,0.0020833333333333333,0.0048,8,0.75,0.2,8,16,0,2,true,0.585,0.75,1,worldModel,weighted,0,a2a0fec2,431,treatment,120,0.4711003784338633,0,0.2005,0,0.5035,0,0.6365,0,0.014800956774996463,0,0.8260917663574219,0,0.585,0,0.74,0,0.26,0,0,0,50,0,212,0,1
600,245,0.28,0.3,3,0.05,0.05,0.05,2,0.26,0.03125,1,0.005,hybrid,0.1,0.5,0.3,0.01,0.0020833333333333333,0.0048,8,0.75,0.2,8,16,0,2,false,0.585,0.75,1,worldModel,weighted,0,a2a0fec2,431,baseline,120,0.48798028300205865,0,0.2325,0,0.5255,0,0.6425,0,0.014258551097313102,0,0.8410705327987671,0,,,,,0.2633333333333333,0,0,0,47,0,209,0,1
600,245,0.28,0.3,3,0.05,0.05,0.05,2,0.26,0.033,1,0.005,hybrid,0.1,0.5,0.3,0.01,0.0020833333333333333,0.0048,8,0.75,0.2,8,16,0,2,true,0.585,0.75,1,worldModel,weighted,0,a2a0fec2,432,treatment,120,0.4734396179082493,0,0.1985,0,0.5075,0,0.6245,0,0.014392968612231575,0,0.814753532409668,0,0.585,0,0.775,0,0.225,0,0,0,49,0,211,0,1
600,245,0.28,0.3,3,0.05,0.05,0.05,2,0.26,0.033,1,0.005,hybrid,0.1,0.5,0.3,0.01,0.0020833333333333333,0.0048,8,0.75,0.2,8,16,0,2,false,0.585,0.75,1,worldModel,weighted,0,a2a0fec2,432,baseline,120,0.49940748951708275,0,0.2585,0,0.5335,0,0.6425,0,0.013900079129544819,0,0.9540993571281433,0,,,,,0.2833333333333333,0,0,0,45,0,213,0,1
600,245,0.28,0.3,3,0.05,0.05,0.05,2,0.26,0.03475,1,0.005,hybrid,0.1,0.5,0.3,0.01,0.0020833333333333333,0.0048,8,0.75,0.2,8,16,0,2,true,0.585,0.75,1,worldModel,weighted,0,a2a0fec2,433,treatment,120,0.4814934856568774,0,0.2315,0,0.5205,0,0.6245,0,0.014335121789875145,0,0.9506667852401733,0,0.585,0,0.745,0,0.255,0,0,0,45,0,210,0,1
600,245,0.28,0.3,3,0.05,0.05,0.05,2,0.26,0.03475,1,0.005,hybrid,0.1,0.5,0.3,0.01,0.0020833333333333333,0.0048,8,0.75,0.2,8,16,0,2,false,0.585,0.75,1,worldModel,weighted,0,a2a0fec2,433,baseline,120,0.4979322757696112,0,0.2315,0,0.5405,0,0.6335,0,0.01650445780564856,0,0.9506667852401733,0,,,,,0.29833333333333334,0,0,0,46,0,213,0,1
600,245,0.28,0.3,3,0.05,0.05,0.05,2,0.26,0.0365,1,0.005,hybrid,0.1,0.5,0.3,0.01,0.0020833333333333333,0.0048,8,0.75,0.2,8,16,0,2,true,0.585,0.75,1,worldModel,weighted,0,a2a0fec2,434,treatment,120,0.4620729908595482,0,0.2085,0,0.5005,0,0.5995,0,0.012488690663373289,0,0.8522528409957886,0,0.585,0,0.8633333333333333,0,0.13666666666666666,0,0,0,42,0,214,0,1
600,245,0.28,0.3,3,0.05,0.05,0.05,2,0.26,0.0365,1,0.005,hybrid,0.1,0.5,0.3,0.01,0.0020833333333333333,0.0048,8,0.75,0.2,8,16,0,2,false,0.585,0.75,1,worldModel,weighted,0,a2a0fec2,434,baseline,120,0.4847047131632765,0,0.2135,0,0.5225,0,0.6285,0,0.011665694558208622,0,0.8522528409957886,0,,,,,0.23666666666666666,0,0,0,48,0,215,0,1
600,245,0.28,0.3,3,0.05,0.05,0.05,2,0.26,0.03825,1,0.005,hybrid,0.1,0.5,0.3,0.01,0.0020833333333333333,0.0048,8,0.75,0.2,8,16,0,2,true,0.585,0.75,1,worldModel,weighted,0,a2a0fec2,435,treatment,120,0.467227487595131,0,0.2055,0,0.5025,0,0.6205,0,0.013558155913555768,0,0.8578965067863464,0,0.585,0,0.8216666666666667,0,0.17833333333333334,0,0,0,49,0,209,0,1
600,245,0.28,0.3,3,0.05,0.05,0.05,2,0.26,0.03825,1,0.005,hybrid,0.1,0.5,0.3,0.01,0.0020833333333333333,0.0048,8,0.75,0.2,8,16,0,2,false,0.585,0.75,1,worldModel,weighted,0,a2a0fec2,435,baseline,120,0.48668608723208306,0,0.2665,0,0.5225,0,0.6305,0,0.013382411363208039,0,0.8528131246566772,0,,,,,0.22333333333333333,0,0,0,39,0,208,0,1
600,245,0.28,0.3,3,0.05,0.05,0.05,2,0.26,0.04,1,0.005,hybrid,0.1,0.5,0.3,0.01,0.0020833333333333333,0.0048,8,0.75,0.2,8,16,0,2,true,0.585,0.75,1,worldModel,weighted,0,a2a0fec2,436,treatment,120,0.45985205225646497,0,0.1875,0,0.5035,0,0.6055,0,0.014783292951080019,0,0.9834546446800232,0,0.585,0,0.8316666666666667,0,0.16833333333333333,0,0,0,51,0,208,0,1
600,245,0.28,0.3,3,0.05,0.05,0.05,2,0.26,0.04,1,0.005,hybrid,0.1,0.5,0.3,0.01,0.0020833333333333333,0.0048,8,0.75,0.2,8,16,0,2,false,0.585,0.75,1,worldModel,weighted,0,a2a0fec2,436,baseline,120,0.491386838760227,0,0.2255,0,0.5325,0,0.6315,0,0.013749874031781408,0,0.9789226651191711,0,,,,,0.29333333333333333,0,0,0,56,0,207,0,1
600,245,0.28,0.3,3,0.05,0.05,0.05,2,0.26,0.04175,1,0.005,hybrid,0.1,0.5,0.3,0.01,0.0020833333333333333,0.0048,8,0.75,0.2,8,16,0,2,true,0.585,0.75,1,worldModel,weighted,0,a2a0fec2,437,treatment,120,0.44966524520888923,0,0.1905,0,0.4895,0,0.5965,0,0.015026964770557729,0,0.9532315135002136,0,0.585,0,0.875,0,0.125,0,0,0,43,0,210,0,1
600,245,0.28,0.3,3,0.05,0.05,0.05,2,0.26,0.04175,1,0.005,hybrid,0.1,0.5,0.3,0.01,0.0020833333333333333,0.0048,8,0.75,0.2,8,16,0,2,false,0.585,0.75,1,worldModel,weighted,0,a2a0fec2,437,baseline,120,0.4706185172249873,0,0.2335,0,0.5095,0,0.6185,0,0.013229472207139761,0,0.872607946395874,0,,,,,0.175,0,0,0,48,0,209,0,1
600,245,0.28,0.3,3,0.05,0.05,0.05,2,0.26,0.0435,1,0.005,hybrid,0.1,0.5,0.3,0.01,0.0020833333333333333,0.0048,8,0.75,0.2,8,16,0,2,true,0.585,0.75,1,worldModel,weighted,0,a2a0fec2,438,treatment,120,0.44829571986570954,0,0.1475,0,0.4935,0,0.5925,0,0.01617478330045118,0,0.8943110704421997,0,0.585,0,0.8783333333333333,0,0.12166666666666667,0,0,0,49,0,211,0,1
600,245,0.28,0.3,3,0.05,0.05,0.05,2,0.26,0.0435,1,0.005,hybrid,0.1,0.5,0.3,0.01,0.0020833333333333333,0.0048,8,0.75,0.2,8,16,0,2,false,0.585,0.75,1,worldModel,weighted,0,a2a0fec2,438,baseline,120,0.47069812851647536,0,0.1715,0,0.5215,0,0.6225,0,0.019982902853804083,0,0.9016710519790649,0,,,,,0.22,0,0,0,48,0,209,0,1
600,245,0.28,0.3,3,0.05,0.05,0.05,2,0.26,0.04525,1,0.005,hybrid,0.1,0.5,0.3,0.01,0.0020833333333333333,0.0048,8,0.75,0.2,8,16,0,2,true,0.585,0.75,1,worldModel,weighted,0,a2a0fec2,439,treatment,120,0.4588957887763778,0,0.1915,0,0.5005,0,0.5925,0,0.013206480149535852,0,0.8353237509727478,0,0.585,0,0.8733333333333333,0,0.12666666666666668,0,0,0,45,0,214,0,1
600,245,0.28,0.3,3,0.05,0.05,0.05,2,0.26,0.04525,1,0.005,hybrid,0.1,0.5,0.3,0.01,0.0020833333333333333,0.0048,8,0.75,0.2,8,16,0,2,false,0.585,0.75,1,worldModel,weighted,0,a2a0fec2,439,baseline,120,0.48449677020311355,0,0.2265,0,0.5235,0,0.6235,0,0.016450146367170546,0,0.8551558256149292,0,,,,,0.22166666666666668,0,0,0,45,0,214,0,1
600,245,0.28,0.3,3,0.05,0.05,0.05,2,0.26,0.047,1,0.005,hybrid,0.1,0.5,0.3,0.01,0.0020833333333333333,0.0048,8,0.75,0.2,8,16,0,2,true,0.585,0.75,1,worldModel,weighted,0,a2a0fec2,440,treatment,120,0.4444687599005798,0,0.1675,0,0.4895,0,0.5965,0,0.016530603786640993,0,0.8694550395011902,0,0.585,0,0.8833333333333333,0,0.11666666666666667,0,0,0,58,0,207,0,1
600,245,0.28,0.3,3,0.05,0.05,0.05,2,0.26,0.047,1,0.005,hybrid,0.1,0.5,0.3,0.01,0.0020833333333333333,0.0048,8,0.75,0.2,8,16,0,2,false,0.585,0.75,1,worldModel,weighted,0,a2a0fec2,440,baseline,120,0.4661304652442535,0,0.2065,0,0.5085,0,0.6075,0,0.014484827203288544,0,0.832248330116272,0,,,,,0.15833333333333333,0,0,0,48,0,213,0,1
