N,M,expertiseMean,expertiseSpread,expertiseSkew,entrantExpertiseMean,entrantExpertiseSpread,entrantExpertiseFloor,graphAttachment,transferRate,decayRate,learningRateSpread,personalLearningRate,mobilityMode,jumpProbability,competitionAversion,prestigeWeight,baseMoveProb,turnoverRate,learningCap,seniorTenureYears,aptitudeMean,aptitudeSpread,teachTopN,aboveMeanDrag,criticalMass,criticalMassSharpness,aiLevelFraction,aiDampeningBelow,aiDampeningAbove,graphSource,institutionSizing,candidateCap,worldModelFingerprint,comboIndex,replicate,t,meanE_baseline,meanE_treatment,meanE_shortfall,shareExpert_baseline,shareExpert_treatment,shareExpert_shortfall
600,245,0.28,0.3,3,0.05,0.05,0.05,2,0.08,0.012,1,0.005,hybrid,0.1,0.5,0.3,0.01,0.0020833333333333333,0.0048,8,0.75,0.2,8,16,0,2,0.585,0.75,1,worldModel,weighted,0,a2a0fec2,0,0,120,0.5013210293029745,0.4845118217356503,0.01680920756732418,0.32666666666666666,0.275,0.05166666666666664
600,245,0.28,0.3,3,0.05,0.05,0.05,2,0.08,0.01375,1,0.005,hybrid,0.1,0.5,0.3,0.01,0.0020833333333333333,0.0048,8,0.75,0.2,8,16,0,2,0.585,0.75,1,worldModel,weighted,0,a2a0fec2,1,0,120,0.5170371162767211,0.500075925582399,0.016961190694322115,0.4266666666666667,0.3516666666666667,0.07500000000000001
600,245,0.28,0.3,3,0.05,0.05,0.05,2,0.08,0.0155,1,0.005,hybrid,0.1,0.5,0.3,0.01,0.0020833333333333333,0.0048,8,0.75,0.2,8,16,0,2,0.585,0.75,1,worldModel,weighted,0,a2a0fec2,2,0,120,0.5038782769752046,0.4798882049818834,0.023990071993321205,0.37333333333333335,0.27,0.10333333333333333
600,245,0.28,0.3,3,0.05,0.05,0.05,2,0.08,0.01725,1,0.005,hybrid,0.1,0.5,0.3,0.01,0.0020833333333333333,0.0048,8,0.75,0.2,8,16,0,2,0.585,0.75,1,worldModel,weighted,0,a2a0fec2,3,0,120,0.4993598204168181,0.47657849884902437,0.022781321567793722,0.32166666666666666,0.26666666666666666,0.05499999999999999
600,245,0.28,0.3,3,0.05,0.05,0.05,2,0.08,0.019,1,0.005,hybrid,0.1,0.5,0.3,0.01,0.0020833333333333333,0.0048,8,0.75,0.2,8,16,0,2,0.585,0.75,1,worldModel,weighted,0,a2a0fec2,4,0,120,0.5052753253094852,0.47421236999953786,0.031062955309947293,0.3466666666666667,0.25,0.09666666666666668
600,245,0.28,0.3,3,0.05,0.05,0.05,2,0.08,0.02075,1,0.005,hybrid,0.1,0.5,0.3,0.01,0.0020833333333333333,0.0048,8,0.75,0.2,8,16,0,2,0.585,0.75,1,worldModel,weighted,0,a2a0fec2,5,0,120,0.5019910950399935,0.47795775833229226,0.024033336707701247,0.2866666666666667,0.21333333333333335,0.07333333333333333
600,245,0.28,0.3,3,0.05,0.05,0.05,2,0.08,0.0225,1,0.005,hybrid,0.1,0.5,0.3,0.01,0.0020833333333333333,0.0048,8,0.75,0.2,8,16,0,2,0.585,0.75,1,worldModel,weighted,0,a2a0fec2,6,0,120,0.5083909379442533,0.48584048375487326,0.02255045418938001,0.33,0.255,0.07500000000000001
600,245,0.28,0.3,3,0.05,0.05,0.05,2,0.08,0.02425,1,0.005,hybrid,0.1,0.5,0.3,0.01,0.0020833333333333333,0.0048,8,0.75,0.2,8,16,0,2,0.585,0.75,1,worldModel,weighted,0,a2a0fec2,7,0,120,0.4758638685444991,0.45466287912180026,0.021200989422698824,0.21666666666666667,0.14833333333333334,0.06833333333333333
600,245,0.28,0.3,3,0.05,0.05,0.05,2,0.08,0.026,1,0.005,hybrid,0.1,0.5,0.3,0.01,0.0020833333333333333,0.0048,8,0.75,0.2,8,16,0,2,0.585,0.75,1,worldModel,weighted,0,a2a0fec2,8,0,120,0.47452184641733763,0.4567828305438161,0.017739015873521558,0.19,0.15166666666666667,0.03833333333333333
600,245,0.28,0.3,3,0.05,0.05,0.05,2,0.08,0.02775,1,0.005,hybrid,0.1,0.5,0.3,0.01,0.0020833333333333333,0.0048,8,0.75,0.2,8,16,0,2,0.585,0.75,1,worldModel,weighted,0,a2a0fec2,9,0,120,0.47268829713265104,0.4533013865910471,0.019386910541603963,0.20333333333333334,0.17333333333333334,0.03
600,245,0.28,0.3,3,0.05,0.05,0.05,2,0.08,0.0295,1,0.005,hybrid,0.1,0.5,0.3,0.01,0.0020833333333333333,0.0048,8,0.75,0.2,8,16,0,2,0.585,0.75,1,worldModel,weighted,0,a2a0fec2,10,0,120,0.4847483836176495,0.46354462950179975,0.021203754115849738,0.26666666666666666,0.14833333333333334,0.11833333333333332
600,245,0.28,0.3,3,0.05,0.05,0.05,2,0.08,0.03125,1,0.005,hybrid,0.1,0.5,0.3,0.01,0.0020833333333333333,0.0048,8,0.75,0.2,8,16,0,2,0.585,0.75,1,worldModel,weighted,0,a2a0fec2,11,0,120,0.4802267470955849,0.4559971777846416,0.024229569310943277,0.23666666666666666,0.14333333333333334,0.09333333333333332
600,245,0.28,0.3,3,0.05,0.05,0.05,2,0.08,0.033,1,0.005,hybrid,0.1,0.5,0.3,0.01,0.0020833333333333333,0.0048,8,0.75,0.2,8,16,0,2,0.585,0.75,1,worldModel,weighted,0,a2a0fec2,12,0,120,0.477496158418556,0.45624529050663115,0.021250867911924876,0.17,0.12333333333333334,0.046666666666666676
600,245,0.28,0.3,3,0.05,0.05,0.05,2,0.08,0.03475,1,0.005,hybrid,0.1,0.5,0.3,0.01,0.0020833333333333333,0.0048,8,0.75,0.2,8,16,0,2,0.585,0.75,1,worldModel,weighted,0,a2a0fec2,13,0,120,0.46988613381360966,0.4413162587520977,0.028569875061511985,0.175,0.125,0.04999999999999999
600,245,0.28,0.3,3,0.05,0.05,0.05,2,0.08,0.0365,1,0.005,hybrid,0.1,0.5,0.3,0.01,0.0020833333333333333,0.0048,8,0.75,0.2,8,16,0,2,0.585,0.75,1,worldModel,weighted,0,a2a0fec2,14,0,120,0.46576582541068395,0.4559727987088263,0.009793026701857666,0.18,0.15333333333333332,0.026666666666666672
600,245,0.28,0.3,3,0.05,0.05,0.05,2,0.08,0.03825,1,0.005,hybrid,0.1,0.5,0.3,0.01,0.0020833333333333333,0.0048,8,0.75,0.2,8,16,0,2,0.585,0.75,1,worldModel,weighted,0,a2a0fec2,15,0,120,0.4637340933457017,0.4385230861355861,0.0252110072101156,0.16166666666666665,0.10333333333333333,0.05833333333333332
600,245,0.28,0.3,3,0.05,0.05,0.05,2,0.08,0.04,1,0.005,hybrid,0.1,0.5,0.3,0.01,0.0020833333333333333,0.0048,8,0.75,0.2,8,16,0,2,0.585,0.75,1,worldModel,weighted,0,a2a0fec2,16,0,120,0.47181540430213015,0.44476292041440807,0.02705248388772208,0.165,0.10333333333333333,0.061666666666666675
600,245,0.28,0.3,3,0.05,0.05,0.05,2,0.08,0.04175,1,0.005,hybrid,0.1,0.5,0.3,0.01,0.0020833333333333333,0.0048,8,0.75,0.2,8,16,0,2,0.585,0.75,1,worldModel,weighted,0,a2a0fec2,17,0,120,0.4740703752512733,0.44976994587729374,0.024300429373979582,0.17,0.09833333333333333,0.07166666666666668
600,245,0.28,0.3,3,0.05,0.05,0.05,2,0.08,0.0435,1,0.005,hybrid,0.1,0.5,0.3,0.01,0.0020833333333333333,0.0048,8,0.75,0.2,8,16,0,2,0.585,0.75,1,worldModel,weighted,0,a2a0fec2,18,0,120,0.4676236964762211,0.45570978126178185,0.011913915214439241,0.10166666666666667,0.09333333333333334,0.008333333333333331
600,245,0.28,0.3,3,0.05,0.05,0.05,2,0.08,0.04525,1,0.005,hybrid,0.1,0.5,0.3,0.01,0.0020833333333333333,0.0048,8,0.75,0.2,8,16,0,2,0.585,0.75,1,worldModel,weighted,0,a2a0fec2,19,0,120,0.46011296978841226,0.44598136883229017,0.014131600956122092,0.14333333333333334,0.11666666666666667,0.026666666666666672
600,245,0.28,0.3,3,0.05,0.05,0.05,2,0.08,0.047,1,0.005,hybrid,0.1,0.5,0.3,0.01,0.0020833333333333333,0.0048,8,0.75,0.2,8,16,0,2,0.585,0.75,1,worldModel,weighted,0,a2a0fec2,20,0,120,0.46383068107068537,0.4408074692947169,0.023023211775968444,0.17833333333333334,0.10666666666666667,0.07166666666666667
600,245,0.28,0.3,3,0.05,0.05,0.05,2,0.089,0.012,1,0.005,hybrid,0.1,0.5,0.3,0.01,0.0020833333333333333,0.0048,8,0.75,0.2,8,16,0,2,0.585,0.75,1,worldModel,weighted,0,a2a0fec2,21,0,120,0.5187632038754721,0.4942695361934602,0.024493667682011944,0.43666666666666665,0.3516666666666667,0.08499999999999996
600,245,0.28,0.3,3,0.05,0.05,0.05,2,0.089,0.01375,1,0.005,hybrid,0.1,0.5,0.3,0.01,0.0020833333333333333,0.0048,8,0.75,0.2,8,16,0,2,0.585,0.75,1,worldModel,weighted,0,a2a0fec2,22,0,120,0.5122228409039478,0.49900697643558184,0.013215864468365923,0.4116666666666667,0.3416666666666667,0.07
600,245,0.28,0.3,3,0.05,0.05,0.05,2,0.089,0.0155,1,0.005,hybrid,0.1,0.5,0.3,0.01,0.0020833333333333333,0.0048,8,0.75,0.2,8,16,0,2,0.585,0.75,1,worldModel,weighted,0,a2a0fec2,23,0,120,0.5053301369026303,0.4867862429842353,0.018543893918395005,0.3566666666666667,0.29833333333333334,0.05833333333333335
600,245,0.28,0.3,3,0.05,0.05,0.05,2,0.089,0.01725,1,0.005,hybrid,0.1,0.5,0.3,0.01,0.0020833333333333333,0.0048,8,0.75,0.2,8,16,0,2,0.585,0.75,1,worldModel,weighted,0,a2a0fec2,24,0,120,0.5071690873925885,0.48220845378314453,0.02496063360944395,0.3383333333333333,0.24666666666666667,0.09166666666666665
600,245,0.28,0.3,3,0.05,0.05,0.05,2,0.089,0.019,1,0.005,hybrid,0.1,0.5,0.3,0.01,0.0020833333333333333,0.0048,8,0.75,0.2,8,16,0,2,0.585,0.75,1,worldModel,weighted,0,a2a0fec2,25,0,120,0.50622049536556,0.48946258224546907,0.01675791312009095,0.365,0.29,0.07500000000000001
600,245,0.28,0.3,3,0.05,0.05,0.05,2,0.089,0.02075,1,0.005,hybrid,0.1,0.5,0.3,0.01,0.0020833333333333333,0.0048,8,0.75,0.2,8,16,0,2,0.585,0.75,1,worldModel,weighted,0,a2a0fec2,26,0,120,0.4970110350350539,0.4777717733445267,0.0192392616905272,0.31166666666666665,0.26,0.05166666666666664
600,245,0.28,0.3,3,0.05,0.05,0.05,2,0.089,0.0225,1,0.005,hybrid,0.1,0.5,0.3,0.01,0.0020833333333333333,0.0048,8,0.75,0.2,8,16,0,2,0.585,0.75,1,worldModel,weighted,0,a2a0fec2,27,0,120,0.5003857866612573,0.4713895697084566,0.028996216952800746,0.35333333333333333,0.235,0.11833333333333335
600,245,0.28,0.3,3,0.05,0.05,0.05,2,0.089,0.02425,1,0.005,hybrid,0.1,0.5,0.3,0.01,0.0020833333333333333,0.0048,8,0.75,0.2,8,16,0,2,0.585,0.75,1,worldModel,weighted,0,a2a0fec2,28,0,120,0.5006152636309464,0.47731485090528925,0.023300412725657194,0.33,0.23833333333333334,0.09166666666666667
600,245,0.28,0.3,3,0.05,0.05,0.05,2,0.089,0.026,1,0.005,hybrid,0.1,0.5,0.3,0.01,0.0020833333333333333,0.0048,8,0.75,0.2,8,16,0,2,0.585,0.75,1,worldModel,weighted,0,a2a0fec2,29,0,120,0.4943647844841083,0.47397507751360535,0.020389706970502963,0.28,0.2,0.08000000000000002
600,245,0.28,0.3,3,0.05,0.05,0.05,2,0.089,0.02775,1,0.005,hybrid,0.1,0.5,0.3,0.01,0.0020833333333333333,0.0048,8,0.75,0.2,8,16,0,2,0.585,0.75,1,worldModel,weighted,0,a2a0fec2,30,0,120,0.49010594442486766,0.4624249983765185,0.027680946048349142,0.27,0.19333333333333333,0.07666666666666669
600,245,0.28,0.3,3,0.05,0.05,0.05,2,0.089,0.0295,1,0.005,hybrid,0.1,0.5,0.3,0.01,0.0020833333333333333,0.0048,8,0.75,0.2,8,16,0,2,0.585,0.75,1,worldModel,weighted,0,a2a0fec2,31,0,120,0.4670435697895785,0.44545866108809906,0.021584908701479444,0.19166666666666668,0.16166666666666665,0.030000000000000027
600,245,0.28,0.3,3,0.05,0.05,0.05,2,0.089,0.03125,1,0.005,hybrid,0.1,0.5,0.3,0.01,0.0020833333333333333,0.0048,8,0.75,0.2,8,16,0,2,0.585,0.75,1,worldModel,weighted,0,a2a0fec2,32,0,120,0.4679795092344284,0.45431439062580464,0.013665118608623739,0.14666666666666667,0.10166666666666667,0.045
600,245,0.28,0.3,3,0.05,0.05,0.05,2,0.089,0.033,1,0.005,hybrid,0.1,0.5,0.3,0.01,0.0020833333333333333,0.0048,8,0.75,0.2,8,16,0,2,0.585,0.75,1,worldModel,weighted,0,a2a0fec2,33,0,120,0.48360372106855115,0.45521858068803944,0.02838514038051171,0.20666666666666667,0.11333333333333333,0.09333333333333334
600,245,0.28,0.3,3,0.05,0.05,0.05,2,0.089,0.03475,1,0.005,hybrid,0.1,0.5,0.3,0.01,0.0020833333333333333,0.0048,8,0.75,0.2,8,16,0,2,0.585,0.75,1,worldModel,weighted,0,a2a0fec2,34,0,120,0.48775563927367327,0.46470373606930176,0.023051903204371504,0.2966666666666667,0.24166666666666667,0.05500000000000002
600,245,0.28,0.3,3,0.05,0.05,0.05,2,0.089,0.0365,1,0.005,hybrid,0.1,0.5,0.3,0.01,0.0020833333333333333,0.0048,8,0.75,0.2,8,16,0,2,0.585,0.75,1,worldModel,weighted,0,a2a0fec2,35,0,120,0.47674913666521507,0.45883611037085453,0.017913026294360535,0.17,0.13333333333333333,0.03666666666666668
600,245,0.28,0.3,3,0.05,0.05,0.05,2,0.089,0.03825,1,0.005,hybrid,0.1,0.5,0.3,0.01,0.0020833333333333333,0.0048,8,0.75,0.2,8,16,0,2,0.585,0.75,1,worldModel,weighted,0,a2a0fec2,36,0,120,0.47452369395643473,0.460446739072601,0.014076954883833759,0.18333333333333332,0.135,0.04833333333333331
600,245,0.28,0.3,3,0.05,0.05,0.05,2,0.089,0.04,1,0.005,hybrid,0.1,0.5,0.3,0.01,0.0020833333333333333,0.0048,8,0.75,0.2,8,16,0,2,0.585,0.75,1,worldModel,weighted,0,a2a0fec2,37,0,120,0.4585676316047708,0.4407425660826266,0.017825065522144246,0.11,0.12166666666666667,-0.011666666666666672
600,245,0.28,0.3,3,0.05,0.05,0.05,2,0.089,0.04175,1,0.005,hybrid,0.1,0.5,0.3,0.01,0.0020833333333333333,0.0048,8,0.75,0.2,8,16,0,2,0.585,0.75,1,worldModel,weighted,0,a2a0fec2,38,0,120,0.46512324263031285,0.4399058637581766,0.025217378872136265,0.16333333333333333,0.12,0.043333333333333335
600,245,0.28,0.3,3,0.05,0.05,0.05,2,0.089,0.0435,1,0.005,hybrid,0.1,0.5,0.3,0.01,0.0020833333333333333,0.0048,8,0.75,0.2,8,16,0,2,0.585,0.75,1,worldModel,weighted,0,a2a0fec2,39,0,120,0.46372621862217783,0.440817809086293,0.022908409535884855,0.155,0.11333333333333333,0.04166666666666667
600,245,0.28,0.3,3,0.05,0.05,0.05,2,0.089,0.04525,1,0.005,hybrid,0.1,0.5,0.3,0.01,0.0020833333333333333,0.0048,8,0.75,0.2,8,16,0,2,0.585,0.75,1,worldModel,weighted,0,a2a0fec2,40,0,120,0.46680411986385784,0.44394277180855474,0.0228613480553031,0.18166666666666667,0.10833333333333334,0.07333333333333333
600,245,0.28,0.3,3,0.05,0.05,0.05,2,0.089,0.047,1,0.005,hybrid,0.1,0.5,0.3,0.01,0.0020833333333333333,0.0048,8,0.75,0.2,8,16,0,2,0.585,0.75,1,worldModel,weighted,0,a2a0fec2,41,0,120,0.4650240978660683,0.43295959908515214,0.03206449878091616,0.08166666666666667,0.041666666666666664,0.04
600,245,0.28,0.3,3,0.05,0.05,0.05,2,0.098,0.012,1,0.005,hybrid,0.1,0.5,0.3,0.01,0.0020833333333333333,0.0048,8,0.75,0.2,8,16,0,2,0.585,0.75,1,worldModel,weighted,0,a2a0fec2,42,0,120,0.5131046004717549,0.4973230574528376,0.015781543018917266,0.39166666666666666,0.3283333333333333,0.06333333333333335
600,245,0.28,0.3,3,0.05,0.05,0.05,2,0.098,0.01375,1,0.005,hybrid,0.1,0.5,0.3,0.01,0.0020833333333333333,0.0048,8,0.75,0.2,8,16,0,2,0.585,0.75,1,worldModel,weighted,0,a2a0fec2,43,0,120,0.5110128414382538,0.48473949535439415,0.026273346083859617,0.3883333333333333,0.285,0.10333333333333333
600,245,0.28,0.3,3,0.05,0.05,0.05,2,0.098,0.0155,1,0.005,hybrid,0.1,0.5,0.3,0.01,0.0020833333333333333,0.0048,8,0.75,0.2,8,16,0,2,0.585,0.75,1,worldModel,weighted,0,a2a0fec2,44,0,120,0.5137734817278882,0.4922015273508926,0.02157195437699555,0.37,0.30666666666666664,0.06333333333333335
600,245,0.28,0.3,3,0.05,0.05,0.05,2,0.098,0.01725,1,0.005,hybrid,0.1,0.5,0.3,0.01,0.0020833333333333333,0.0048,8,0.75,0.2,8,16,0,2,0.585,0.75,1,worldModel,weighted,0,a2a0fec2,45,0,120,0.5139669341718157,0.48698951677108804,0.026977417400727677,0.405,0.2966666666666667,0.10833333333333334
600,245,0.28,0.3,3,0.05,0.05,0.05,2,0.098,0.019,1,0.005,hybrid,0.1,0.5,0.3,0.01,0.0020833333333333333,0.0048,8,0.75,0.2,8,16,0,2,0.585,0.75,1,worldModel,weighted,0,a2a0fec2,46,0,120,0.527361334785819,0.5088896324423452,0.01847170234347384,0.42333333333333334,0.37333333333333335,0.04999999999999999
600,245,0.28,0.3,3,0.05,0.05,0.05,2,0.098,0.02075,1,0.005,hybrid,0.1,0.5,0.3,0.01,0.0020833333333333333,0.0048,8,0.75,0.2,8,16,0,2,0.585,0.75,1,worldModel,weighted,0,a2a0fec2,47,0,120,0.5036881850411494,0.4839782119604448,0.0197099730807046,0.315,0.23666666666666666,0.07833333333333334
600,245,0.28,0.3,3,0.05,0.05,0.05,2,0.098,0.0225,1,0.005,hybrid,0.1,0.5,0.3,0.01,0.0020833333333333333,0.0048,8,0.75,0.2,8,16,0,2,0.585,0.75,1,worldModel,weighted,0,a2a0fec2,48,0,120,0.49418958126877743,0.4693902019225061,0.024799379346271355,0.32,0.22,0.1
600,245,0.28,0.3,3,0.05,0.05,0.05,2,0.098,0.02425,1,0.005,hybrid,0.1,0.5,0.3,0.01,0.0020833333333333333,0.0048,8,0.75,0.2,8,16,0,2,0.585,0.75,1,worldModel,weighted,0,a2a0fec2,49,0,120,0.5100920799995462,0.4906814101773004,0.01941066982224582,0.355,0.27666666666666667,0.07833333333333331
600,245,0.28,0.3,3,0.05,0.05,0.05,2,0.098,0.026,1,0.005,hybrid,0.1,0.5,0.3,0.01,0.0020833333333333333,0.0048,8,0.75,0.2,8,16,0,2,0.585,0.75,1,worldModel,weighted,0,a2a0fec2,50,0,120,0.4908428051136434,0.45936991612737377,0.031472888986269654,0.29333333333333333,0.19166666666666668,0.10166666666666666
600,245,0.28,0.3,3,0.05,0.05,0.05,2,0.098,0.02775,1,0.005,hybrid,0.1,0.5,0.3,0.01,0.0020833333333333333,0.0048,8,0.75,0.2,8,16,0,2,0.585,0.75,1,worldModel,weighted,0,a2a0fec2,51,0,120,0.49190905729308726,0.47222374061122535,0.01968531668186191,0.25,0.23666666666666666,0.013333333333333336
600,245,0.28,0.3,3,0.05,0.05,0.05,2,0.098,0.0295,1,0.005,hybrid,0.1,0.5,0.3,0.01,0.0020833333333333333,0.0048,8,0.75,0.2,8,16,0,2,0.585,0.75,1,worldModel,weighted,0,a2a0fec2,52,0,120,0.4872646535622577,0.46095098059003553,0.026313672972222146,0.245,0.15166666666666667,0.09333333333333332
600,245,0.28,0.3,3,0.05,0.05,0.05,2,0.098,0.03125,1,0.005,hybrid,0.1,0.5,0.3,0.01,0.0020833333333333333,0.0048,8,0.75,0.2,8,16,0,2,0.585,0.75,1,worldModel,weighted,0,a2a0fec2,53,0,120,0.49707481410354376,0.4798333271158238,0.017241486987719934,0.34,0.21,0.13000000000000003
600,245,0.28,0.3,3,0.05,0.05,0.05,2,0.098,0.033,1,0.005,hybrid,0.1,0.5,0.3,0.01,0.0020833333333333333,0.0048,8,0.75,0.2,8,16,0,2,0.585,0.75,1,worldModel,weighted,0,a2a0fec2,54,0,120,0.4908960208358864,0.4701557746777932,0.020740246158093223,0.2633333333333333,0.20666666666666667,0.05666666666666664
600,245,0.28,0.3,3,0.05,0.05,0.05,2,0.098,0.03475,1,0.005,hybrid,0.1,0.5,0.3,0.01,0.0020833333333333333,0.0048,8,0.75,0.2,8,16,0,2,0.585,0.75,1,worldModel,weighted,0,a2a0fec2,55,0,120,0.4806795774710675,0.4566961211152375,0.02398345635582999,0.21666666666666667,0.15166666666666667,0.065
600,245,0.28,0.3,3,0.05,0.05,0.05,2,0.098,0.0365,1,0.005,hybrid,0.1,0.5,0.3,0.01,0.0020833333333333333,0.0048,8,0.75,0.2,8,16,0,2,0.585,0.75,1,worldModel,weighted,0,a2a0fec2,56,0,120,0.47829102852692207,0.46013921008134884,0.01815181844557323,0.18833333333333332,0.13666666666666666,0.051666666666666666
600,245,0.28,0.3,3,0.05,0.05,0.05,2,0.098,0.03825,1,0.005,hybrid,0.1,0.5,0.3,0.01,0.0020833333333333333,0.0048,8,0.75,0.2,8,16,0,2,0.585,0.75,1,worldModel,weighted,0,a2a0fec2,57,0,120,0.47506251390402515,0.4581618318458398,0.016900682058185346,0.21333333333333335,0.12,0.09333333333333335
600,245,0.28,0.3,3,0.05,0.05,0.05,2,0.098,0.04,1,0.005,hybrid,0.1,0.5,0.3,0.01,0.0020833333333333333,0.0048,8,0.75,0.2,8,16,0,2,0.585,0.75,1,worldModel,weighted,0,a2a0fec2,58,0,120,0.4779521096435686,0.4594283930088083,0.018523716634760323,0.22,0.12833333333333333,0.09166666666666667
600,245,0.28,0.3,3,0.05,0.05,0.05,2,0.098,0.04175,1,0.005,hybrid,0.1,0.5,0.3,0.01,0.0020833333333333333,0.0048,8,0.75,0.2,8,16,0,2,0.585,0.75,1,worldModel,weighted,0,a2a0fec2,59,0,120,0.4642993381929894,0.4350653053633869,0.02923403282960252,0.18333333333333332,0.09166666666666666,0.09166666666666666
600,245,0.28,0.3,3,0.05,0.05,0.05,2,0.098,0.0435,1,0.005,hybrid,0.1,0.5,0.3,0.01,0.0020833333333333333,0.0048,8,0.75,0.2,8,16,0,2,0.585,0.75,1,worldModel,weighted,0,a2a0fec2,60,0,120,0.47145778346806766,0.4519809202477336,0.01947686322033404,0.21333333333333335,0.12166666666666667,0.09166666666666667
600,245,0.28,0.3,3,0.05,0.05,0.05,2,0.098,0.04525,1,0.005,hybrid,0.1,0.5,0.3,0.01,0.0020833333333333333,0.0048,8,0.75,0.2,8,16,0,2,0.585,0.75,1,worldModel,weighted,0,a2a0fec2,61,0,120,0.45593643908078474,0.43615914325540267,0.01977729582538207,0.11166666666666666,0.08,0.03166666666666666
600,245,0.28,0.3,3,0.05,0.05,0.05,2,0.098,0.047,1,0.005,hybrid,0.1,0.5,0.3,0.01,0.0020833333333333333,0.0048,8,0.75,0.2,8,16,0,2,0.585,0.75,1,worldModel,weighted,0,a2a0fec2,62,0,120,0.47396263654033344,0.44525302400191624,0.028709612538417195,0.12833333333333333,0.075,0.05333333333333333
600,245,0.28,0.3,3,0.05,0.05,0.05,2,0.107,0.012,1,0.005,hybrid,0.1,0.5,0.3,0.01,0.0020833333333333333,0.0048,8,0.75,0.2,8,16,0,2,0.585,0.75,1,worldModel,weighted,0,a2a0fec2,63,0,120,0.5006240953567127,0.47993281750629346,0.020691277850419243,0.3566666666666667,0.2833333333333333,0.07333333333333336
600,245,0.28,0.3,3,0.05,0.05,0.05,2,0.107,0.01375,1,0.005,hybrid,0.1,0.5,0.3,0.01,0.0020833333333333333,0.0048,8,0.75,0.2,8,16,0,2,0.585,0.75,1,worldModel,weighted,0,a2a0fec2,64,0,120,0.517547087992231,0.49295072196051476,0.024596366031716277,0.4066666666666667,0.335,0.07166666666666666
600,245,0.28,0.3,3,0.05,0.05,0.05,2,0.107,0.0155,1,0.005,hybrid,0.1,0.5,0.3,0.01,0.0020833333333333333,0.0048,8,0.75,0.2,8,16,0,2,0.585,0.75,1,worldModel,weighted,0,a2a0fec2,65,0,120,0.5079459976094465,0.4886342223112782,0.0193117752981683,0.35333333333333333,0.29,0.06333333333333335
600,245,0.28,0.3,3,0.05,0.05,0.05,2,0.107,0.01725,1,0.005,hybrid,0.1,0.5,0.3,0.01,0.0020833333333333333,0.0048,8,0.75,0.2,8,16,0,2,0.585,0.75,1,worldModel,weighted,0,a2a0fec2,66,0,120,0.5062498468657335,0.4822351612709463,0.0240146855947872,0.355,0.2633333333333333,0.09166666666666667
600,245,0.28,0.3,3,0.05,0.05,0.05,2,0.107,0.019,1,0.005,hybrid,0.1,0.5,0.3,0.01,0.0020833333333333333,0.0048,8,0.75,0.2,8,16,0,2,0.585,0.75,1,worldModel,weighted,0,a2a0fec2,67,0,120,0.5112314564051728,0.49400890327369174,0.017222553131481022,0.42833333333333334,0.3433333333333333,0.08500000000000002
600,245,0.28,0.3,3,0.05,0.05,0.05,2,0.107,0.02075,1,0.005,hybrid,0.1,0.5,0.3,0.01,0.0020833333333333333,0.0048,8,0.75,0.2,8,16,0,2,0.585,0.75,1,worldModel,weighted,0,a2a0fec2,68,0,120,0.5030464735006293,0.48667860055342316,0.016367872947206097,0.31333333333333335,0.26,0.053333333333333344
600,245,0.28,0.3,3,0.05,0.05,0.05,2,0.107,0.0225,1,0.005,hybrid,0.1,0.5,0.3,0.01,0.0020833333333333333,0.0048,8,0.75,0.2,8,16,0,2,0.585,0.75,1,worldModel,weighted,0,a2a0fec2,69,0,120,0.4935672404182454,0.4730241528774301,0.020543087540815297,0.2866666666666667,0.21666666666666667,0.07
600,245,0.28,0.3,3,0.05,0.05,0.05,2,0.107,0.02425,1,0.005,hybrid,0.1,0.5,0.3,0.01,0.0020833333333333333,0.0048,8,0.75,0.2,8,16,0,2,0.585,0.75,1,worldModel,weighted,0,a2a0fec2,70,0,120,0.4805436687543988,0.4611984098951022,0.01934525885929661,0.215,0.14166666666666666,0.07333333333333333
600,245,0.28,0.3,3,0.05,0.05,0.05,2,0.107,0.026,1,0.005,hybrid,0.1,0.5,0.3,0.01,0.0020833333333333333,0.0048,8,0.75,0.2,8,16,0,2,0.585,0.75,1,worldModel,weighted,0,a2a0fec2,71,0,120,0.5058975195263823,0.4761796352081001,0.029717884318282206,0.30833333333333335,0.2,0.10833333333333334
600,245,0.28,0.3,3,0.05,0.05,0.05,2,0.107,0.02775,1,0.005,hybrid,0.1,0.5,0.3,0.01,0.0020833333333333333,0.0048,8,0.75,0.2,8,16,0,2,0.585,0.75,1,worldModel,weighted,0,a2a0fec2,72,0,120,0.48032941623901326,0.45537417019406956,0.024955246044943702,0.21666666666666667,0.155,0.061666666666666675
600,245,0.28,0.3,3,0.05,0.05,0.05,2,0.107,0.0295,1,0.005,hybrid,0.1,0.5,0.3,0.01,0.0020833333333333333,0.0048,8,0.75,0.2,8,16,0,2,0.585,0.75,1,worldModel,weighted,0,a2a0fec2,73,0,120,0.4832711128517985,0.4625361061344544,0.02073500671734413,0.29333333333333333,0.23666666666666666,0.05666666666666667
600,245,0.28,0.3,3,0.05,0.05,0.05,2,0.107,0.03125,1,0.005,hybrid,0.1,0.5,0.3,0.01,0.0020833333333333333,0.0048,8,0.75,0.2,8,16,0,2,0.585,0.75,1,worldModel,weighted,0,a2a0fec2,74,0,120,0.4810605308289329,0.4620420077443123,0.019018523084620598,0.17666666666666667,0.14166666666666666,0.035
600,245,0.28,0.3,3,0.05,0.05,0.05,2,0.107,0.033,1,0.005,hybrid,0.1,0.5,0.3,0.01,0.0020833333333333333,0.0048,8,0.75,0.2,8,16,0,2,0.585,0.75,1,worldModel,weighted,0,a2a0fec2,75,0,120,0.46217341444144644,0.43279731907571356,0.02937609536573288,0.18666666666666668,0.1,0.08666666666666667
600,245,0.28,0.3,3,0.05,0.05,0.05,2,0.107,0.03475,1,0.005,hybrid,0.1,0.5,0.3,0.01,0.0020833333333333333,0.0048,8,0.75,0.2,8,16,0,2,0.585,0.75,1,worldModel,weighted,0,a2a0fec2,76,0,120,0.47346678234015904,0.4493134951467315,0.02415328719342752,0.17333333333333334,0.11333333333333333,0.06000000000000001
600,245,0.28,0.3,3,0.05,0.05,0.05,2,0.107,0.0365,1,0.005,hybrid,0.1,0.5,0.3,0.01,0.0020833333333333333,0.0048,8,0.75,0.2,8,16,0,2,0.585,0.75,1,worldModel,weighted,0,a2a0fec2,77,0,120,0.47536415250351033,0.4462290653027594,0.02913508720075092,0.19333333333333333,0.10333333333333333,0.09
600,245,0.28,0.3,3,0.05,0.05,0.05,2,0.107,0.03825,1,0.005,hybrid,0.1,0.5,0.3,0.01,0.0020833333333333333,0.0048,8,0.75,0.2,8,16,0,2,0.585,0.75,1,worldModel,weighted,0,a2a0fec2,78,0,120,0.4720645509287715,0.44883604399239024,0.023228506936381232,0.15833333333333333,0.09,0.06833333333333333
600,245,0.28,0.3,3,0.05,0.05,0.05,2,0.107,0.04,1,0.005,hybrid,0.1,0.5,0.3,0.01,0.0020833333333333333,0.0048,8,0.75,0.2,8,16,0,2,0.585,0.75,1,worldModel,weighted,0,a2a0fec2,79,0,120,0.4591323753260076,0.4392674174904823,0.019864957835525276,0.15166666666666667,0.105,0.046666666666666676
600,245,0.28,0.3,3,0.05,0.05,0.05,2,0.107,0.04175,1,0.005,hybrid,0.1,0.5,0.3,0.01,0.0020833333333333333,0.0048,8,0.75,0.2,8,16,0,2,0.585,0.75,1,worldModel,weighted,0,a2a0fec2,80,0,120,0.4745604721705119,0.45812226133421063,0.01643821083630126,0.225,0.185,0.04000000000000001
600,245,0.28,0.3,3,0.05,0.05,0.05,2,0.107,0.0435,1,0.005,hybrid,0.1,0.5,0.3,0.01,0.0020833333333333333,0.0048,8,0.75,0.2,8,16,0,2,0.585,0.75,1,worldModel,weighted,0,a2a0fec2,81,0,120,0.46570995656152564,0.4339912663958967,0.03171869016562895,0.11,0.075,0.035
600,245,0.28,0.3,3,0.05,0.05,0.05,2,0.107,0.04525,1,0.005,hybrid,0.1,0.5,0.3,0.01,0.0020833333333333333,0.0048,8,0.75,0.2,8,16,0,2,0.585,0.75,1,worldModel,weighted,0,a2a0fec2,82,0,120,0.4641584872206052,0.44246021470675867,0.02169827251384654,0.12,0.055,0.065
600,245,0.28,0.3,3,0.05,0.05,0.05,2,0.107,0.047,1,0.005,hybrid,0.1,0.5,0.3,0.01,0.0020833333333333333,0.0048,8,0.75,0.2,8,16,0,2,0.585,0.75,1,worldModel,weighted,0,a2a0fec2,83,0,120,0.4789930372747282,0.4535398757519821,0.02545316152274607,0.17666666666666667,0.08833333333333333,0.08833333333333333
600,245,0.28,0.3,3,0.05,0.05,0.05,2,0.116,0.012,1,0.005,hybrid,0.1,0.5,0.3,0.01,0.0020833333333333333,0.0048,8,0.75,0.2,8,16,0,2,0.585,0.75,1,worldModel,weighted,0,a2a0fec2,84,0,120,0.5105485853676994,0.48589960045491654,0.02464898491278289,0.44166666666666665,0.37166666666666665,0.07
600,245,0.28,0.3,3,0.05,0.05,0.05,2,0.116,0.01375,1,0.005,hybrid,0.1,0.5,0.3,0.01,0.0020833333333333333,0.0048,8,0.75,0.2,8,16,0,2,0.585,0.75,1,worldModel,weighted,0,a2a0fec2,85,0,120,0.508288994791607,0.4892713541910052,0.01901764060060185,0.3883333333333333,0.34833333333333333,0.03999999999999998
600,245,0.28,0.3,3,0.05,0.05,0.05,2,0.116,0.0155,1,0.005,hybrid,0.1,0.5,0.3,0.01,0.0020833333333333333,0.0048,8,0.75,0.2,8,16,0,2,0.585,0.75,1,worldModel,weighted,0,a2a0fec2,86,0,120,0.519661260433495,0.5091920041789612,0.010469256254533876,0.43666666666666665,0.375,0.06166666666666665
600,245,0.28,0.3,3,0.05,0.05,0.05,2,0.116,0.01725,1,0.005,hybrid,0.1,0.5,0.3,0.01,0.0020833333333333333,0.0048,8,0.75,0.2,8,16,0,2,0.585,0.75,1,worldModel,weighted,0,a2a0fec2,87,0,120,0.5145322233438492,0.48721760927389063,0.027314614069958554,0.39666666666666667,0.2966666666666667,0.09999999999999998
600,245,0.28,0.3,3,0.05,0.05,0.05,2,0.116,0.019,1,0.005,hybrid,0.1,0.5,0.3,0.01,0.0020833333333333333,0.0048,8,0.75,0.2,8,16,0,2,0.585,0.75,1,worldModel,weighted,0,a2a0fec2,88,0,120,0.5049089587852359,0.48761126248786846,0.017297696297367438,0.3433333333333333,0.27,0.0733333333333333
600,245,0.28,0.3,3,0.05,0.05,0.05,2,0.116,0.02075,1,0.005,hybrid,0.1,0.5,0.3,0.01,0.0020833333333333333,0.0048,8,0.75,0.2,8,16,0,2,0.585,0.75,1,worldModel,weighted,0,a2a0fec2,89,0,120,0.5063805125405391,0.4814071735429267,0.024973338997612338,0.32666666666666666,0.22333333333333333,0.10333333333333333
600,245,0.28,0.3,3,0.05,0.05,0.05,2,0.116,0.0225,1,0.005,hybrid,0.1,0.5,0.3,0.01,0.0020833333333333333,0.0048,8,0.75,0.2,8,16,0,2,0.585,0.75,1,worldModel,weighted,0,a2a0fec2,90,0,120,0.4929722511147459,0.4744590765113632,0.0185131746033827,0.27,0.19833333333333333,0.07166666666666668
600,245,0.28,0.3,3,0.05,0.05,0.05,2,0.116,0.02425,1,0.005,hybrid,0.1,0.5,0.3,0.01,0.0020833333333333333,0.0048,8,0.75,0.2,8,16,0,2,0.585,0.75,1,worldModel,weighted,0,a2a0fec2,91,0,120,0.5017837213849028,0.4699681284961601,0.031815592888742694,0.3283333333333333,0.23833333333333334,0.08999999999999997
600,245,0.28,0.3,3,0.05,0.05,0.05,2,0.116,0.026,1,0.005,hybrid,0.1,0.5,0.3,0.01,0.0020833333333333333,0.0048,8,0.75,0.2,8,16,0,2,0.585,0.75,1,worldModel,weighted,0,a2a0fec2,92,0,120,0.49252730313688514,0.4732310517070194,0.01929625142986574,0.29833333333333334,0.21666666666666667,0.08166666666666667
600,245,0.28,0.3,3,0.05,0.05,0.05,2,0.116,0.02775,1,0.005,hybrid,0.1,0.5,0.3,0.01,0.0020833333333333333,0.0048,8,0.75,0.2,8,16,0,2,0.585,0.75,1,worldModel,weighted,0,a2a0fec2,93,0,120,0.48060466986149547,0.45127554692327976,0.029329122938215713,0.2633333333333333,0.17166666666666666,0.09166666666666665
600,245,0.28,0.3,3,0.05,0.05,0.05,2,0.116,0.0295,1,0.005,hybrid,0.1,0.5,0.3,0.01,0.0020833333333333333,0.0048,8,0.75,0.2,8,16,0,2,0.585,0.75,1,worldModel,weighted,0,a2a0fec2,94,0,120,0.48426410101975004,0.46234379363556705,0.02192030738418299,0.19166666666666668,0.14666666666666667,0.04500000000000001
600,245,0.28,0.3,3,0.05,0.05,0.05,2,0.116,0.03125,1,0.005,hybrid,0.1,0.5,0.3,0.01,0.0020833333333333333,0.0048,8,0.75,0.2,8,16,0,2,0.585,0.75,1,worldModel,weighted,0,a2a0fec2,95,0,120,0.495477018908908,0.47201770370826124,0.023459315200646758,0.285,0.215,0.06999999999999998
600,245,0.28,0.3,3,0.05,0.05,0.05,2,0.116,0.033,1,0.005,hybrid,0.1,0.5,0.3,0.01,0.0020833333333333333,0.0048,8,0.75,0.2,8,16,0,2,0.585,0.75,1,worldModel,weighted,0,a2a0fec2,96,0,120,0.4728434442852934,0.4520002066530287,0.0208432376322647,0.205,0.13333333333333333,0.07166666666666666
600,245,0.28,0.3,3,0.05,0.05,0.05,2,0.116,0.03475,1,0.005,hybrid,0.1,0.5,0.3,0.01,0.0020833333333333333,0.0048,8,0.75,0.2,8,16,0,2,0.585,0.75,1,worldModel,weighted,0,a2a0fec2,97,0,120,0.4938558407065769,0.46682767243434986,0.027028168272227038,0.2916666666666667,0.195,0.09666666666666668
600,245,0.28,0.3,3,0.05,0.05,0.05,2,0.116,0.0365,1,0.005,hybrid,0.1,0.5,0.3,0.01,0.0020833333333333333,0.0048,8,0.75,0.2,8,16,0,2,0.585,0.75,1,worldModel,weighted,0,a2a0fec2,98,0,120,0.478036499346296,0.4528825573374828,0.025153942008813213,0.20166666666666666,0.12333333333333334,0.07833333333333332
600,245,0.28,0.3,3,0.05,0.05,0.05,2,0.116,0.03825,1,0.005,hybrid,0.1,0.5,0.3,0.01,0.0020833333333333333,0.0048,8,0.75,0.2,8,16,0,2,0.585,0.75,1,worldModel,weighted,0,a2a0fec2,99,0,120,0.47506059860189753,0.450483327023685,0.024577271578212545,0.22,0.125,0.095
600,245,0.28,0.3,3,0.05,0.05,0.05,2,0.116,0.04,1,0.005,hybrid,0.1,0.5,0.3,0.01,0.0020833333333333333,0.0048,8,0.75,0.2,8,16,0,2,0.585,0.75,1,worldModel,weighted,0,a2a0fec2,100,0,120,0.46895484620084366,0.4556584095147749,0.01329643668606878,0.14333333333333334,0.115,0.028333333333333335
600,245,0.28,0.3,3,0.05,0.05,0.05,2,0.116,0.04175,1,0.005,hybrid,0.1,0.5,0.3,0.01,0.0020833333333333333,0.0048,8,0.75,0.2,8,16,0,2,0.585,0.75,1,worldModel,weighted,0,a2a0fec2,101,0,120,0.48355895868813,0.4597722809637586,0.023786677724371375,0.17666666666666667,0.09666666666666666,0.08
600,245,0.28,0.3,3,0.05,0.05,0.05,2,0.116,0.0435,1,0.005,hybrid,0.1,0.5,0.3,0.01,0.0020833333333333333,0.0048,8,0.75,0.2,8,16,0,2,0.585,0.75,1,worldModel,weighted,0,a2a0fec2,102,0,120,0.4713876868970692,0.4462890813313425,0.02509860556572674,0.18166666666666667,0.13,0.051666666666666666
600,245,0.28,0.3,3,0.05,0.05,0.05,2,0.116,0.04525,1,0.005,hybrid,0.1,0.5,0.3,0.01,0.0020833333333333333,0.0048,8,0.75,0.2,8,16,0,2,0.585,0.75,1,worldModel,weighted,0,a2a0fec2,103,0,120,0.46906526093681655,0.4457343340665102,0.023330926870306357,0.19166666666666668,0.13833333333333334,0.053333333333333344
600,245,0.28,0.3,3,0.05,0.05,0.05,2,0.116,0.047,1,0.005,hybrid,0.1,0.5,0.3,0.01,0.0020833333333333333,0.0048,8,0.75,0.2,8,16,0,2,0.585,0.75,1,worldModel,weighted,0,a2a0fec2,104,0,120,0.4594200424477458,0.4392110622736315,0.02020898017411432,0.17666666666666667,0.11833333333333333,0.058333333333333334
600,245,0.28,0.3,3,0.05,0.05,0.05,2,0.125,0.012,1,0.005,hybrid,0.1,0.5,0.3,0.01,0.0020833333333333333,0.0048,8,0.75,0.2,8,16,0,2,0.585,0.75,1,worldModel,weighted,0,a2a0fec2,105,0,120,0.5209490516098837,0.49386284961675603,0.027086201993127668,0.4166666666666667,0.35333333333333333,0.06333333333333335
600,245,0.28,0.3,3,0.05,0.05,0.05,2,0.125,0.01375,1,0.005,hybrid,0.1,0.5,0.3,0.01,0.0020833333333333333,0.0048,8,0.75,0.2,8,16,0,2,0.585,0.75,1,worldModel,weighted,0,a2a0fec2,106,0,120,0.5092096547658245,0.4905420165446897,0.018667638221134764,0.38333333333333336,0.2866666666666667,0.09666666666666668
600,245,0.28,0.3,3,0.05,0.05,0.05,2,0.125,0.0155,1,0.005,hybrid,0.1,0.5,0.3,0.01,0.0020833333333333333,0.0048,8,0.75,0.2,8,16,0,2,0.585,0.75,1,worldModel,weighted,0,a2a0fec2,107,0,120,0.5021804257978996,0.4882064536400139,0.01397397215788565,0.355,0.28,0.07499999999999996
600,245,0.28,0.3,3,0.05,0.05,0.05,2,0.125,0.01725,1,0.005,hybrid,0.1,0.5,0.3,0.01,0.0020833333333333333,0.0048,8,0.75,0.2,8,16,0,2,0.585,0.75,1,worldModel,weighted,0,a2a0fec2,108,0,120,0.5065864199648301,0.4868748975669344,0.019711522397895698,0.35333333333333333,0.305,0.04833333333333334
600,245,0.28,0.3,3,0.05,0.05,0.05,2,0.125,0.019,1,0.005,hybrid,0.1,0.5,0.3,0.01,0.0020833333333333333,0.0048,8,0.75,0.2,8,16,0,2,0.585,0.75,1,worldModel,weighted,0,a2a0fec2,109,0,120,0.49696580100804566,0.4785727136209607,0.01839308738708495,0.285,0.23,0.054999999999999966
600,245,0.28,0.3,3,0.05,0.05,0.05,2,0.125,0.02075,1,0.005,hybrid,0.1,0.5,0.3,0.01,0.0020833333333333333,0.0048,8,0.75,0.2,8,16,0,2,0.585,0.75,1,worldModel,weighted,0,a2a0fec2,110,0,120,0.502639911075433,0.48980735705544554,0.012832554019987508,0.30666666666666664,0.235,0.07166666666666666
600,245,0.28,0.3,3,0.05,0.05,0.05,2,0.125,0.0225,1,0.005,hybrid,0.1,0.5,0.3,0.01,0.0020833333333333333,0.0048,8,0.75,0.2,8,16,0,2,0.585,0.75,1,worldModel,weighted,0,a2a0fec2,111,0,120,0.4776085340542098,0.45789589336762826,0.019712640686581517,0.26,0.19333333333333333,0.06666666666666668
600,245,0.28,0.3,3,0.05,0.05,0.05,2,0.125,0.02425,1,0.005,hybrid,0.1,0.5,0.3,0.01,0.0020833333333333333,0.0048,8,0.75,0.2,8,16,0,2,0.585,0.75,1,worldModel,weighted,0,a2a0fec2,112,0,120,0.49831970701615014,0.4756901253014803,0.022629581714669833,0.3016666666666667,0.21166666666666667,0.09000000000000002
600,245,0.28,0.3,3,0.05,0.05,0.05,2,0.125,0.026,1,0.005,hybrid,0.1,0.5,0.3,0.01,0.0020833333333333333,0.0048,8,0.75,0.2,8,16,0,2,0.585,0.75,1,worldModel,weighted,0,a2a0fec2,113,0,120,0.5040675576776266,0.4950493608477215,0.009018196829905067,0.31833333333333336,0.2633333333333333,0.05500000000000005
600,245,0.28,0.3,3,0.05,0.05,0.05,2,0.125,0.02775,1,0.005,hybrid,0.1,0.5,0.3,0.01,0.0020833333333333333,0.0048,8,0.75,0.2,8,16,0,2,0.585,0.75,1,worldModel,weighted,0,a2a0fec2,114,0,120,0.49461651312187316,0.4745585433331629,0.020057969788710273,0.33666666666666667,0.295,0.041666666666666685
600,245,0.28,0.3,3,0.05,0.05,0.05,2,0.125,0.0295,1,0.005,hybrid,0.1,0.5,0.3,0.01,0.0020833333333333333,0.0048,8,0.75,0.2,8,16,0,2,0.585,0.75,1,worldModel,weighted,0,a2a0fec2,115,0,120,0.48739188149571416,0.463757196739316,0.023634684756398183,0.275,0.185,0.09000000000000002
600,245,0.28,0.3,3,0.05,0.05,0.05,2,0.125,0.03125,1,0.005,hybrid,0.1,0.5,0.3,0.01,0.0020833333333333333,0.0048,8,0.75,0.2,8,16,0,2,0.585,0.75,1,worldModel,weighted,0,a2a0fec2,116,0,120,0.4803682316529254,0.45836796614030995,0.02200026551261547,0.23,0.15,0.08000000000000002
600,245,0.28,0.3,3,0.05,0.05,0.05,2,0.125,0.033,1,0.005,hybrid,0.1,0.5,0.3,0.01,0.0020833333333333333,0.0048,8,0.75,0.2,8,16,0,2,0.585,0.75,1,worldModel,weighted,0,a2a0fec2,117,0,120,0.4776597507608434,0.457344071076562,0.020315679684281385,0.22833333333333333,0.14666666666666667,0.08166666666666667
600,245,0.28,0.3,3,0.05,0.05,0.05,2,0.125,0.03475,1,0.005,hybrid,0.1,0.5,0.3,0.01,0.0020833333333333333,0.0048,8,0.75,0.2,8,16,0,2,0.585,0.75,1,worldModel,weighted,0,a2a0fec2,118,0,120,0.47548786072060467,0.45122381891434393,0.02426404180626074,0.22166666666666668,0.13833333333333334,0.08333333333333334
600,245,0.28,0.3,3,0.05,0.05,0.05,2,0.125,0.0365,1,0.005,hybrid,0.1,0.5,0.3,0.01,0.0020833333333333333,0.0048,8,0.75,0.2,8,16,0,2,0.585,0.75,1,worldModel,weighted,0,a2a0fec2,119,0,120,0.46357387272641065,0.4502276287972927,0.013346243929117929,0.19333333333333333,0.12333333333333334,0.06999999999999999
600,245,0.28,0.3,3,0.05,0.05,0.05,2,0.125,0.03825,1,0.005,hybrid,0.1,0.5,0.3,0.01,0.0020833333333333333,0.0048,8,0.75,0.2,8,16,0,2,0.585,0.75,1,worldModel,weighted,0,a2a0fec2,120,0,120,0.47332396247734626,0.4517077096179128,0.02161625285943347,0.15,0.13,0.01999999999999999
600,245,0.28,0.3,3,0.05,0.05,0.05,2,0.125,0.04,1,0.005,hybrid,0.1,0.5,0.3,0.01,0.0020833333333333333,0.0048,8,0.75,0.2,8,16,0,2,0.585,0.75,1,worldModel,weighted,0,a2a0fec2,121,0,120,0.47131128501767916,0.4479364695462088,0.023374815471470356,0.19,0.11,0.08
600,245,0.28,0.3,3,0.05,0.05,0.05,2,0.125,0.04175,1,0.005,hybrid,0.1,0.5,0.3,0.01,0.0020833333333333333,0.0048,8,0.75,0.2,8,16,0,2,0.585,0.75,1,worldModel,weighted,0,a2a0fec2,122,0,120,0.46037157990038396,0.44546293356766303,0.014908646332720932,0.12666666666666668,0.09,0.03666666666666668
600,245,0.28,0.3,3,0.05,0.05,0.05,2,0.125,0.0435,1,0.005,hybrid,0.1,0.5,0.3,0.01,0.0020833333333333333,0.0048,8,0.75,0.2,8,16,0,2,0.585,0.75,1,worldModel,weighted,0,a2a0fec2,123,0,120,0.4577851403132081,0.4350932413525879,0.022691898960620183,0.135,0.08833333333333333,0.046666666666666676
600,245,0.28,0.3,3,0.05,0.05,0.05,2,0.125,0.04525,1,0.005,hybrid,0.1,0.5,0.3,0.01,0.0020833333333333333,0.0048,8,0.75,0.2,8,16,0,2,0.585,0.75,1,worldModel,weighted,0,a2a0fec2,124,0,120,0.4530091088699798,0.43308315207560855,0.019925956794371258,0.14833333333333334,0.07833333333333334,0.07
600,245,0.28,0.3,3,0.05,0.05,0.05,2,0.125,0.047,1,0.005,hybrid,0.1,0.5,0.3,0.01,0.0020833333333333333,0.0048,8,0.75,0.2,8,16,0,2,0.585,0.75,1,worldModel,weighted,0,a2a0fec2,125,0,120,0.4735723711612324,0.44361018263424434,0.029962188526988065,0.155,0.07666666666666666,0.07833333333333334
600,245,0.28,0.3,3,0.05,0.05,0.05,2,0.134,0.012,1,0.005,hybrid,0.1,0.5,0.3,0.01,0.0020833333333333333,0.0048,8,0.75,0.2,8,16,0,2,0.585,0.75,1,worldModel,weighted,0,a2a0fec2,126,0,120,0.5215296072512865,0.4991542442825933,0.02237536296869319,0.4683333333333333,0.3416666666666667,0.12666666666666665
600,245,0.28,0.3,3,0.05,0.05,0.05,2,0.134,0.01375,1,0.005,hybrid,0.1,0.5,0.3,0.01,0.0020833333333333333,0.0048,8,0.75,0.2,8,16,0,2,0.585,0.75,1,worldModel,weighted,0,a2a0fec2,127,0,120,0.507667586170137,0.48841003521035115,0.01925755095978582,0.37166666666666665,0.325,0.046666666666666634
600,245,0.28,0.3,3,0.05,0.05,0.05,2,0.134,0.0155,1,0.005,hybrid,0.1,0.5,0.3,0.01,0.0020833333333333333,0.0048,8,0.75,0.2,8,16,0,2,0.585,0.75,1,worldModel,weighted,0,a2a0fec2,128,0,120,0.5101919817986588,0.4860663194333514,0.024125662365307388,0.3883333333333333,0.2683333333333333,0.12
600,245,0.28,0.3,3,0.05,0.05,0.05,2,0.134,0.01725,1,0.005,hybrid,0.1,0.5,0.3,0.01,0.0020833333333333333,0.0048,8,0.75,0.2,8,16,0,2,0.585,0.75,1,worldModel,weighted,0,a2a0fec2,129,0,120,0.5082502375418941,0.4765981643212338,0.031652073220660326,0.40166666666666667,0.31166666666666665,0.09000000000000002
600,245,0.28,0.3,3,0.05,0.05,0.05,2,0.134,0.019,1,0.005,hybrid,0.1,0.5,0.3,0.01,0.0020833333333333333,0.0048,8,0.75,0.2,8,16,0,2,0.585,0.75,1,worldModel,weighted,0,a2a0fec2,130,0,120,0.5075444604145983,0.48743321917951105,0.020111241235087285,0.3566666666666667,0.2916666666666667,0.065
600,245,0.28,0.3,3,0.05,0.05,0.05,2,0.134,0.02075,1,0.005,hybrid,0.1,0.5,0.3,0.01,0.0020833333333333333,0.0048,8,0.75,0.2,8,16,0,2,0.585,0.75,1,worldModel,weighted,0,a2a0fec2,131,0,120,0.5131920716787378,0.48619969870895147,0.02699237296978635,0.36833333333333335,0.26666666666666666,0.10166666666666668
600,245,0.28,0.3,3,0.05,0.05,0.05,2,0.134,0.0225,1,0.005,hybrid,0.1,0.5,0.3,0.01,0.0020833333333333333,0.0048,8,0.75,0.2,8,16,0,2,0.585,0.75,1,worldModel,weighted,0,a2a0fec2,132,0,120,0.5075751811886827,0.484443562173595,0.0231316190150877,0.36833333333333335,0.24833333333333332,0.12000000000000002
600,245,0.28,0.3,3,0.05,0.05,0.05,2,0.134,0.02425,1,0.005,hybrid,0.1,0.5,0.3,0.01,0.0020833333333333333,0.0048,8,0.75,0.2,8,16,0,2,0.585,0.75,1,worldModel,weighted,0,a2a0fec2,133,0,120,0.5061835732559363,0.4820711639771859,0.024112409278750413,0.3433333333333333,0.26166666666666666,0.08166666666666667
600,245,0.28,0.3,3,0.05,0.05,0.05,2,0.134,0.026,1,0.005,hybrid,0.1,0.5,0.3,0.01,0.0020833333333333333,0.0048,8,0.75,0.2,8,16,0,2,0.585,0.75,1,worldModel,weighted,0,a2a0fec2,134,0,120,0.49408553399766486,0.4762837402584652,0.017801793739199656,0.32666666666666666,0.23333333333333334,0.09333333333333332
600,245,0.28,0.3,3,0.05,0.05,0.05,2,0.134,0.02775,1,0.005,hybrid,0.1,0.5,0.3,0.01,0.0020833333333333333,0.0048,8,0.75,0.2,8,16,0,2,0.585,0.75,1,worldModel,weighted,0,a2a0fec2,135,0,120,0.4799930124543607,0.4665737660291294,0.01341924642523129,0.275,0.26166666666666666,0.013333333333333364
600,245,0.28,0.3,3,0.05,0.05,0.05,2,0.134,0.0295,1,0.005,hybrid,0.1,0.5,0.3,0.01,0.0020833333333333333,0.0048,8,0.75,0.2,8,16,0,2,0.585,0.75,1,worldModel,weighted,0,a2a0fec2,136,0,120,0.4840115812048316,0.4581432215496898,0.025868359655141837,0.22333333333333333,0.11166666666666666,0.11166666666666666
600,245,0.28,0.3,3,0.05,0.05,0.05,2,0.134,0.03125,1,0.005,hybrid,0.1,0.5,0.3,0.01,0.0020833333333333333,0.0048,8,0.75,0.2,8,16,0,2,0.585,0.75,1,worldModel,weighted,0,a2a0fec2,137,0,120,0.467247702293098,0.445235260228316,0.02201244206478198,0.16,0.10333333333333333,0.05666666666666667
600,245,0.28,0.3,3,0.05,0.05,0.05,2,0.134,0.033,1,0.005,hybrid,0.1,0.5,0.3,0.01,0.0020833333333333333,0.0048,8,0.75,0.2,8,16,0,2,0.585,0.75,1,worldModel,weighted,0,a2a0fec2,138,0,120,0.4695666092882554,0.4491431443206966,0.020423464967558813,0.19666666666666666,0.14166666666666666,0.05499999999999999
600,245,0.28,0.3,3,0.05,0.05,0.05,2,0.134,0.03475,1,0.005,hybrid,0.1,0.5,0.3,0.01,0.0020833333333333333,0.0048,8,0.75,0.2,8,16,0,2,0.585,0.75,1,worldModel,weighted,0,a2a0fec2,139,0,120,0.48241012305021286,0.4596812705571453,0.022728852493067553,0.25833333333333336,0.18166666666666667,0.07666666666666669
600,245,0.28,0.3,3,0.05,0.05,0.05,2,0.134,0.0365,1,0.005,hybrid,0.1,0.5,0.3,0.01,0.0020833333333333333,0.0048,8,0.75,0.2,8,16,0,2,0.585,0.75,1,worldModel,weighted,0,a2a0fec2,140,0,120,0.477271465609471,0.44721225222572686,0.03005921338374412,0.18,0.10666666666666667,0.07333333333333332
600,245,0.28,0.3,3,0.05,0.05,0.05,2,0.134,0.03825,1,0.005,hybrid,0.1,0.5,0.3,0.01,0.0020833333333333333,0.0048,8,0.75,0.2,8,16,0,2,0.585,0.75,1,worldModel,weighted,0,a2a0fec2,141,0,120,0.4567636124355098,0.4403491626183192,0.01641444981719059,0.16333333333333333,0.125,0.03833333333333333
600,245,0.28,0.3,3,0.05,0.05,0.05,2,0.134,0.04,1,0.005,hybrid,0.1,0.5,0.3,0.01,0.0020833333333333333,0.0048,8,0.75,0.2,8,16,0,2,0.585,0.75,1,worldModel,weighted,0,a2a0fec2,142,0,120,0.4689778983655075,0.4440700660770138,0.024907832288493692,0.175,0.14333333333333334,0.03166666666666665
600,245,0.28,0.3,3,0.05,0.05,0.05,2,0.134,0.04175,1,0.005,hybrid,0.1,0.5,0.3,0.01,0.0020833333333333333,0.0048,8,0.75,0.2,8,16,0,2,0.585,0.75,1,worldModel,weighted,0,a2a0fec2,143,0,120,0.4754195618567367,0.4573977223038673,0.0180218395528694,0.16,0.13166666666666665,0.02833333333333335
600,245,0.28,0.3,3,0.05,0.05,0.05,2,0.134,0.0435,1,0.005,hybrid,0.1,0.5,0.3,0.01,0.0020833333333333333,0.0048,8,0.75,0.2,8,16,0,2,0.585,0.75,1,worldModel,weighted,0,a2a0fec2,144,0,120,0.47590724371994536,0.4562095158485075,0.019697727871437865,0.19166666666666668,0.11333333333333333,0.07833333333333335
600,245,0.28,0.3,3,0.05,0.05,0.05,2,0.134,0.04525,1,0.005,hybrid,0.1,0.5,0.3,0.01,0.0020833333333333333,0.0048,8,0.75,0.2,8,16,0,2,0.585,0.75,1,worldModel,weighted,0,a2a0fec2,145,0,120,0.46234081823378803,0.42812304575617116,0.03421777247761687,0.17666666666666667,0.11166666666666666,0.065
600,245,0.28,0.3,3,0.05,0.05,0.05,2,0.134,0.047,1,0.005,hybrid,0.1,0.5,0.3,0.01,0.0020833333333333333,0.0048,8,0.75,0.2,8,16,0,2,0.585,0.75,1,worldModel,weighted,0,a2a0fec2,146,0,120,0.46603491393849256,0.43560962862645586,0.0304252853120367,0.14666666666666667,0.1,0.04666666666666666
600,245,0.28,0.3,3,0.05,0.05,0.05,2,0.143,0.012,1,0.005,hybrid,0.1,0.5,0.3,0.01,0.0020833333333333333,0.0048,8,0.75,0.2,8,16,0,2,0.585,0.75,1,worldModel,weighted,0,a2a0fec2,147,0,120,0.5171522596540551,0.49531833187366525,0.02183392778038984,0.4066666666666667,0.36,0.04666666666666669
600,245,0.28,0.3,3,0.05,0.05,0.05,2,0.143,0.01375,1,0.005,hybrid,0.1,0.5,0.3,0.01,0.0020833333333333333,0.0048,8,0.75,0.2,8,16,0,2,0.585,0.75,1,worldModel,weighted,0,a2a0fec2,148,0,120,0.5212768331604699,0.49539040549968677,0.02588642766078314,0.4166666666666667,0.33666666666666667,0.08000000000000002
600,245,0.28,0.3,3,0.05,0.05,0.05,2,0.143,0.0155,1,0.005,hybrid,0.1,0.5,0.3,0.01,0.0020833333333333333,0.0048,8,0.75,0.2,8,16,0,2,0.585,0.75,1,worldModel,weighted,0,a2a0fec2,149,0,120,0.5396933569510778,0.515850003361702,0.023843353589375837,0.49,0.39166666666666666,0.09833333333333333
600,245,0.28,0.3,3,0.05,0.05,0.05,2,0.143,0.01725,1,0.005,hybrid,0.1,0.5,0.3,0.01,0.0020833333333333333,0.0048,8,0.75,0.2,8,16,0,2,0.585,0.75,1,worldModel,weighted,0,a2a0fec2,150,0,120,0.508066846591731,0.4896869924850762,0.01837985410665477,0.36333333333333334,0.2833333333333333,0.08000000000000002
600,245,0.28,0.3,3,0.05,0.05,0.05,2,0.143,0.019,1,0.005,hybrid,0.1,0.5,0.3,0.01,0.0020833333333333333,0.0048,8,0.75,0.2,8,16,0,2,0.585,0.75,1,worldModel,weighted,0,a2a0fec2,151,0,120,0.49528774331013364,0.4758535033091903,0.019434240000943348,0.34,0.25166666666666665,0.08833333333333337
600,245,0.28,0.3,3,0.05,0.05,0.05,2,0.143,0.02075,1,0.005,hybrid,0.1,0.5,0.3,0.01,0.0020833333333333333,0.0048,8,0.75,0.2,8,16,0,2,0.585,0.75,1,worldModel,weighted,0,a2a0fec2,152,0,120,0.5093593723575274,0.48310813049475354,0.026251241862773833,0.30833333333333335,0.25,0.05833333333333335
600,245,0.28,0.3,3,0.05,0.05,0.05,2,0.143,0.0225,1,0.005,hybrid,0.1,0.5,0.3,0.01,0.0020833333333333333,0.0048,8,0.75,0.2,8,16,0,2,0.585,0.75,1,worldModel,weighted,0,a2a0fec2,153,0,120,0.5063548115206261,0.48700080745543045,0.019354004065195662,0.37333333333333335,0.275,0.09833333333333333
600,245,0.28,0.3,3,0.05,0.05,0.05,2,0.143,0.02425,1,0.005,hybrid,0.1,0.5,0.3,0.01,0.0020833333333333333,0.0048,8,0.75,0.2,8,16,0,2,0.585,0.75,1,worldModel,weighted,0,a2a0fec2,154,0,120,0.5060321869452794,0.48493443423261245,0.02109775271266695,0.30333333333333334,0.21333333333333335,0.09
600,245,0.28,0.3,3,0.05,0.05,0.05,2,0.143,0.026,1,0.005,hybrid,0.1,0.5,0.3,0.01,0.0020833333333333333,0.0048,8,0.75,0.2,8,16,0,2,0.585,0.75,1,worldModel,weighted,0,a2a0fec2,155,0,120,0.4927561315149069,0.46670844191064437,0.026047689604262514,0.2816666666666667,0.17333333333333334,0.10833333333333334
600,245,0.28,0.3,3,0.05,0.05,0.05,2,0.143,0.02775,1,0.005,hybrid,0.1,0.5,0.3,0.01,0.0020833333333333333,0.0048,8,0.75,0.2,8,16,0,2,0.585,0.75,1,worldModel,weighted,0,a2a0fec2,156,0,120,0.4873651899335285,0.4684863574119906,0.018878832521537936,0.24,0.19,0.04999999999999999
600,245,0.28,0.3,3,0.05,0.05,0.05,2,0.143,0.0295,1,0.005,hybrid,0.1,0.5,0.3,0.01,0.0020833333333333333,0.0048,8,0.75,0.2,8,16,0,2,0.585,0.75,1,worldModel,weighted,0,a2a0fec2,157,0,120,0.48608502039064966,0.4674902580057581,0.01859476238489155,0.265,0.195,0.07
600,245,0.28,0.3,3,0.05,0.05,0.05,2,0.143,0.03125,1,0.005,hybrid,0.1,0.5,0.3,0.01,0.0020833333333333333,0.0048,8,0.75,0.2,8,16,0,2,0.585,0.75,1,worldModel,weighted,0,a2a0fec2,158,0,120,0.48582448715964954,0.4666990331374109,0.01912545402223864,0.26166666666666666,0.18333333333333332,0.07833333333333334
600,245,0.28,0.3,3,0.05,0.05,0.05,2,0.143,0.033,1,0.005,hybrid,0.1,0.5,0.3,0.01,0.0020833333333333333,0.0048,8,0.75,0.2,8,16,0,2,0.585,0.75,1,worldModel,weighted,0,a2a0fec2,159,0,120,0.4727894434146583,0.4545268521333734,0.01826259128128488,0.22833333333333333,0.16833333333333333,0.06
600,245,0.28,0.3,3,0.05,0.05,0.05,2,0.143,0.03475,1,0.005,hybrid,0.1,0.5,0.3,0.01,0.0020833333333333333,0.0048,8,0.75,0.2,8,16,0,2,0.585,0.75,1,worldModel,weighted,0,a2a0fec2,160,0,120,0.4747348160793384,0.4528075961582363,0.02192721992110208,0.225,0.15166666666666667,0.07333333333333333
600,245,0.28,0.3,3,0.05,0.05,0.05,2,0.143,0.0365,1,0.005,hybrid,0.1,0.5,0.3,0.01,0.0020833333333333333,0.0048,8,0.75,0.2,8,16,0,2,0.585,0.75,1,worldModel,weighted,0,a2a0fec2,161,0,120,0.4897207712009549,0.46884308794513346,0.020877683255821455,0.23666666666666666,0.15166666666666667,0.08499999999999999
600,245,0.28,0.3,3,0.05,0.05,0.05,2,0.143,0.03825,1,0.005,hybrid,0.1,0.5,0.3,0.01,0.0020833333333333333,0.0048,8,0.75,0.2,8,16,0,2,0.585,0.75,1,worldModel,weighted,0,a2a0fec2,162,0,120,0.4698296263255179,0.45162020264193414,0.018209423683583748,0.255,0.16166666666666665,0.09333333333333335
600,245,0.28,0.3,3,0.05,0.05,0.05,2,0.143,0.04,1,0.005,hybrid,0.1,0.5,0.3,0.01,0.0020833333333333333,0.0048,8,0.75,0.2,8,16,0,2,0.585,0.75,1,worldModel,weighted,0,a2a0fec2,163,0,120,0.4831267187496026,0.4613084831771751,0.021818235572427513,0.235,0.19,0.044999999999999984
600,245,0.28,0.3,3,0.05,0.05,0.05,2,0.143,0.04175,1,0.005,hybrid,0.1,0.5,0.3,0.01,0.0020833333333333333,0.0048,8,0.75,0.2,8,16,0,2,0.585,0.75,1,worldModel,weighted,0,a2a0fec2,164,0,120,0.48773386247456074,0.4656525395127634,0.022081322961797323,0.22333333333333333,0.12166666666666667,0.10166666666666666
600,245,0.28,0.3,3,0.05,0.05,0.05,2,0.143,0.0435,1,0.005,hybrid,0.1,0.5,0.3,0.01,0.0020833333333333333,0.0048,8,0.75,0.2,8,16,0,2,0.585,0.75,1,worldModel,weighted,0,a2a0fec2,165,0,120,0.47028212673962116,0.4586183075048029,0.01166381923481824,0.14833333333333334,0.13666666666666666,0.011666666666666686
600,245,0.28,0.3,3,0.05,0.05,0.05,2,0.143,0.04525,1,0.005,hybrid,0.1,0.5,0.3,0.01,0.0020833333333333333,0.0048,8,0.75,0.2,8,16,0,2,0.585,0.75,1,worldModel,weighted,0,a2a0fec2,166,0,120,0.4773763319849968,0.45916487377757825,0.01821145820741854,0.20666666666666667,0.13666666666666666,0.07
600,245,0.28,0.3,3,0.05,0.05,0.05,2,0.143,0.047,1,0.005,hybrid,0.1,0.5,0.3,0.01,0.0020833333333333333,0.0048,8,0.75,0.2,8,16,0,2,0.585,0.75,1,worldModel,weighted,0,a2a0fec2,167,0,120,0.487157863744845,0.47219059146940706,0.014967272275437926,0.23,0.165,0.065
600,245,0.28,0.3,3,0.05,0.05,0.05,2,0.152,0.012,1,0.005,hybrid,0.1,0.5,0.3,0.01,0.0020833333333333333,0.0048,8,0.75,0.2,8,16,0,2,0.585,0.75,1,worldModel,weighted,0,a2a0fec2,168,0,120,0.5282676314686735,0.5052377693292995,0.02302986213937397,0.44166666666666665,0.345,0.09666666666666668
600,245,0.28,0.3,3,0.05,0.05,0.05,2,0.152,0.01375,1,0.005,hybrid,0.1,0.5,0.3,0.01,0.0020833333333333333,0.0048,8,0.75,0.2,8,16,0,2,0.585,0.75,1,worldModel,weighted,0,a2a0fec2,169,0,120,0.5153109862469136,0.4890274828734497,0.026283503373463912,0.3883333333333333,0.2916666666666667,0.09666666666666662
600,245,0.28,0.3,3,0.05,0.05,0.05,2,0.152,0.0155,1,0.005,hybrid,0.1,0.5,0.3,0.01,0.0020833333333333333,0.0048,8,0.75,0.2,8,16,0,2,0.585,0.75,1,worldModel,weighted,0,a2a0fec2,170,0,120,0.5192432814463973,0.5056977698144813,0.013545511631915974,0.45166666666666666,0.3883333333333333,0.06333333333333335
600,245,0.28,0.3,3,0.05,0.05,0.05,2,0.152,0.01725,1,0.005,hybrid,0.1,0.5,0.3,0.01,0.0020833333333333333,0.0048,8,0.75,0.2,8,16,0,2,0.585,0.75,1,worldModel,weighted,0,a2a0fec2,171,0,120,0.5019545312349994,0.4880708986520767,0.013883632582922745,0.3416666666666667,0.305,0.03666666666666668
600,245,0.28,0.3,3,0.05,0.05,0.05,2,0.152,0.019,1,0.005,hybrid,0.1,0.5,0.3,0.01,0.0020833333333333333,0.0048,8,0.75,0.2,8,16,0,2,0.585,0.75,1,worldModel,weighted,0,a2a0fec2,172,0,120,0.49702755754813555,0.4692498909619947,0.027777666586140837,0.3516666666666667,0.22666666666666666,0.12500000000000003
600,245,0.28,0.3,3,0.05,0.05,0.05,2,0.152,0.02075,1,0.005,hybrid,0.1,0.5,0.3,0.01,0.0020833333333333333,0.0048,8,0.75,0.2,8,16,0,2,0.585,0.75,1,worldModel,weighted,0,a2a0fec2,173,0,120,0.4936051857223113,0.4831752575933933,0.01042992812891802,0.35833333333333334,0.315,0.043333333333333335
600,245,0.28,0.3,3,0.05,0.05,0.05,2,0.152,0.0225,1,0.005,hybrid,0.1,0.5,0.3,0.01,0.0020833333333333333,0.0048,8,0.75,0.2,8,16,0,2,0.585,0.75,1,worldModel,weighted,0,a2a0fec2,174,0,120,0.4938140267692506,0.4713535631323854,0.022460463636865213,0.315,0.235,0.08000000000000002
600,245,0.28,0.3,3,0.05,0.05,0.05,2,0.152,0.02425,1,0.005,hybrid,0.1,0.5,0.3,0.01,0.0020833333333333333,0.0048,8,0.75,0.2,8,16,0,2,0.585,0.75,1,worldModel,weighted,0,a2a0fec2,175,0,120,0.4896102227208515,0.4581169926188886,0.031493230101962866,0.2866666666666667,0.17833333333333334,0.10833333333333334
600,245,0.28,0.3,3,0.05,0.05,0.05,2,0.152,0.026,1,0.005,hybrid,0.1,0.5,0.3,0.01,0.0020833333333333333,0.0048,8,0.75,0.2,8,16,0,2,0.585,0.75,1,worldModel,weighted,0,a2a0fec2,176,0,120,0.4878995041176677,0.4694039874213437,0.018495516696323988,0.24166666666666667,0.18166666666666667,0.06
600,245,0.28,0.3,3,0.05,0.05,0.05,2,0.152,0.02775,1,0.005,hybrid,0.1,0.5,0.3,0.01,0.0020833333333333333,0.0048,8,0.75,0.2,8,16,0,2,0.585,0.75,1,worldModel,weighted,0,a2a0fec2,177,0,120,0.49078458743790787,0.47309468704586227,0.0176899003920456,0.29333333333333333,0.21,0.08333333333333334
600,245,0.28,0.3,3,0.05,0.05,0.05,2,0.152,0.0295,1,0.005,hybrid,0.1,0.5,0.3,0.01,0.0020833333333333333,0.0048,8,0.75,0.2,8,16,0,2,0.585,0.75,1,worldModel,weighted,0,a2a0fec2,178,0,120,0.47242511217792826,0.4589524147845805,0.013472697393347777,0.245,0.19,0.05499999999999999
600,245,0.28,0.3,3,0.05,0.05,0.05,2,0.152,0.03125,1,0.005,hybrid,0.1,0.5,0.3,0.01,0.0020833333333333333,0.0048,8,0.75,0.2,8,16,0,2,0.585,0.75,1,worldModel,weighted,0,a2a0fec2,179,0,120,0.47918379951268436,0.46385942251731954,0.015324376995364819,0.21166666666666667,0.17166666666666666,0.04000000000000001
600,245,0.28,0.3,3,0.05,0.05,0.05,2,0.152,0.033,1,0.005,hybrid,0.1,0.5,0.3,0.01,0.0020833333333333333,0.0048,8,0.75,0.2,8,16,0,2,0.585,0.75,1,worldModel,weighted,0,a2a0fec2,180,0,120,0.4864334923836092,0.4611189621624847,0.02531453022112451,0.24333333333333335,0.165,0.07833333333333334
600,245,0.28,0.3,3,0.05,0.05,0.05,2,0.152,0.03475,1,0.005,hybrid,0.1,0.5,0.3,0.01,0.0020833333333333333,0.0048,8,0.75,0.2,8,16,0,2,0.585,0.75,1,worldModel,weighted,0,a2a0fec2,181,0,120,0.4742431441942851,0.45395838376134634,0.020284760432938753,0.18833333333333332,0.135,0.053333333333333316
600,245,0.28,0.3,3,0.05,0.05,0.05,2,0.152,0.0365,1,0.005,hybrid,0.1,0.5,0.3,0.01,0.0020833333333333333,0.0048,8,0.75,0.2,8,16,0,2,0.585,0.75,1,worldModel,weighted,0,a2a0fec2,182,0,120,0.46751000423605243,0.44868577585245173,0.018824228383600705,0.185,0.14,0.044999999999999984
600,245,0.28,0.3,3,0.05,0.05,0.05,2,0.152,0.03825,1,0.005,hybrid,0.1,0.5,0.3,0.01,0.0020833333333333333,0.0048,8,0.75,0.2,8,16,0,2,0.585,0.75,1,worldModel,weighted,0,a2a0fec2,183,0,120,0.4736978529890378,0.4569343995427092,0.016763453446328624,0.225,0.175,0.05000000000000002
600,245,0.28,0.3,3,0.05,0.05,0.05,2,0.152,0.04,1,0.005,hybrid,0.1,0.5,0.3,0.01,0.0020833333333333333,0.0048,8,0.75,0.2,8,16,0,2,0.585,0.75,1,worldModel,weighted,0,a2a0fec2,184,0,120,0.47081434313828746,0.4497602081050475,0.02105413503323994,0.20166666666666666,0.1,0.10166666666666666
600,245,0.28,0.3,3,0.05,0.05,0.05,2,0.152,0.04175,1,0.005,hybrid,0.1,0.5,0.3,0.01,0.0020833333333333333,0.0048,8,0.75,0.2,8,16,0,2,0.585,0.75,1,worldModel,weighted,0,a2a0fec2,185,0,120,0.46805945973222457,0.4399169132920603,0.028142546440164284,0.14333333333333334,0.07166666666666667,0.07166666666666667
600,245,0.28,0.3,3,0.05,0.05,0.05,2,0.152,0.0435,1,0.005,hybrid,0.1,0.5,0.3,0.01,0.0020833333333333333,0.0048,8,0.75,0.2,8,16,0,2,0.585,0.75,1,worldModel,weighted,0,a2a0fec2,186,0,120,0.48175402959187824,0.4611418753489852,0.020612154242893033,0.21833333333333332,0.155,0.06333333333333332
600,245,0.28,0.3,3,0.05,0.05,0.05,2,0.152,0.04525,1,0.005,hybrid,0.1,0.5,0.3,0.01,0.0020833333333333333,0.0048,8,0.75,0.2,8,16,0,2,0.585,0.75,1,worldModel,weighted,0,a2a0fec2,187,0,120,0.4720277143331865,0.448264750353992,0.02376296397919453,0.18166666666666667,0.095,0.08666666666666667
600,245,0.28,0.3,3,0.05,0.05,0.05,2,0.152,0.047,1,0.005,hybrid,0.1,0.5,0.3,0.01,0.0020833333333333333,0.0048,8,0.75,0.2,8,16,0,2,0.585,0.75,1,worldModel,weighted,0,a2a0fec2,188,0,120,0.4718529853100578,0.44056098951026795,0.03129199579978986,0.11166666666666666,0.095,0.016666666666666663
600,245,0.28,0.3,3,0.05,0.05,0.05,2,0.161,0.012,1,0.005,hybrid,0.1,0.5,0.3,0.01,0.0020833333333333333,0.0048,8,0.75,0.2,8,16,0,2,0.585,0.75,1,worldModel,weighted,0,a2a0fec2,189,0,120,0.5147975085303187,0.49465731032192706,0.020140198208391635,0.43666666666666665,0.31,0.12666666666666665
600,245,0.28,0.3,3,0.05,0.05,0.05,2,0.161,0.01375,1,0.005,hybrid,0.1,0.5,0.3,0.01,0.0020833333333333333,0.0048,8,0.75,0.2,8,16,0,2,0.585,0.75,1,worldModel,weighted,0,a2a0fec2,190,0,120,0.518185040478905,0.504941045716405,0.013243994762500044,0.43833333333333335,0.37333333333333335,0.065
600,245,0.28,0.3,3,0.05,0.05,0.05,2,0.161,0.0155,1,0.005,hybrid,0.1,0.5,0.3,0.01,0.0020833333333333333,0.0048,8,0.75,0.2,8,16,0,2,0.585,0.75,1,worldModel,weighted,0,a2a0fec2,191,0,120,0.509781360309571,0.49155231123790144,0.018229049071669556,0.425,0.33,0.09499999999999997
600,245,0.28,0.3,3,0.05,0.05,0.05,2,0.161,0.01725,1,0.005,hybrid,0.1,0.5,0.3,0.01,0.0020833333333333333,0.0048,8,0.75,0.2,8,16,0,2,0.585,0.75,1,worldModel,weighted,0,a2a0fec2,192,0,120,0.5137498875831564,0.49148006772622466,0.022269819856931772,0.3516666666666667,0.3,0.051666666666666694
600,245,0.28,0.3,3,0.05,0.05,0.05,2,0.161,0.019,1,0.005,hybrid,0.1,0.5,0.3,0.01,0.0020833333333333333,0.0048,8,0.75,0.2,8,16,0,2,0.585,0.75,1,worldModel,weighted,0,a2a0fec2,193,0,120,0.4918087862432003,0.4685788037255406,0.023229982517659675,0.295,0.22,0.07499999999999998
600,245,0.28,0.3,3,0.05,0.05,0.05,2,0.161,0.02075,1,0.005,hybrid,0.1,0.5,0.3,0.01,0.0020833333333333333,0.0048,8,0.75,0.2,8,16,0,2,0.585,0.75,1,worldModel,weighted,0,a2a0fec2,194,0,120,0.4842361899465322,0.46166218479474386,0.022574005151788368,0.23666666666666666,0.20833333333333334,0.02833333333333332
600,245,0.28,0.3,3,0.05,0.05,0.05,2,0.161,0.0225,1,0.005,hybrid,0.1,0.5,0.3,0.01,0.0020833333333333333,0.0048,8,0.75,0.2,8,16,0,2,0.585,0.75,1,worldModel,weighted,0,a2a0fec2,195,0,120,0.5013865777974328,0.4738501337356865,0.027536444061746268,0.36,0.2633333333333333,0.09666666666666668
600,245,0.28,0.3,3,0.05,0.05,0.05,2,0.161,0.02425,1,0.005,hybrid,0.1,0.5,0.3,0.01,0.0020833333333333333,0.0048,8,0.75,0.2,8,16,0,2,0.585,0.75,1,worldModel,weighted,0,a2a0fec2,196,0,120,0.4759647447243333,0.45563644694164396,0.020328297782689353,0.2633333333333333,0.19666666666666666,0.06666666666666665
600,245,0.28,0.3,3,0.05,0.05,0.05,2,0.161,0.026,1,0.005,hybrid,0.1,0.5,0.3,0.01,0.0020833333333333333,0.0048,8,0.75,0.2,8,16,0,2,0.585,0.75,1,worldModel,weighted,0,a2a0fec2,197,0,120,0.496262309824427,0.467531537146618,0.02873077267780899,0.30833333333333335,0.26166666666666666,0.04666666666666669
600,245,0.28,0.3,3,0.05,0.05,0.05,2,0.161,0.02775,1,0.005,hybrid,0.1,0.5,0.3,0.01,0.0020833333333333333,0.0048,8,0.75,0.2,8,16,0,2,0.585,0.75,1,worldModel,weighted,0,a2a0fec2,198,0,120,0.4771148735222717,0.461292664843301,0.015822208678970717,0.2916666666666667,0.165,0.12666666666666668
600,245,0.28,0.3,3,0.05,0.05,0.05,2,0.161,0.0295,1,0.005,hybrid,0.1,0.5,0.3,0.01,0.0020833333333333333,0.0048,8,0.75,0.2,8,16,0,2,0.585,0.75,1,worldModel,weighted,0,a2a0fec2,199,0,120,0.47483567969252666,0.4452708737924695,0.029564805900057167,0.22333333333333333,0.15833333333333333,0.065
600,245,0.28,0.3,3,0.05,0.05,0.05,2,0.161,0.03125,1,0.005,hybrid,0.1,0.5,0.3,0.01,0.0020833333333333333,0.0048,8,0.75,0.2,8,16,0,2,0.585,0.75,1,worldModel,weighted,0,a2a0fec2,200,0,120,0.48639168496554097,0.4711450706794858,0.015246614286055171,0.27666666666666667,0.20333333333333334,0.07333333333333333
600,245,0.28,0.3,3,0.05,0.05,0.05,2,0.161,0.033,1,0.005,hybrid,0.1,0.5,0.3,0.01,0.0020833333333333333,0.0048,8,0.75,0.2,8,16,0,2,0.585,0.75,1,worldModel,weighted,0,a2a0fec2,201,0,120,0.4769320214726031,0.4552693890904387,0.021662632382164426,0.20666666666666667,0.12333333333333334,0.08333333333333333
600,245,0.28,0.3,3,0.05,0.05,0.05,2,0.161,0.03475,1,0.005,hybrid,0.1,0.5,0.3,0.01,0.0020833333333333333,0.0048,8,0.75,0.2,8,16,0,2,0.585,0.75,1,worldModel,weighted,0,a2a0fec2,202,0,120,0.4869184994076689,0.47086623005568984,0.016052269351979065,0.24333333333333335,0.17333333333333334,0.07
600,245,0.28,0.3,3,0.05,0.05,0.05,2,0.161,0.0365,1,0.005,hybrid,0.1,0.5,0.3,0.01,0.0020833333333333333,0.0048,8,0.75,0.2,8,16,0,2,0.585,0.75,1,worldModel,weighted,0,a2a0fec2,203,0,120,0.46887192739794653,0.4567032197117806,0.012168707686165958,0.16,0.13833333333333334,0.021666666666666667
600,245,0.28,0.3,3,0.05,0.05,0.05,2,0.161,0.03825,1,0.005,hybrid,0.1,0.5,0.3,0.01,0.0020833333333333333,0.0048,8,0.75,0.2,8,16,0,2,0.585,0.75,1,worldModel,weighted,0,a2a0fec2,204,0,120,0.47126474431405463,0.4610518617245058,0.010212882589548833,0.23,0.185,0.04500000000000001
600,245,0.28,0.3,3,0.05,0.05,0.05,2,0.161,0.04,1,0.005,hybrid,0.1,0.5,0.3,0.01,0.0020833333333333333,0.0048,8,0.75,0.2,8,16,0,2,0.585,0.75,1,worldModel,weighted,0,a2a0fec2,205,0,120,0.46699375508973995,0.4445487549776832,0.022445000112056746,0.17333333333333334,0.10666666666666667,0.06666666666666667
600,245,0.28,0.3,3,0.05,0.05,0.05,2,0.161,0.04175,1,0.005,hybrid,0.1,0.5,0.3,0.01,0.0020833333333333333,0.0048,8,0.75,0.2,8,16,0,2,0.585,0.75,1,worldModel,weighted,0,a2a0fec2,206,0,120,0.47804174793263277,0.4594637506144742,0.018577997318158568,0.175,0.115,0.059999999999999984
600,245,0.28,0.3,3,0.05,0.05,0.05,2,0.161,0.0435,1,0.005,hybrid,0.1,0.5,0.3,0.01,0.0020833333333333333,0.0048,8,0.75,0.2,8,16,0,2,0.585,0.75,1,worldModel,weighted,0,a2a0fec2,207,0,120,0.4683797125518322,0.45109103825564184,0.017288674296190354,0.15666666666666668,0.12666666666666668,0.03
600,245,0.28,0.3,3,0.05,0.05,0.05,2,0.161,0.04525,1,0.005,hybrid,0.1,0.5,0.3,0.01,0.0020833333333333333,0.0048,8,0.75,0.2,8,16,0,2,0.585,0.75,1,worldModel,weighted,0,a2a0fec2,208,0,120,0.4813703119630615,0.4520826357851426,0.029287676177918942,0.23833333333333334,0.135,0.10333333333333333
600,245,0.28,0.3,3,0.05,0.05,0.05,2,0.161,0.047,1,0.005,hybrid,0.1,0.5,0.3,0.01,0.0020833333333333333,0.0048,8,0.75,0.2,8,16,0,2,0.585,0.75,1,worldModel,weighted,0,a2a0fec2,209,0,120,0.46551482294996577,0.44468601962551474,0.02082880332445103,0.13833333333333334,0.09,0.04833333333333334
600,245,0.28,0.3,3,0.05,0.05,0.05,2,0.17,0.012,1,0.005,hybrid,0.1,0.5,0.3,0.01,0.0020833333333333333,0.0048,8,0.75,0.2,8,16,0,2,0.585,0.75,1,worldModel,weighted,0,a2a0fec2,210,0,120,0.5154872121786078,0.49821707810585697,0.017270134072750853,0.42333333333333334,0.3466666666666667,0.07666666666666666
600,245,0.28,0.3,3,0.05,0.05,0.05,2,0.17,0.01375,1,0.005,hybrid,0.1,0.5,0.3,0.01,0.0020833333333333333,0.0048,8,0.75,0.2,8,16,0,2,0.585,0.75,1,worldModel,weighted,0,a2a0fec2,211,0,120,0.5234837299399078,0.5024151871353388,0.021068542804568935,0.4166666666666667,0.325,0.09166666666666667
600,245,0.28,0.3,3,0.05,0.05,0.05,2,0.17,0.0155,1,0.005,hybrid,0.1,0.5,0.3,0.01,0.0020833333333333333,0.0048,8,0.75,0.2,8,16,0,2,0.585,0.75,1,worldModel,weighted,0,a2a0fec2,212,0,120,0.5211788603415092,0.5051948579711218,0.01598400237038733,0.44,0.375,0.065
600,245,0.28,0.3,3,0.05,0.05,0.05,2,0.17,0.01725,1,0.005,hybrid,0.1,0.5,0.3,0.01,0.0020833333333333333,0.0048,8,0.75,0.2,8,16,0,2,0.585,0.75,1,worldModel,weighted,0,a2a0fec2,213,0,120,0.5135425132885575,0.48760821151236694,0.02593430177619055,0.4033333333333333,0.30666666666666664,0.09666666666666668
600,245,0.28,0.3,3,0.05,0.05,0.05,2,0.17,0.019,1,0.005,hybrid,0.1,0.5,0.3,0.01,0.0020833333333333333,0.0048,8,0.75,0.2,8,16,0,2,0.585,0.75,1,worldModel,weighted,0,a2a0fec2,214,0,120,0.5048636720639964,0.48864763403311373,0.016216038030882673,0.36333333333333334,0.27,0.09333333333333332
600,245,0.28,0.3,3,0.05,0.05,0.05,2,0.17,0.02075,1,0.005,hybrid,0.1,0.5,0.3,0.01,0.0020833333333333333,0.0048,8,0.75,0.2,8,16,0,2,0.585,0.75,1,worldModel,weighted,0,a2a0fec2,215,0,120,0.5017168727268775,0.47207135359446206,0.02964551913241542,0.39166666666666666,0.3,0.09166666666666667
600,245,0.28,0.3,3,0.05,0.05,0.05,2,0.17,0.0225,1,0.005,hybrid,0.1,0.5,0.3,0.01,0.0020833333333333333,0.0048,8,0.75,0.2,8,16,0,2,0.585,0.75,1,worldModel,weighted,0,a2a0fec2,216,0,120,0.5056680764009556,0.4796470637495319,0.026021012651423647,0.375,0.25666666666666665,0.11833333333333335
600,245,0.28,0.3,3,0.05,0.05,0.05,2,0.17,0.02425,1,0.005,hybrid,0.1,0.5,0.3,0.01,0.0020833333333333333,0.0048,8,0.75,0.2,8,16,0,2,0.585,0.75,1,worldModel,weighted,0,a2a0fec2,217,0,120,0.48426355972265206,0.47331672930469115,0.010946830417960907,0.3233333333333333,0.26166666666666666,0.06166666666666665
600,245,0.28,0.3,3,0.05,0.05,0.05,2,0.17,0.026,1,0.005,hybrid,0.1,0.5,0.3,0.01,0.0020833333333333333,0.0048,8,0.75,0.2,8,16,0,2,0.585,0.75,1,worldModel,weighted,0,a2a0fec2,218,0,120,0.4924425377696753,0.470475221388042,0.021967316381633295,0.31833333333333336,0.25333333333333335,0.065
600,245,0.28,0.3,3,0.05,0.05,0.05,2,0.17,0.02775,1,0.005,hybrid,0.1,0.5,0.3,0.01,0.0020833333333333333,0.0048,8,0.75,0.2,8,16,0,2,0.585,0.75,1,worldModel,weighted,0,a2a0fec2,219,0,120,0.49416258310899136,0.46649761360138653,0.02766496950760483,0.28833333333333333,0.22166666666666668,0.06666666666666665
600,245,0.28,0.3,3,0.05,0.05,0.05,2,0.17,0.0295,1,0.005,hybrid,0.1,0.5,0.3,0.01,0.0020833333333333333,0.0048,8,0.75,0.2,8,16,0,2,0.585,0.75,1,worldModel,weighted,0,a2a0fec2,220,0,120,0.49657827583452063,0.46674894029274583,0.029829335541774804,0.30333333333333334,0.23666666666666666,0.06666666666666668
600,245,0.28,0.3,3,0.05,0.05,0.05,2,0.17,0.03125,1,0.005,hybrid,0.1,0.5,0.3,0.01,0.0020833333333333333,0.0048,8,0.75,0.2,8,16,0,2,0.585,0.75,1,worldModel,weighted,0,a2a0fec2,221,0,120,0.48585918644443155,0.46794960882514713,0.01790957761928441,0.18833333333333332,0.16,0.02833333333333332
600,245,0.28,0.3,3,0.05,0.05,0.05,2,0.17,0.033,1,0.005,hybrid,0.1,0.5,0.3,0.01,0.0020833333333333333,0.0048,8,0.75,0.2,8,16,0,2,0.585,0.75,1,worldModel,weighted,0,a2a0fec2,222,0,120,0.48472336403404676,0.4659600606622795,0.018763303371767237,0.24666666666666667,0.19666666666666666,0.05000000000000002
600,245,0.28,0.3,3,0.05,0.05,0.05,2,0.17,0.03475,1,0.005,hybrid,0.1,0.5,0.3,0.01,0.0020833333333333333,0.0048,8,0.75,0.2,8,16,0,2,0.585,0.75,1,worldModel,weighted,0,a2a0fec2,223,0,120,0.4773677330215772,0.46623452097177503,0.011133212049802166,0.20666666666666667,0.15166666666666667,0.05499999999999999
600,245,0.28,0.3,3,0.05,0.05,0.05,2,0.17,0.0365,1,0.005,hybrid,0.1,0.5,0.3,0.01,0.0020833333333333333,0.0048,8,0.75,0.2,8,16,0,2,0.585,0.75,1,worldModel,weighted,0,a2a0fec2,224,0,120,0.4728413859009743,0.4587190214979152,0.014122364403059084,0.205,0.15,0.05499999999999999
600,245,0.28,0.3,3,0.05,0.05,0.05,2,0.17,0.03825,1,0.005,hybrid,0.1,0.5,0.3,0.01,0.0020833333333333333,0.0048,8,0.75,0.2,8,16,0,2,0.585,0.75,1,worldModel,weighted,0,a2a0fec2,225,0,120,0.48407261563465,0.4624380438153942,0.021634571819255766,0.285,0.21833333333333332,0.06666666666666665
600,245,0.28,0.3,3,0.05,0.05,0.05,2,0.17,0.04,1,0.005,hybrid,0.1,0.5,0.3,0.01,0.0020833333333333333,0.0048,8,0.75,0.2,8,16,0,2,0.585,0.75,1,worldModel,weighted,0,a2a0fec2,226,0,120,0.467995078333964,0.44727937020982306,0.02071570812414092,0.16833333333333333,0.10333333333333333,0.065
600,245,0.28,0.3,3,0.05,0.05,0.05,2,0.17,0.04175,1,0.005,hybrid,0.1,0.5,0.3,0.01,0.0020833333333333333,0.0048,8,0.75,0.2,8,16,0,2,0.585,0.75,1,worldModel,weighted,0,a2a0fec2,227,0,120,0.48318664335335293,0.46032183354099593,0.022864809812357,0.22333333333333333,0.16166666666666665,0.061666666666666675
600,245,0.28,0.3,3,0.05,0.05,0.05,2,0.17,0.0435,1,0.005,hybrid,0.1,0.5,0.3,0.01,0.0020833333333333333,0.0048,8,0.75,0.2,8,16,0,2,0.585,0.75,1,worldModel,weighted,0,a2a0fec2,228,0,120,0.4830811944852273,0.4581392044884463,0.02494198999678099,0.21333333333333335,0.125,0.08833333333333335
600,245,0.28,0.3,3,0.05,0.05,0.05,2,0.17,0.04525,1,0.005,hybrid,0.1,0.5,0.3,0.01,0.0020833333333333333,0.0048,8,0.75,0.2,8,16,0,2,0.585,0.75,1,worldModel,weighted,0,a2a0fec2,229,0,120,0.48433852815379697,0.46239391731098295,0.021944610842814016,0.22,0.165,0.05499999999999999
600,245,0.28,0.3,3,0.05,0.05,0.05,2,0.17,0.047,1,0.005,hybrid,0.1,0.5,0.3,0.01,0.0020833333333333333,0.0048,8,0.75,0.2,8,16,0,2,0.585,0.75,1,worldModel,weighted,0,a2a0fec2,230,0,120,0.46709533359234534,0.44128300444533425,0.025812329147011093,0.18,0.09333333333333334,0.08666666666666666
600,245,0.28,0.3,3,0.05,0.05,0.05,2,0.179,0.012,1,0.005,hybrid,0.1,0.5,0.3,0.01,0.0020833333333333333,0.0048,8,0.75,0.2,8,16,0,2,0.585,0.75,1,worldModel,weighted,0,a2a0fec2,231,0,120,0.5234254098248978,0.5007649253122508,0.022660484512647017,0.425,0.36833333333333335,0.05666666666666664
600,245,0.28,0.3,3,0.05,0.05,0.05,2,0.179,0.01375,1,0.005,hybrid,0.1,0.5,0.3,0.01,0.0020833333333333333,0.0048,8,0.75,0.2,8,16,0,2,0.585,0.75,1,worldModel,weighted,0,a2a0fec2,232,0,120,0.5104130865633487,0.5024354876826207,0.00797759888072802,0.39166666666666666,0.37166666666666665,0.020000000000000018
600,245,0.28,0.3,3,0.05,0.05,0.05,2,0.179,0.0155,1,0.005,hybrid,0.1,0.5,0.3,0.01,0.0020833333333333333,0.0048,8,0.75,0.2,8,16,0,2,0.585,0.75,1,worldModel,weighted,0,a2a0fec2,233,0,120,0.5027245349436998,0.4940887574851513,0.008635777458548544,0.3433333333333333,0.32,0.023333333333333317
600,245,0.28,0.3,3,0.05,0.05,0.05,2,0.179,0.01725,1,0.005,hybrid,0.1,0.5,0.3,0.01,0.0020833333333333333,0.0048,8,0.75,0.2,8,16,0,2,0.585,0.75,1,worldModel,weighted,0,a2a0fec2,234,0,120,0.5044192574732006,0.4902191273868084,0.014200130086392204,0.365,0.30833333333333335,0.05666666666666664
600,245,0.28,0.3,3,0.05,0.05,0.05,2,0.179,0.019,1,0.005,hybrid,0.1,0.5,0.3,0.01,0.0020833333333333333,0.0048,8,0.75,0.2,8,16,0,2,0.585,0.75,1,worldModel,weighted,0,a2a0fec2,235,0,120,0.5146767566539348,0.49203486441324157,0.022641892240693184,0.38,0.2916666666666667,0.08833333333333332
600,245,0.28,0.3,3,0.05,0.05,0.05,2,0.179,0.02075,1,0.005,hybrid,0.1,0.5,0.3,0.01,0.0020833333333333333,0.0048,8,0.75,0.2,8,16,0,2,0.585,0.75,1,worldModel,weighted,0,a2a0fec2,236,0,120,0.5019868856109678,0.48064630733182034,0.021340578279147482,0.36333333333333334,0.30666666666666664,0.0566666666666667
600,245,0.28,0.3,3,0.05,0.05,0.05,2,0.179,0.0225,1,0.005,hybrid,0.1,0.5,0.3,0.01,0.0020833333333333333,0.0048,8,0.75,0.2,8,16,0,2,0.585,0.75,1,worldModel,weighted,0,a2a0fec2,237,0,120,0.4911322137278815,0.4637897994183004,0.02734241430958112,0.27166666666666667,0.15333333333333332,0.11833333333333335
600,245,0.28,0.3,3,0.05,0.05,0.05,2,0.179,0.02425,1,0.005,hybrid,0.1,0.5,0.3,0.01,0.0020833333333333333,0.0048,8,0.75,0.2,8,16,0,2,0.585,0.75,1,worldModel,weighted,0,a2a0fec2,238,0,120,0.49557197054848073,0.48220317436382176,0.013368796184658971,0.325,0.26166666666666666,0.06333333333333335
600,245,0.28,0.3,3,0.05,0.05,0.05,2,0.179,0.026,1,0.005,hybrid,0.1,0.5,0.3,0.01,0.0020833333333333333,0.0048,8,0.75,0.2,8,16,0,2,0.585,0.75,1,worldModel,weighted,0,a2a0fec2,239,0,120,0.49405373670781655,0.4713279086475571,0.022725828060259468,0.2816666666666667,0.21333333333333335,0.06833333333333333
600,245,0.28,0.3,3,0.05,0.05,0.05,2,0.179,0.02775,1,0.005,hybrid,0.1,0.5,0.3,0.01,0.0020833333333333333,0.0048,8,0.75,0.2,8,16,0,2,0.585,0.75,1,worldModel,weighted,0,a2a0fec2,240,0,120,0.49456312468275426,0.4753692561450104,0.019193868537743852,0.3233333333333333,0.245,0.07833333333333331
600,245,0.28,0.3,3,0.05,0.05,0.05,2,0.179,0.0295,1,0.005,hybrid,0.1,0.5,0.3,0.01,0.0020833333333333333,0.0048,8,0.75,0.2,8,16,0,2,0.585,0.75,1,worldModel,weighted,0,a2a0fec2,241,0,120,0.5037215704284609,0.48120375191792847,0.022517818510532417,0.31,0.23833333333333334,0.07166666666666666
600,245,0.28,0.3,3,0.05,0.05,0.05,2,0.179,0.03125,1,0.005,hybrid,0.1,0.5,0.3,0.01,0.0020833333333333333,0.0048,8,0.75,0.2,8,16,0,2,0.585,0.75,1,worldModel,weighted,0,a2a0fec2,242,0,120,0.5023804342374205,0.48691134493177135,0.015469089305649164,0.32166666666666666,0.2633333333333333,0.05833333333333335
600,245,0.28,0.3,3,0.05,0.05,0.05,2,0.179,0.033,1,0.005,hybrid,0.1,0.5,0.3,0.01,0.0020833333333333333,0.0048,8,0.75,0.2,8,16,0,2,0.585,0.75,1,worldModel,weighted,0,a2a0fec2,243,0,120,0.4802255335946878,0.4545281809878846,0.02569735260680317,0.2866666666666667,0.195,0.09166666666666667
600,245,0.28,0.3,3,0.05,0.05,0.05,2,0.179,0.03475,1,0.005,hybrid,0.1,0.5,0.3,0.01,0.0020833333333333333,0.0048,8,0.75,0.2,8,16,0,2,0.585,0.75,1,worldModel,weighted,0,a2a0fec2,244,0,120,0.4824881137783329,0.44748339171210927,0.035004722066223626,0.19833333333333333,0.09,0.10833333333333334
600,245,0.28,0.3,3,0.05,0.05,0.05,2,0.179,0.0365,1,0.005,hybrid,0.1,0.5,0.3,0.01,0.0020833333333333333,0.0048,8,0.75,0.2,8,16,0,2,0.585,0.75,1,worldModel,weighted,0,a2a0fec2,245,0,120,0.4848119299362103,0.4653789983627697,0.019432931573440615,0.22833333333333333,0.15666666666666668,0.07166666666666666
600,245,0.28,0.3,3,0.05,0.05,0.05,2,0.179,0.03825,1,0.005,hybrid,0.1,0.5,0.3,0.01,0.0020833333333333333,0.0048,8,0.75,0.2,8,16,0,2,0.585,0.75,1,worldModel,weighted,0,a2a0fec2,246,0,120,0.48481430041914186,0.4587303957591454,0.026083904659996437,0.25166666666666665,0.15833333333333333,0.09333333333333332
600,245,0.28,0.3,3,0.05,0.05,0.05,2,0.179,0.04,1,0.005,hybrid,0.1,0.5,0.3,0.01,0.0020833333333333333,0.0048,8,0.75,0.2,8,16,0,2,0.585,0.75,1,worldModel,weighted,0,a2a0fec2,247,0,120,0.47842591900378467,0.4571263987508913,0.02129952025289339,0.19833333333333333,0.11666666666666667,0.08166666666666667
600,245,0.28,0.3,3,0.05,0.05,0.05,2,0.179,0.04175,1,0.005,hybrid,0.1,0.5,0.3,0.01,0.0020833333333333333,0.0048,8,0.75,0.2,8,16,0,2,0.585,0.75,1,worldModel,weighted,0,a2a0fec2,248,0,120,0.48694808468222617,0.46042616127058866,0.026521923411637505,0.23833333333333334,0.145,0.09333333333333335
600,245,0.28,0.3,3,0.05,0.05,0.05,2,0.179,0.0435,1,0.005,hybrid,0.1,0.5,0.3,0.01,0.0020833333333333333,0.0048,8,0.75,0.2,8,16,0,2,0.585,0.75,1,worldModel,weighted,0,a2a0fec2,249,0,120,0.4820596188368897,0.46222779938951136,0.01983181944737833,0.23833333333333334,0.17166666666666666,0.06666666666666668
600,245,0.28,0.3,3,0.05,0.05,0.05,2,0.179,0.04525,1,0.005,hybrid,0.1,0.5,0.3,0.01,0.0020833333333333333,0.0048,8,0.75,0.2,8,16,0,2,0.585,0.75,1,worldModel,weighted,0,a2a0fec2,250,0,120,0.47941887424016993,0.4529092954968413,0.026509578743328654,0.17166666666666666,0.08,0.09166666666666666
600,245,0.28,0.3,3,0.05,0.05,0.05,2,0.179,0.047,1,0.005,hybrid,0.1,0.5,0.3,0.01,0.0020833333333333333,0.0048,8,0.75,0.2,8,16,0,2,0.585,0.75,1,worldModel,weighted,0,a2a0fec2,251,0,120,0.45673320554196833,0.43982667157426475,0.016906533967703585,0.165,0.11,0.05500000000000001
600,245,0.28,0.3,3,0.05,0.05,0.05,2,0.188,0.012,1,0.005,hybrid,0.1,0.5,0.3,0.01,0.0020833333333333333,0.0048,8,0.75,0.2,8,16,0,2,0.585,0.75,1,worldModel,weighted,0,a2a0fec2,252,0,120,0.5209409416156511,0.49819942337771256,0.02274151823793852,0.4483333333333333,0.35,0.09833333333333333
600,245,0.28,0.3,3,0.05,0.05,0.05,2,0.188,0.01375,1,0.005,hybrid,0.1,0.5,0.3,0.01,0.0020833333333333333,0.0048,8,0.75,0.2,8,16,0,2,0.585,0.75,1,worldModel,weighted,0,a2a0fec2,253,0,120,0.5295162028695146,0.502833542296042,0.026682660573472572,0.4583333333333333,0.36666666666666664,0.09166666666666667
600,245,0.28,0.3,3,0.05,0.05,0.05,2,0.188,0.0155,1,0.005,hybrid,0.1,0.5,0.3,0.01,0.0020833333333333333,0.0048,8,0.75,0.2,8,16,0,2,0.585,0.75,1,worldModel,weighted,0,a2a0fec2,254,0,120,0.5159396730549634,0.4871695952489972,0.028770077805966132,0.37666666666666665,0.28,0.09666666666666662
600,245,0.28,0.3,3,0.05,0.05,0.05,2,0.188,0.01725,1,0.005,hybrid,0.1,0.5,0.3,0.01,0.0020833333333333333,0.0048,8,0.75,0.2,8,16,0,2,0.585,0.75,1,worldModel,weighted,0,a2a0fec2,255,0,120,0.5179459433381756,0.5078609458481272,0.01008499749004832,0.4066666666666667,0.34833333333333333,0.05833333333333335
600,245,0.28,0.3,3,0.05,0.05,0.05,2,0.188,0.019,1,0.005,hybrid,0.1,0.5,0.3,0.01,0.0020833333333333333,0.0048,8,0.75,0.2,8,16,0,2,0.585,0.75,1,worldModel,weighted,0,a2a0fec2,256,0,120,0.4975144512640933,0.48723488283654054,0.010279568427552788,0.33,0.275,0.05499999999999999
600,245,0.28,0.3,3,0.05,0.05,0.05,2,0.188,0.02075,1,0.005,hybrid,0.1,0.5,0.3,0.01,0.0020833333333333333,0.0048,8,0.75,0.2,8,16,0,2,0.585,0.75,1,worldModel,weighted,0,a2a0fec2,257,0,120,0.49453749865914387,0.47124973360449074,0.02328776505465313,0.3016666666666667,0.27,0.031666666666666676
600,245,0.28,0.3,3,0.05,0.05,0.05,2,0.188,0.0225,1,0.005,hybrid,0.1,0.5,0.3,0.01,0.0020833333333333333,0.0048,8,0.75,0.2,8,16,0,2,0.585,0.75,1,worldModel,weighted,0,a2a0fec2,258,0,120,0.4966750071321924,0.4813523719459772,0.015322635186215239,0.34,0.2783333333333333,0.0616666666666667
600,245,0.28,0.3,3,0.05,0.05,0.05,2,0.188,0.02425,1,0.005,hybrid,0.1,0.5,0.3,0.01,0.0020833333333333333,0.0048,8,0.75,0.2,8,16,0,2,0.585,0.75,1,worldModel,weighted,0,a2a0fec2,259,0,120,0.49086993472029766,0.47402452434102693,0.01684541037927073,0.25833333333333336,0.17833333333333334,0.08000000000000002
600,245,0.28,0.3,3,0.05,0.05,0.05,2,0.188,0.026,1,0.005,hybrid,0.1,0.5,0.3,0.01,0.0020833333333333333,0.0048,8,0.75,0.2,8,16,0,2,0.585,0.75,1,worldModel,weighted,0,a2a0fec2,260,0,120,0.5047017573875685,0.4839231537282467,0.020778603659321826,0.35333333333333333,0.26166666666666666,0.09166666666666667
600,245,0.28,0.3,3,0.05,0.05,0.05,2,0.188,0.02775,1,0.005,hybrid,0.1,0.5,0.3,0.01,0.0020833333333333333,0.0048,8,0.75,0.2,8,16,0,2,0.585,0.75,1,worldModel,weighted,0,a2a0fec2,261,0,120,0.4820814609962205,0.4575903430643181,0.024491117931902395,0.23666666666666666,0.16666666666666666,0.07
600,245,0.28,0.3,3,0.05,0.05,0.05,2,0.188,0.0295,1,0.005,hybrid,0.1,0.5,0.3,0.01,0.0020833333333333333,0.0048,8,0.75,0.2,8,16,0,2,0.585,0.75,1,worldModel,weighted,0,a2a0fec2,262,0,120,0.477438790500164,0.4546975448789696,0.02274124562119445,0.22,0.165,0.05499999999999999
600,245,0.28,0.3,3,0.05,0.05,0.05,2,0.188,0.03125,1,0.005,hybrid,0.1,0.5,0.3,0.01,0.0020833333333333333,0.0048,8,0.75,0.2,8,16,0,2,0.585,0.75,1,worldModel,weighted,0,a2a0fec2,263,0,120,0.4802649100745718,0.4755619679639737,0.004702942110598074,0.24833333333333332,0.19666666666666666,0.051666666666666666
600,245,0.28,0.3,3,0.05,0.05,0.05,2,0.188,0.033,1,0.005,hybrid,0.1,0.5,0.3,0.01,0.0020833333333333333,0.0048,8,0.75,0.2,8,16,0,2,0.585,0.75,1,worldModel,weighted,0,a2a0fec2,264,0,120,0.4947511017136276,0.4755710579206546,0.019180043792972945,0.26666666666666666,0.17166666666666666,0.095
600,245,0.28,0.3,3,0.05,0.05,0.05,2,0.188,0.03475,1,0.005,hybrid,0.1,0.5,0.3,0.01,0.0020833333333333333,0.0048,8,0.75,0.2,8,16,0,2,0.585,0.75,1,worldModel,weighted,0,a2a0fec2,265,0,120,0.4762644138435523,0.45786294581368564,0.01840146802986664,0.205,0.10333333333333333,0.10166666666666666
600,245,0.28,0.3,3,0.05,0.05,0.05,2,0.188,0.0365,1,0.005,hybrid,0.1,0.5,0.3,0.01,0.0020833333333333333,0.0048,8,0.75,0.2,8,16,0,2,0.585,0.75,1,worldModel,weighted,0,a2a0fec2,266,0,120,0.4878335352304081,0.4614893818522493,0.02634415337815882,0.22833333333333333,0.21166666666666667,0.016666666666666663
600,245,0.28,0.3,3,0.05,0.05,0.05,2,0.188,0.03825,1,0.005,hybrid,0.1,0.5,0.3,0.01,0.0020833333333333333,0.0048,8,0.75,0.2,8,16,0,2,0.585,0.75,1,worldModel,weighted,0,a2a0fec2,267,0,120,0.4740082314237952,0.4547682066075504,0.019240024816244816,0.21166666666666667,0.13666666666666666,0.07500000000000001
600,245,0.28,0.3,3,0.05,0.05,0.05,2,0.188,0.04,1,0.005,hybrid,0.1,0.5,0.3,0.01,0.0020833333333333333,0.0048,8,0.75,0.2,8,16,0,2,0.585,0.75,1,worldModel,weighted,0,a2a0fec2,268,0,120,0.47967399479821327,0.4584446856379509,0.02122930916026239,0.235,0.105,0.13
600,245,0.28,0.3,3,0.05,0.05,0.05,2,0.188,0.04175,1,0.005,hybrid,0.1,0.5,0.3,0.01,0.0020833333333333333,0.0048,8,0.75,0.2,8,16,0,2,0.585,0.75,1,worldModel,weighted,0,a2a0fec2,269,0,120,0.48749455298607547,0.4628855471685529,0.024609005817522567,0.21833333333333332,0.16333333333333333,0.05499999999999999
600,245,0.28,0.3,3,0.05,0.05,0.05,2,0.188,0.0435,1,0.005,hybrid,0.1,0.5,0.3,0.01,0.0020833333333333333,0.0048,8,0.75,0.2,8,16,0,2,0.585,0.75,1,worldModel,weighted,0,a2a0fec2,270,0,120,0.47229235724856455,0.4566859720647335,0.015606385183831062,0.19166666666666668,0.135,0.05666666666666667
600,245,0.28,0.3,3,0.05,0.05,0.05,2,0.188,0.04525,1,0.005,hybrid,0.1,0.5,0.3,0.01,0.0020833333333333333,0.0048,8,0.75,0.2,8,16,0,2,0.585,0.75,1,worldModel,weighted,0,a2a0fec2,271,0,120,0.4670778362266719,0.4475645310866336,0.01951330514003835,0.17166666666666666,0.11333333333333333,0.058333333333333334
600,245,0.28,0.3,3,0.05,0.05,0.05,2,0.188,0.047,1,0.005,hybrid,0.1,0.5,0.3,0.01,0.0020833333333333333,0.0048,8,0.75,0.2,8,16,0,2,0.585,0.75,1,worldModel,weighted,0,a2a0fec2,272,0,120,0.4758043075911701,0.4470381074522932,0.028766200138876874,0.235,0.10166666666666667,0.1333333333333333
600,245,0.28,0.3,3,0.05,0.05,0.05,2,0.197,0.012,1,0.005,hybrid,0.1,0.5,0.3,0.01,0.0020833333333333333,0.0048,8,0.75,0.2,8,16,0,2,0.585,0.75,1,worldModel,weighted,0,a2a0fec2,273,0,120,0.5317398538192113,0.5176658509857952,0.014074002833416088,0.495,0.3983333333333333,0.09666666666666668
600,245,0.28,0.3,3,0.05,0.05,0.05,2,0.197,0.01375,1,0.005,hybrid,0.1,0.5,0.3,0.01,0.0020833333333333333,0.0048,8,0.75,0.2,8,16,0,2,0.585,0.75,1,worldModel,weighted,0,a2a0fec2,274,0,120,0.5023386966561277,0.48591946591312685,0.01641923074300089,0.36,0.2816666666666667,0.07833333333333331
600,245,0.28,0.3,3,0.05,0.05,0.05,2,0.197,0.0155,1,0.005,hybrid,0.1,0.5,0.3,0.01,0.0020833333333333333,0.0048,8,0.75,0.2,8,16,0,2,0.585,0.75,1,worldModel,weighted,0,a2a0fec2,275,0,120,0.5281384363832573,0.5079541024751961,0.02018433390806118,0.43833333333333335,0.365,0.07333333333333336
600,245,0.28,0.3,3,0.05,0.05,0.05,2,0.197,0.01725,1,0.005,hybrid,0.1,0.5,0.3,0.01,0.0020833333333333333,0.0048,8,0.75,0.2,8,16,0,2,0.585,0.75,1,worldModel,weighted,0,a2a0fec2,276,0,120,0.5194025808386504,0.4957862264662981,0.02361635437235232,0.4033333333333333,0.315,0.08833333333333332
600,245,0.28,0.3,3,0.05,0.05,0.05,2,0.197,0.019,1,0.005,hybrid,0.1,0.5,0.3,0.01,0.0020833333333333333,0.0048,8,0.75,0.2,8,16,0,2,0.585,0.75,1,worldModel,weighted,0,a2a0fec2,277,0,120,0.49474340266237654,0.4739356496930122,0.020807752969364324,0.3283333333333333,0.255,0.0733333333333333
600,245,0.28,0.3,3,0.05,0.05,0.05,2,0.197,0.02075,1,0.005,hybrid,0.1,0.5,0.3,0.01,0.0020833333333333333,0.0048,8,0.75,0.2,8,16,0,2,0.585,0.75,1,worldModel,weighted,0,a2a0fec2,278,0,120,0.4892403877650698,0.47416174091398716,0.015078646851082622,0.2916666666666667,0.18666666666666668,0.10500000000000001
600,245,0.28,0.3,3,0.05,0.05,0.05,2,0.197,0.0225,1,0.005,hybrid,0.1,0.5,0.3,0.01,0.0020833333333333333,0.0048,8,0.75,0.2,8,16,0,2,0.585,0.75,1,worldModel,weighted,0,a2a0fec2,279,0,120,0.5033565726814171,0.4843093277824422,0.019047244898974913,0.31666666666666665,0.25,0.06666666666666665
600,245,0.28,0.3,3,0.05,0.05,0.05,2,0.197,0.02425,1,0.005,hybrid,0.1,0.5,0.3,0.01,0.0020833333333333333,0.0048,8,0.75,0.2,8,16,0,2,0.585,0.75,1,worldModel,weighted,0,a2a0fec2,280,0,120,0.5013929804538687,0.4768378335920473,0.02455514686182142,0.31,0.24833333333333332,0.061666666666666675
600,245,0.28,0.3,3,0.05,0.05,0.05,2,0.197,0.026,1,0.005,hybrid,0.1,0.5,0.3,0.01,0.0020833333333333333,0.0048,8,0.75,0.2,8,16,0,2,0.585,0.75,1,worldModel,weighted,0,a2a0fec2,281,0,120,0.5147206947642068,0.48002763530860343,0.03469305945560336,0.36333333333333334,0.23666666666666666,0.12666666666666668
600,245,0.28,0.3,3,0.05,0.05,0.05,2,0.197,0.02775,1,0.005,hybrid,0.1,0.5,0.3,0.01,0.0020833333333333333,0.0048,8,0.75,0.2,8,16,0,2,0.585,0.75,1,worldModel,weighted,0,a2a0fec2,282,0,120,0.4852285878236095,0.46179469087471564,0.023433896948893862,0.2816666666666667,0.17833333333333334,0.10333333333333333
600,245,0.28,0.3,3,0.05,0.05,0.05,2,0.197,0.0295,1,0.005,hybrid,0.1,0.5,0.3,0.01,0.0020833333333333333,0.0048,8,0.75,0.2,8,16,0,2,0.585,0.75,1,worldModel,weighted,0,a2a0fec2,283,0,120,0.4951580401758353,0.4764694115581612,0.01868862861767412,0.28,0.21,0.07000000000000003
600,245,0.28,0.3,3,0.05,0.05,0.05,2,0.197,0.03125,1,0.005,hybrid,0.1,0.5,0.3,0.01,0.0020833333333333333,0.0048,8,0.75,0.2,8,16,0,2,0.585,0.75,1,worldModel,weighted,0,a2a0fec2,284,0,120,0.4974890112442275,0.4799604122899473,0.017528598954280217,0.32,0.23833333333333334,0.08166666666666667
600,245,0.28,0.3,3,0.05,0.05,0.05,2,0.197,0.033,1,0.005,hybrid,0.1,0.5,0.3,0.01,0.0020833333333333333,0.0048,8,0.75,0.2,8,16,0,2,0.585,0.75,1,worldModel,weighted,0,a2a0fec2,285,0,120,0.4836514894415935,0.47284270768985154,0.010808781751741936,0.26166666666666666,0.22833333333333333,0.033333333333333326
600,245,0.28,0.3,3,0.05,0.05,0.05,2,0.197,0.03475,1,0.005,hybrid,0.1,0.5,0.3,0.01,0.0020833333333333333,0.0048,8,0.75,0.2,8,16,0,2,0.585,0.75,1,worldModel,weighted,0,a2a0fec2,286,0,120,0.49233286689346034,0.4679583008463184,0.024374566047141943,0.2966666666666667,0.205,0.0916666666666667
600,245,0.28,0.3,3,0.05,0.05,0.05,2,0.197,0.0365,1,0.005,hybrid,0.1,0.5,0.3,0.01,0.0020833333333333333,0.0048,8,0.75,0.2,8,16,0,2,0.585,0.75,1,worldModel,weighted,0,a2a0fec2,287,0,120,0.47937721975768605,0.46129970824345945,0.018077511514226596,0.17333333333333334,0.13166666666666665,0.041666666666666685
600,245,0.28,0.3,3,0.05,0.05,0.05,2,0.197,0.03825,1,0.005,hybrid,0.1,0.5,0.3,0.01,0.0020833333333333333,0.0048,8,0.75,0.2,8,16,0,2,0.585,0.75,1,worldModel,weighted,0,a2a0fec2,288,0,120,0.4853720337773363,0.46499516162400445,0.020376872153331838,0.27166666666666667,0.20333333333333334,0.06833333333333333
600,245,0.28,0.3,3,0.05,0.05,0.05,2,0.197,0.04,1,0.005,hybrid,0.1,0.5,0.3,0.01,0.0020833333333333333,0.0048,8,0.75,0.2,8,16,0,2,0.585,0.75,1,worldModel,weighted,0,a2a0fec2,289,0,120,0.48578740337863563,0.46444216849903264,0.021345234879602992,0.265,0.14333333333333334,0.12166666666666667
600,245,0.28,0.3,3,0.05,0.05,0.05,2,0.197,0.04175,1,0.005,hybrid,0.1,0.5,0.3,0.01,0.0020833333333333333,0.0048,8,0.75,0.2,8,16,0,2,0.585,0.75,1,worldModel,weighted,0,a2a0fec2,290,0,120,0.48821447359398007,0.4593065291022261,0.02890794449175399,0.23666666666666666,0.14333333333333334,0.09333333333333332
600,245,0.28,0.3,3,0.05,0.05,0.05,2,0.197,0.0435,1,0.005,hybrid,0.1,0.5,0.3,0.01,0.0020833333333333333,0.0048,8,0.75,0.2,8,16,0,2,0.585,0.75,1,worldModel,weighted,0,a2a0fec2,291,0,120,0.4937559635564685,0.476700566355139,0.01705539720132948,0.2633333333333333,0.195,0.0683333333333333
600,245,0.28,0.3,3,0.05,0.05,0.05,2,0.197,0.04525,1,0.005,hybrid,0.1,0.5,0.3,0.01,0.0020833333333333333,0.0048,8,0.75,0.2,8,16,0,2,0.585,0.75,1,worldModel,weighted,0,a2a0fec2,292,0,120,0.4735166463876764,0.44248953021441895,0.03102711617325743,0.22666666666666666,0.09166666666666666,0.135
600,245,0.28,0.3,3,0.05,0.05,0.05,2,0.197,0.047,1,0.005,hybrid,0.1,0.5,0.3,0.01,0.0020833333333333333,0.0048,8,0.75,0.2,8,16,0,2,0.585,0.75,1,worldModel,weighted,0,a2a0fec2,293,0,120,0.4694228157835702,0.45533626060932875,0.014086555174241455,0.15666666666666668,0.1,0.05666666666666667
600,245,0.28,0.3,3,0.05,0.05,0.05,2,0.206,0.012,1,0.005,hybrid,0.1,0.5,0.3,0.01,0.0020833333333333333,0.0048,8,0.75,0.2,8,16,0,2,0.585,0.75,1,worldModel,weighted,0,a2a0fec2,294,0,120,0.5286614478689929,0.5099908339791,0.018670613889892995,0.44,0.37666666666666665,0.06333333333333335
600,245,0.28,0.3,3,0.05,0.05,0.05,2,0.206,0.01375,1,0.005,hybrid,0.1,0.5,0.3,0.01,0.0020833333333333333,0.0048,8,0.75,0.2,8,16,0,2,0.585,0.75,1,worldModel,weighted,0,a2a0fec2,295,0,120,0.5189691257787248,0.4928636835577587,0.026105442220966057,0.395,0.31833333333333336,0.07666666666666666
600,245,0.28,0.3,3,0.05,0.05,0.05,2,0.206,0.0155,1,0.005,hybrid,0.1,0.5,0.3,0.01,0.0020833333333333333,0.0048,8,0.75,0.2,8,16,0,2,0.585,0.75,1,worldModel,weighted,0,a2a0fec2,296,0,120,0.498208252688249,0.47899560377622646,0.019212648912022512,0.385,0.30666666666666664,0.07833333333333337
600,245,0.28,0.3,3,0.05,0.05,0.05,2,0.206,0.01725,1,0.005,hybrid,0.1,0.5,0.3,0.01,0.0020833333333333333,0.0048,8,0.75,0.2,8,16,0,2,0.585,0.75,1,worldModel,weighted,0,a2a0fec2,297,0,120,0.523540618326515,0.4946810379624367,0.02885958036407832,0.44166666666666665,0.33,0.11166666666666664
600,245,0.28,0.3,3,0.05,0.05,0.05,2,0.206,0.019,1,0.005,hybrid,0.1,0.5,0.3,0.01,0.0020833333333333333,0.0048,8,0.75,0.2,8,16,0,2,0.585,0.75,1,worldModel,weighted,0,a2a0fec2,298,0,120,0.49314977424219253,0.4741626064355175,0.01898716780667503,0.32,0.23833333333333334,0.08166666666666667
600,245,0.28,0.3,3,0.05,0.05,0.05,2,0.206,0.02075,1,0.005,hybrid,0.1,0.5,0.3,0.01,0.0020833333333333333,0.0048,8,0.75,0.2,8,16,0,2,0.585,0.75,1,worldModel,weighted,0,a2a0fec2,299,0,120,0.5057387738426526,0.48364750827352204,0.022091265569130603,0.3933333333333333,0.3,0.09333333333333332
600,245,0.28,0.3,3,0.05,0.05,0.05,2,0.206,0.0225,1,0.005,hybrid,0.1,0.5,0.3,0.01,0.0020833333333333333,0.0048,8,0.75,0.2,8,16,0,2,0.585,0.75,1,worldModel,weighted,0,a2a0fec2,300,0,120,0.4990034056951602,0.4831926218047738,0.015810783890386426,0.3466666666666667,0.25,0.09666666666666668
600,245,0.28,0.3,3,0.05,0.05,0.05,2,0.206,0.02425,1,0.005,hybrid,0.1,0.5,0.3,0.01,0.0020833333333333333,0.0048,8,0.75,0.2,8,16,0,2,0.585,0.75,1,worldModel,weighted,0,a2a0fec2,301,0,120,0.4871243716528018,0.459758193710198,0.02736617794260382,0.31,0.19166666666666668,0.11833333333333332
600,245,0.28,0.3,3,0.05,0.05,0.05,2,0.206,0.026,1,0.005,hybrid,0.1,0.5,0.3,0.01,0.0020833333333333333,0.0048,8,0.75,0.2,8,16,0,2,0.585,0.75,1,worldModel,weighted,0,a2a0fec2,302,0,120,0.5040600275186201,0.48125675074756147,0.022803276771058645,0.31,0.22,0.09
600,245,0.28,0.3,3,0.05,0.05,0.05,2,0.206,0.02775,1,0.005,hybrid,0.1,0.5,0.3,0.01,0.0020833333333333333,0.0048,8,0.75,0.2,8,16,0,2,0.585,0.75,1,worldModel,weighted,0,a2a0fec2,303,0,120,0.5007918046849469,0.47936497380336124,0.021426830881585646,0.3416666666666667,0.25666666666666665,0.08500000000000002
600,245,0.28,0.3,3,0.05,0.05,0.05,2,0.206,0.0295,1,0.005,hybrid,0.1,0.5,0.3,0.01,0.0020833333333333333,0.0048,8,0.75,0.2,8,16,0,2,0.585,0.75,1,worldModel,weighted,0,a2a0fec2,304,0,120,0.47995761457830666,0.4666799792274833,0.01327763535082338,0.265,0.21333333333333335,0.051666666666666666
600,245,0.28,0.3,3,0.05,0.05,0.05,2,0.206,0.03125,1,0.005,hybrid,0.1,0.5,0.3,0.01,0.0020833333333333333,0.0048,8,0.75,0.2,8,16,0,2,0.585,0.75,1,worldModel,weighted,0,a2a0fec2,305,0,120,0.4973637096521755,0.47469075460607807,0.022672955046097454,0.30833333333333335,0.23666666666666666,0.07166666666666668
600,245,0.28,0.3,3,0.05,0.05,0.05,2,0.206,0.033,1,0.005,hybrid,0.1,0.5,0.3,0.01,0.0020833333333333333,0.0048,8,0.75,0.2,8,16,0,2,0.585,0.75,1,worldModel,weighted,0,a2a0fec2,306,0,120,0.48774547944466273,0.4604520294939478,0.02729344995071492,0.2733333333333333,0.14166666666666666,0.13166666666666665
600,245,0.28,0.3,3,0.05,0.05,0.05,2,0.206,0.03475,1,0.005,hybrid,0.1,0.5,0.3,0.01,0.0020833333333333333,0.0048,8,0.75,0.2,8,16,0,2,0.585,0.75,1,worldModel,weighted,0,a2a0fec2,307,0,120,0.4878005376954873,0.4640111912228167,0.023789346472670614,0.21333333333333335,0.13166666666666665,0.08166666666666669
600,245,0.28,0.3,3,0.05,0.05,0.05,2,0.206,0.0365,1,0.005,hybrid,0.1,0.5,0.3,0.01,0.0020833333333333333,0.0048,8,0.75,0.2,8,16,0,2,0.585,0.75,1,worldModel,weighted,0,a2a0fec2,308,0,120,0.49432353597134354,0.4688532343072196,0.02547030166412395,0.29,0.19333333333333333,0.09666666666666665
600,245,0.28,0.3,3,0.05,0.05,0.05,2,0.206,0.03825,1,0.005,hybrid,0.1,0.5,0.3,0.01,0.0020833333333333333,0.0048,8,0.75,0.2,8,16,0,2,0.585,0.75,1,worldModel,weighted,0,a2a0fec2,309,0,120,0.47565524126092595,0.44942732765028875,0.0262279136106372,0.23666666666666666,0.16,0.07666666666666666
600,245,0.28,0.3,3,0.05,0.05,0.05,2,0.206,0.04,1,0.005,hybrid,0.1,0.5,0.3,0.01,0.0020833333333333333,0.0048,8,0.75,0.2,8,16,0,2,0.585,0.75,1,worldModel,weighted,0,a2a0fec2,310,0,120,0.4808093545647959,0.4593791754419605,0.021430179122835402,0.215,0.145,0.07
600,245,0.28,0.3,3,0.05,0.05,0.05,2,0.206,0.04175,1,0.005,hybrid,0.1,0.5,0.3,0.01,0.0020833333333333333,0.0048,8,0.75,0.2,8,16,0,2,0.585,0.75,1,worldModel,weighted,0,a2a0fec2,311,0,120,0.4742845006038745,0.4515635883125166,0.02272091229135792,0.17666666666666667,0.08666666666666667,0.09
600,245,0.28,0.3,3,0.05,0.05,0.05,2,0.206,0.0435,1,0.005,hybrid,0.1,0.5,0.3,0.01,0.0020833333333333333,0.0048,8,0.75,0.2,8,16,0,2,0.585,0.75,1,worldModel,weighted,0,a2a0fec2,312,0,120,0.47572083891679845,0.45971893196925523,0.01600190694754322,0.13333333333333333,0.105,0.028333333333333335
600,245,0.28,0.3,3,0.05,0.05,0.05,2,0.206,0.04525,1,0.005,hybrid,0.1,0.5,0.3,0.01,0.0020833333333333333,0.0048,8,0.75,0.2,8,16,0,2,0.585,0.75,1,worldModel,weighted,0,a2a0fec2,313,0,120,0.48034703763822717,0.45916251147786774,0.02118452616035943,0.22833333333333333,0.15833333333333333,0.07
600,245,0.28,0.3,3,0.05,0.05,0.05,2,0.206,0.047,1,0.005,hybrid,0.1,0.5,0.3,0.01,0.0020833333333333333,0.0048,8,0.75,0.2,8,16,0,2,0.585,0.75,1,worldModel,weighted,0,a2a0fec2,314,0,120,0.47568730132033427,0.4553802429077526,0.02030705841258168,0.22666666666666666,0.145,0.08166666666666667
600,245,0.28,0.3,3,0.05,0.05,0.05,2,0.215,0.012,1,0.005,hybrid,0.1,0.5,0.3,0.01,0.0020833333333333333,0.0048,8,0.75,0.2,8,16,0,2,0.585,0.75,1,worldModel,weighted,0,a2a0fec2,315,0,120,0.5272385278654595,0.5019493640214204,0.02528916384403912,0.44166666666666665,0.35,0.09166666666666667
600,245,0.28,0.3,3,0.05,0.05,0.05,2,0.215,0.01375,1,0.005,hybrid,0.1,0.5,0.3,0.01,0.0020833333333333333,0.0048,8,0.75,0.2,8,16,0,2,0.585,0.75,1,worldModel,weighted,0,a2a0fec2,316,0,120,0.507671395248423,0.49082595164577164,0.016845443602651333,0.3616666666666667,0.295,0.06666666666666671
600,245,0.28,0.3,3,0.05,0.05,0.05,2,0.215,0.0155,1,0.005,hybrid,0.1,0.5,0.3,0.01,0.0020833333333333333,0.0048,8,0.75,0.2,8,16,0,2,0.585,0.75,1,worldModel,weighted,0,a2a0fec2,317,0,120,0.513910340902706,0.4911079491550724,0.022802391747633655,0.39166666666666666,0.2916666666666667,0.09999999999999998
600,245,0.28,0.3,3,0.05,0.05,0.05,2,0.215,0.01725,1,0.005,hybrid,0.1,0.5,0.3,0.01,0.0020833333333333333,0.0048,8,0.75,0.2,8,16,0,2,0.585,0.75,1,worldModel,weighted,0,a2a0fec2,318,0,120,0.5113692889052133,0.4865247201050321,0.024844568800181155,0.40166666666666667,0.305,0.09666666666666668
600,245,0.28,0.3,3,0.05,0.05,0.05,2,0.215,0.019,1,0.005,hybrid,0.1,0.5,0.3,0.01,0.0020833333333333333,0.0048,8,0.75,0.2,8,16,0,2,0.585,0.75,1,worldModel,weighted,0,a2a0fec2,319,0,120,0.5136396504255633,0.4906699435847501,0.022969706840813175,0.4066666666666667,0.30833333333333335,0.09833333333333333
600,245,0.28,0.3,3,0.05,0.05,0.05,2,0.215,0.02075,1,0.005,hybrid,0.1,0.5,0.3,0.01,0.0020833333333333333,0.0048,8,0.75,0.2,8,16,0,2,0.585,0.75,1,worldModel,weighted,0,a2a0fec2,320,0,120,0.49834396932274105,0.4795256921586891,0.018818277164051933,0.29,0.21,0.07999999999999999
600,245,0.28,0.3,3,0.05,0.05,0.05,2,0.215,0.0225,1,0.005,hybrid,0.1,0.5,0.3,0.01,0.0020833333333333333,0.0048,8,0.75,0.2,8,16,0,2,0.585,0.75,1,worldModel,weighted,0,a2a0fec2,321,0,120,0.50427965434889,0.4824980728390316,0.021781581509858372,0.315,0.22166666666666668,0.09333333333333332
600,245,0.28,0.3,3,0.05,0.05,0.05,2,0.215,0.02425,1,0.005,hybrid,0.1,0.5,0.3,0.01,0.0020833333333333333,0.0048,8,0.75,0.2,8,16,0,2,0.585,0.75,1,worldModel,weighted,0,a2a0fec2,322,0,120,0.5100721732589105,0.4900793505708377,0.019992822688072842,0.3883333333333333,0.295,0.09333333333333332
600,245,0.28,0.3,3,0.05,0.05,0.05,2,0.215,0.026,1,0.005,hybrid,0.1,0.5,0.3,0.01,0.0020833333333333333,0.0048,8,0.75,0.2,8,16,0,2,0.585,0.75,1,worldModel,weighted,0,a2a0fec2,323,0,120,0.4973430937590698,0.47613387894506254,0.021209214814007282,0.33166666666666667,0.24333333333333335,0.08833333333333332
600,245,0.28,0.3,3,0.05,0.05,0.05,2,0.215,0.02775,1,0.005,hybrid,0.1,0.5,0.3,0.01,0.0020833333333333333,0.0048,8,0.75,0.2,8,16,0,2,0.585,0.75,1,worldModel,weighted,0,a2a0fec2,324,0,120,0.4951626237606009,0.4774943981009225,0.017668225659678405,0.31666666666666665,0.23166666666666666,0.08499999999999999
600,245,0.28,0.3,3,0.05,0.05,0.05,2,0.215,0.0295,1,0.005,hybrid,0.1,0.5,0.3,0.01,0.0020833333333333333,0.0048,8,0.75,0.2,8,16,0,2,0.585,0.75,1,worldModel,weighted,0,a2a0fec2,325,0,120,0.5029953239051004,0.4809072167550524,0.022088107150047998,0.3466666666666667,0.24333333333333335,0.10333333333333333
600,245,0.28,0.3,3,0.05,0.05,0.05,2,0.215,0.03125,1,0.005,hybrid,0.1,0.5,0.3,0.01,0.0020833333333333333,0.0048,8,0.75,0.2,8,16,0,2,0.585,0.75,1,worldModel,weighted,0,a2a0fec2,326,0,120,0.49408432555074494,0.46751079434528947,0.02657353120545547,0.25333333333333335,0.19166666666666668,0.061666666666666675
600,245,0.28,0.3,3,0.05,0.05,0.05,2,0.215,0.033,1,0.005,hybrid,0.1,0.5,0.3,0.01,0.0020833333333333333,0.0048,8,0.75,0.2,8,16,0,2,0.585,0.75,1,worldModel,weighted,0,a2a0fec2,327,0,120,0.5060428615224858,0.47302948507790765,0.033013376444578135,0.31,0.22666666666666666,0.08333333333333334
600,245,0.28,0.3,3,0.05,0.05,0.05,2,0.215,0.03475,1,0.005,hybrid,0.1,0.5,0.3,0.01,0.0020833333333333333,0.0048,8,0.75,0.2,8,16,0,2,0.585,0.75,1,worldModel,weighted,0,a2a0fec2,328,0,120,0.4696190756683548,0.44894115801900625,0.020677917649348565,0.21333333333333335,0.175,0.03833333333333336
600,245,0.28,0.3,3,0.05,0.05,0.05,2,0.215,0.0365,1,0.005,hybrid,0.1,0.5,0.3,0.01,0.0020833333333333333,0.0048,8,0.75,0.2,8,16,0,2,0.585,0.75,1,worldModel,weighted,0,a2a0fec2,329,0,120,0.48577965372552473,0.461346573724101,0.024433080001423746,0.23166666666666666,0.17166666666666666,0.06
600,245,0.28,0.3,3,0.05,0.05,0.05,2,0.215,0.03825,1,0.005,hybrid,0.1,0.5,0.3,0.01,0.0020833333333333333,0.0048,8,0.75,0.2,8,16,0,2,0.585,0.75,1,worldModel,weighted,0,a2a0fec2,330,0,120,0.47492619493976235,0.4540822795840601,0.020843915355702236,0.20833333333333334,0.10666666666666667,0.10166666666666667
600,245,0.28,0.3,3,0.05,0.05,0.05,2,0.215,0.04,1,0.005,hybrid,0.1,0.5,0.3,0.01,0.0020833333333333333,0.0048,8,0.75,0.2,8,16,0,2,0.585,0.75,1,worldModel,weighted,0,a2a0fec2,331,0,120,0.4838576396678885,0.46360327100381254,0.020254368664075928,0.25,0.155,0.095
600,245,0.28,0.3,3,0.05,0.05,0.05,2,0.215,0.04175,1,0.005,hybrid,0.1,0.5,0.3,0.01,0.0020833333333333333,0.0048,8,0.75,0.2,8,16,0,2,0.585,0.75,1,worldModel,weighted,0,a2a0fec2,332,0,120,0.47959806085874634,0.45259200648094217,0.02700605437780418,0.19833333333333333,0.15833333333333333,0.04000000000000001
600,245,0.28,0.3,3,0.05,0.05,0.05,2,0.215,0.0435,1,0.005,hybrid,0.1,0.5,0.3,0.01,0.0020833333333333333,0.0048,8,0.75,0.2,8,16,0,2,0.585,0.75,1,worldModel,weighted,0,a2a0fec2,333,0,120,0.46713397284348807,0.44659247416382036,0.020541498679667702,0.14166666666666666,0.10333333333333333,0.03833333333333333
600,245,0.28,0.3,3,0.05,0.05,0.05,2,0.215,0.04525,1,0.005,hybrid,0.1,0.5,0.3,0.01,0.0020833333333333333,0.0048,8,0.75,0.2,8,16,0,2,0.585,0.75,1,worldModel,weighted,0,a2a0fec2,334,0,120,0.4814151417029401,0.4505584140618642,0.030856727641075887,0.22333333333333333,0.14666666666666667,0.07666666666666666
600,245,0.28,0.3,3,0.05,0.05,0.05,2,0.215,0.047,1,0.005,hybrid,0.1,0.5,0.3,0.01,0.0020833333333333333,0.0048,8,0.75,0.2,8,16,0,2,0.585,0.75,1,worldModel,weighted,0,a2a0fec2,335,0,120,0.4732608756422996,0.4572425410275658,0.016018334614733842,0.195,0.115,0.08
600,245,0.28,0.3,3,0.05,0.05,0.05,2,0.224,0.012,1,0.005,hybrid,0.1,0.5,0.3,0.01,0.0020833333333333333,0.0048,8,0.75,0.2,8,16,0,2,0.585,0.75,1,worldModel,weighted,0,a2a0fec2,336,0,120,0.5155872901901603,0.4968386005113522,0.01874868967880805,0.415,0.3466666666666667,0.0683333333333333
600,245,0.28,0.3,3,0.05,0.05,0.05,2,0.224,0.01375,1,0.005,hybrid,0.1,0.5,0.3,0.01,0.0020833333333333333,0.0048,8,0.75,0.2,8,16,0,2,0.585,0.75,1,worldModel,weighted,0,a2a0fec2,337,0,120,0.5238951295427978,0.5151606717457374,0.008734457797060391,0.44166666666666665,0.41,0.031666666666666676
600,245,0.28,0.3,3,0.05,0.05,0.05,2,0.224,0.0155,1,0.005,hybrid,0.1,0.5,0.3,0.01,0.0020833333333333333,0.0048,8,0.75,0.2,8,16,0,2,0.585,0.75,1,worldModel,weighted,0,a2a0fec2,338,0,120,0.5104678471262256,0.4926003378878037,0.017867509238421897,0.42333333333333334,0.3433333333333333,0.08000000000000002
600,245,0.28,0.3,3,0.05,0.05,0.05,2,0.224,0.01725,1,0.005,hybrid,0.1,0.5,0.3,0.01,0.0020833333333333333,0.0048,8,0.75,0.2,8,16,0,2,0.585,0.75,1,worldModel,weighted,0,a2a0fec2,339,0,120,0.5082421521345775,0.48321846400077145,0.02502368813380601,0.36833333333333335,0.29333333333333333,0.07500000000000001
600,245,0.28,0.3,3,0.05,0.05,0.05,2,0.224,0.019,1,0.005,hybrid,0.1,0.5,0.3,0.01,0.0020833333333333333,0.0048,8,0.75,0.2,8,16,0,2,0.585,0.75,1,worldModel,weighted,0,a2a0fec2,340,0,120,0.527465086573114,0.5051439762488008,0.022321110324313165,0.46166666666666667,0.38333333333333336,0.07833333333333331
600,245,0.28,0.3,3,0.05,0.05,0.05,2,0.224,0.02075,1,0.005,hybrid,0.1,0.5,0.3,0.01,0.0020833333333333333,0.0048,8,0.75,0.2,8,16,0,2,0.585,0.75,1,worldModel,weighted,0,a2a0fec2,341,0,120,0.5042228062512973,0.4821121764058868,0.022110629845410512,0.36666666666666664,0.29,0.07666666666666666
600,245,0.28,0.3,3,0.05,0.05,0.05,2,0.224,0.0225,1,0.005,hybrid,0.1,0.5,0.3,0.01,0.0020833333333333333,0.0048,8,0.75,0.2,8,16,0,2,0.585,0.75,1,worldModel,weighted,0,a2a0fec2,342,0,120,0.5124042745369176,0.4901998461596668,0.02220442837725084,0.41833333333333333,0.3283333333333333,0.09000000000000002
600,245,0.28,0.3,3,0.05,0.05,0.05,2,0.224,0.02425,1,0.005,hybrid,0.1,0.5,0.3,0.01,0.0020833333333333333,0.0048,8,0.75,0.2,8,16,0,2,0.585,0.75,1,worldModel,weighted,0,a2a0fec2,343,0,120,0.5062047090443472,0.49238315110405284,0.013821557940294382,0.375,0.335,0.03999999999999998
600,245,0.28,0.3,3,0.05,0.05,0.05,2,0.224,0.026,1,0.005,hybrid,0.1,0.5,0.3,0.01,0.0020833333333333333,0.0048,8,0.75,0.2,8,16,0,2,0.585,0.75,1,worldModel,weighted,0,a2a0fec2,344,0,120,0.48329113914941746,0.46418224909032385,0.01910889005909361,0.295,0.21333333333333335,0.08166666666666664
600,245,0.28,0.3,3,0.05,0.05,0.05,2,0.224,0.02775,1,0.005,hybrid,0.1,0.5,0.3,0.01,0.0020833333333333333,0.0048,8,0.75,0.2,8,16,0,2,0.585,0.75,1,worldModel,weighted,0,a2a0fec2,345,0,120,0.4997798643012841,0.4750921121550103,0.024687752146273834,0.3433333333333333,0.23833333333333334,0.10499999999999998
600,245,0.28,0.3,3,0.05,0.05,0.05,2,0.224,0.0295,1,0.005,hybrid,0.1,0.5,0.3,0.01,0.0020833333333333333,0.0048,8,0.75,0.2,8,16,0,2,0.585,0.75,1,worldModel,weighted,0,a2a0fec2,346,0,120,0.49065548584486046,0.4746506263191501,0.016004859525710347,0.28833333333333333,0.23833333333333334,0.04999999999999999
600,245,0.28,0.3,3,0.05,0.05,0.05,2,0.224,0.03125,1,0.005,hybrid,0.1,0.5,0.3,0.01,0.0020833333333333333,0.0048,8,0.75,0.2,8,16,0,2,0.585,0.75,1,worldModel,weighted,0,a2a0fec2,347,0,120,0.5081313819251955,0.48519388276462755,0.02293749916056792,0.35833333333333334,0.29833333333333334,0.06
600,245,0.28,0.3,3,0.05,0.05,0.05,2,0.224,0.033,1,0.005,hybrid,0.1,0.5,0.3,0.01,0.0020833333333333333,0.0048,8,0.75,0.2,8,16,0,2,0.585,0.75,1,worldModel,weighted,0,a2a0fec2,348,0,120,0.4817245202449461,0.4572089861581723,0.024515534086773816,0.22666666666666666,0.13833333333333334,0.08833333333333332
600,245,0.28,0.3,3,0.05,0.05,0.05,2,0.224,0.03475,1,0.005,hybrid,0.1,0.5,0.3,0.01,0.0020833333333333333,0.0048,8,0.75,0.2,8,16,0,2,0.585,0.75,1,worldModel,weighted,0,a2a0fec2,349,0,120,0.48974004602059723,0.46944017118463915,0.020299874835958076,0.27666666666666667,0.21666666666666667,0.06
600,245,0.28,0.3,3,0.05,0.05,0.05,2,0.224,0.0365,1,0.005,hybrid,0.1,0.5,0.3,0.01,0.0020833333333333333,0.0048,8,0.75,0.2,8,16,0,2,0.585,0.75,1,worldModel,weighted,0,a2a0fec2,350,0,120,0.48050754259030026,0.4535514857433736,0.026956056846926646,0.25833333333333336,0.125,0.13333333333333336
600,245,0.28,0.3,3,0.05,0.05,0.05,2,0.224,0.03825,1,0.005,hybrid,0.1,0.5,0.3,0.01,0.0020833333333333333,0.0048,8,0.75,0.2,8,16,0,2,0.585,0.75,1,worldModel,weighted,0,a2a0fec2,351,0,120,0.4763181236262123,0.44501251948376497,0.03130560414244732,0.16333333333333333,0.085,0.07833333333333332
600,245,0.28,0.3,3,0.05,0.05,0.05,2,0.224,0.04,1,0.005,hybrid,0.1,0.5,0.3,0.01,0.0020833333333333333,0.0048,8,0.75,0.2,8,16,0,2,0.585,0.75,1,worldModel,weighted,0,a2a0fec2,352,0,120,0.4807808163700004,0.4639846993051469,0.01679611706485351,0.22833333333333333,0.14833333333333334,0.07999999999999999
600,245,0.28,0.3,3,0.05,0.05,0.05,2,0.224,0.04175,1,0.005,hybrid,0.1,0.5,0.3,0.01,0.0020833333333333333,0.0048,8,0.75,0.2,8,16,0,2,0.585,0.75,1,worldModel,weighted,0,a2a0fec2,353,0,120,0.48587114218622446,0.4633780924789608,0.02249304970726368,0.27166666666666667,0.185,0.08666666666666667
600,245,0.28,0.3,3,0.05,0.05,0.05,2,0.224,0.0435,1,0.005,hybrid,0.1,0.5,0.3,0.01,0.0020833333333333333,0.0048,8,0.75,0.2,8,16,0,2,0.585,0.75,1,worldModel,weighted,0,a2a0fec2,354,0,120,0.47893886171281336,0.4549110203795135,0.024027841333299882,0.22666666666666666,0.09833333333333333,0.12833333333333333
600,245,0.28,0.3,3,0.05,0.05,0.05,2,0.224,0.04525,1,0.005,hybrid,0.1,0.5,0.3,0.01,0.0020833333333333333,0.0048,8,0.75,0.2,8,16,0,2,0.585,0.75,1,worldModel,weighted,0,a2a0fec2,355,0,120,0.4813952773126463,0.45792715267588696,0.023468124636759347,0.22166666666666668,0.14,0.08166666666666667
600,245,0.28,0.3,3,0.05,0.05,0.05,2,0.224,0.047,1,0.005,hybrid,0.1,0.5,0.3,0.01,0.0020833333333333333,0.0048,8,0.75,0.2,8,16,0,2,0.585,0.75,1,worldModel,weighted,0,a2a0fec2,356,0,120,0.4573162800446153,0.44405632816875973,0.013259951875855547,0.11333333333333333,0.065,0.048333333333333325
600,245,0.28,0.3,3,0.05,0.05,0.05,2,0.233,0.012,1,0.005,hybrid,0.1,0.5,0.3,0.01,0.0020833333333333333,0.0048,8,0.75,0.2,8,16,0,2,0.585,0.75,1,worldModel,weighted,0,a2a0fec2,357,0,120,0.5231863070031008,0.5164035808791717,0.00678272612392905,0.4633333333333333,0.41833333333333333,0.044999999999999984
600,245,0.28,0.3,3,0.05,0.05,0.05,2,0.233,0.01375,1,0.005,hybrid,0.1,0.5,0.3,0.01,0.0020833333333333333,0.0048,8,0.75,0.2,8,16,0,2,0.585,0.75,1,worldModel,weighted,0,a2a0fec2,358,0,120,0.5129108737719555,0.4904028547617296,0.02250801901022592,0.395,0.33,0.065
600,245,0.28,0.3,3,0.05,0.05,0.05,2,0.233,0.0155,1,0.005,hybrid,0.1,0.5,0.3,0.01,0.0020833333333333333,0.0048,8,0.75,0.2,8,16,0,2,0.585,0.75,1,worldModel,weighted,0,a2a0fec2,359,0,120,0.5128632229877015,0.49145393354818223,0.021409289439519252,0.38333333333333336,0.3416666666666667,0.041666666666666685
600,245,0.28,0.3,3,0.05,0.05,0.05,2,0.233,0.01725,1,0.005,hybrid,0.1,0.5,0.3,0.01,0.0020833333333333333,0.0048,8,0.75,0.2,8,16,0,2,0.585,0.75,1,worldModel,weighted,0,a2a0fec2,360,0,120,0.5011647184689839,0.4774866277414064,0.02367809072757754,0.4066666666666667,0.30666666666666664,0.10000000000000003
600,245,0.28,0.3,3,0.05,0.05,0.05,2,0.233,0.019,1,0.005,hybrid,0.1,0.5,0.3,0.01,0.0020833333333333333,0.0048,8,0.75,0.2,8,16,0,2,0.585,0.75,1,worldModel,weighted,0,a2a0fec2,361,0,120,0.5042260272676746,0.4810178067659338,0.023208220501740817,0.38166666666666665,0.30333333333333334,0.07833333333333331
600,245,0.28,0.3,3,0.05,0.05,0.05,2,0.233,0.02075,1,0.005,hybrid,0.1,0.5,0.3,0.01,0.0020833333333333333,0.0048,8,0.75,0.2,8,16,0,2,0.585,0.75,1,worldModel,weighted,0,a2a0fec2,362,0,120,0.5116701911824445,0.4748056111174325,0.036864580065011976,0.3416666666666667,0.24666666666666667,0.095
600,245,0.28,0.3,3,0.05,0.05,0.05,2,0.233,0.0225,1,0.005,hybrid,0.1,0.5,0.3,0.01,0.0020833333333333333,0.0048,8,0.75,0.2,8,16,0,2,0.585,0.75,1,worldModel,weighted,0,a2a0fec2,363,0,120,0.511499662163357,0.48606266306092344,0.025436999102433522,0.37333333333333335,0.2816666666666667,0.09166666666666667
600,245,0.28,0.3,3,0.05,0.05,0.05,2,0.233,0.02425,1,0.005,hybrid,0.1,0.5,0.3,0.01,0.0020833333333333333,0.0048,8,0.75,0.2,8,16,0,2,0.585,0.75,1,worldModel,weighted,0,a2a0fec2,364,0,120,0.5174647728726268,0.4943368125582735,0.023127960314353324,0.395,0.2816666666666667,0.11333333333333334
600,245,0.28,0.3,3,0.05,0.05,0.05,2,0.233,0.026,1,0.005,hybrid,0.1,0.5,0.3,0.01,0.0020833333333333333,0.0048,8,0.75,0.2,8,16,0,2,0.585,0.75,1,worldModel,weighted,0,a2a0fec2,365,0,120,0.48791578388462464,0.4639315692024926,0.02398421468213202,0.30666666666666664,0.235,0.07166666666666666
600,245,0.28,0.3,3,0.05,0.05,0.05,2,0.233,0.02775,1,0.005,hybrid,0.1,0.5,0.3,0.01,0.0020833333333333333,0.0048,8,0.75,0.2,8,16,0,2,0.585,0.75,1,worldModel,weighted,0,a2a0fec2,366,0,120,0.5067865419325729,0.476437536192437,0.03034900574013588,0.345,0.24,0.10499999999999998
600,245,0.28,0.3,3,0.05,0.05,0.05,2,0.233,0.0295,1,0.005,hybrid,0.1,0.5,0.3,0.01,0.0020833333333333333,0.0048,8,0.75,0.2,8,16,0,2,0.585,0.75,1,worldModel,weighted,0,a2a0fec2,367,0,120,0.5016089035260181,0.4770527850029369,0.02455611852308115,0.34833333333333333,0.2633333333333333,0.08500000000000002
600,245,0.28,0.3,3,0.05,0.05,0.05,2,0.233,0.03125,1,0.005,hybrid,0.1,0.5,0.3,0.01,0.0020833333333333333,0.0048,8,0.75,0.2,8,16,0,2,0.585,0.75,1,worldModel,weighted,0,a2a0fec2,368,0,120,0.5056881855987012,0.4925711796060204,0.013117005992680786,0.31666666666666665,0.25666666666666665,0.06
600,245,0.28,0.3,3,0.05,0.05,0.05,2,0.233,0.033,1,0.005,hybrid,0.1,0.5,0.3,0.01,0.0020833333333333333,0.0048,8,0.75,0.2,8,16,0,2,0.585,0.75,1,worldModel,weighted,0,a2a0fec2,369,0,120,0.4836590238288045,0.47333821854243674,0.010320805286367751,0.29833333333333334,0.25,0.04833333333333334
600,245,0.28,0.3,3,0.05,0.05,0.05,2,0.233,0.03475,1,0.005,hybrid,0.1,0.5,0.3,0.01,0.0020833333333333333,0.0048,8,0.75,0.2,8,16,0,2,0.585,0.75,1,worldModel,weighted,0,a2a0fec2,370,0,120,0.4849275894649327,0.4617266775605579,0.023200911904374788,0.25666666666666665,0.18333333333333332,0.07333333333333333
600,245,0.28,0.3,3,0.05,0.05,0.05,2,0.233,0.0365,1,0.005,hybrid,0.1,0.5,0.3,0.01,0.0020833333333333333,0.0048,8,0.75,0.2,8,16,0,2,0.585,0.75,1,worldModel,weighted,0,a2a0fec2,371,0,120,0.47383369381229085,0.4637855317940315,0.010048162018259366,0.20833333333333334,0.18333333333333332,0.025000000000000022
600,245,0.28,0.3,3,0.05,0.05,0.05,2,0.233,0.03825,1,0.005,hybrid,0.1,0.5,0.3,0.01,0.0020833333333333333,0.0048,8,0.75,0.2,8,16,0,2,0.585,0.75,1,worldModel,weighted,0,a2a0fec2,372,0,120,0.46875132620334625,0.45640653252601626,0.01234479367732999,0.17666666666666667,0.15666666666666668,0.01999999999999999
600,245,0.28,0.3,3,0.05,0.05,0.05,2,0.233,0.04,1,0.005,hybrid,0.1,0.5,0.3,0.01,0.0020833333333333333,0.0048,8,0.75,0.2,8,16,0,2,0.585,0.75,1,worldModel,weighted,0,a2a0fec2,373,0,120,0.48197576344634097,0.45045709181576965,0.031518671630571315,0.225,0.135,0.09
600,245,0.28,0.3,3,0.05,0.05,0.05,2,0.233,0.04175,1,0.005,hybrid,0.1,0.5,0.3,0.01,0.0020833333333333333,0.0048,8,0.75,0.2,8,16,0,2,0.585,0.75,1,worldModel,weighted,0,a2a0fec2,374,0,120,0.4767538150648276,0.4540299386282762,0.022723876436551438,0.22333333333333333,0.14333333333333334,0.07999999999999999
600,245,0.28,0.3,3,0.05,0.05,0.05,2,0.233,0.0435,1,0.005,hybrid,0.1,0.5,0.3,0.01,0.0020833333333333333,0.0048,8,0.75,0.2,8,16,0,2,0.585,0.75,1,worldModel,weighted,0,a2a0fec2,375,0,120,0.4827619431043665,0.45660942401116095,0.02615251909320554,0.23166666666666666,0.10833333333333334,0.12333333333333332
600,245,0.28,0.3,3,0.05,0.05,0.05,2,0.233,0.04525,1,0.005,hybrid,0.1,0.5,0.3,0.01,0.0020833333333333333,0.0048,8,0.75,0.2,8,16,0,2,0.585,0.75,1,worldModel,weighted,0,a2a0fec2,376,0,120,0.48839206465830404,0.4631993885152042,0.025192676143099835,0.21333333333333335,0.12166666666666667,0.09166666666666667
600,245,0.28,0.3,3,0.05,0.05,0.05,2,0.233,0.047,1,0.005,hybrid,0.1,0.5,0.3,0.01,0.0020833333333333333,0.0048,8,0.75,0.2,8,16,0,2,0.585,0.75,1,worldModel,weighted,0,a2a0fec2,377,0,120,0.4846593277280529,0.46488786042978364,0.019771467298269285,0.25666666666666665,0.19833333333333333,0.05833333333333332
600,245,0.28,0.3,3,0.05,0.05,0.05,2,0.242,0.012,1,0.005,hybrid,0.1,0.5,0.3,0.01,0.0020833333333333333,0.0048,8,0.75,0.2,8,16,0,2,0.585,0.75,1,worldModel,weighted,0,a2a0fec2,378,0,120,0.5164913258329034,0.49438089119891326,0.022110434633990095,0.41833333333333333,0.34833333333333333,0.07
600,245,0.28,0.3,3,0.05,0.05,0.05,2,0.242,0.01375,1,0.005,hybrid,0.1,0.5,0.3,0.01,0.0020833333333333333,0.0048,8,0.75,0.2,8,16,0,2,0.585,0.75,1,worldModel,weighted,0,a2a0fec2,379,0,120,0.5149749955286582,0.49051072579498095,0.02446426973367727,0.43,0.33666666666666667,0.09333333333333332
600,245,0.28,0.3,3,0.05,0.05,0.05,2,0.242,0.0155,1,0.005,hybrid,0.1,0.5,0.3,0.01,0.0020833333333333333,0.0048,8,0.75,0.2,8,16,0,2,0.585,0.75,1,worldModel,weighted,0,a2a0fec2,380,0,120,0.5334531288469831,0.5160192998001972,0.01743382904678592,0.44,0.38666666666666666,0.053333333333333344
600,245,0.28,0.3,3,0.05,0.05,0.05,2,0.242,0.01725,1,0.005,hybrid,0.1,0.5,0.3,0.01,0.0020833333333333333,0.0048,8,0.75,0.2,8,16,0,2,0.585,0.75,1,worldModel,weighted,0,a2a0fec2,381,0,120,0.5003954164745907,0.48704603205745417,0.013349384417136567,0.355,0.30333333333333334,0.05166666666666664
600,245,0.28,0.3,3,0.05,0.05,0.05,2,0.242,0.019,1,0.005,hybrid,0.1,0.5,0.3,0.01,0.0020833333333333333,0.0048,8,0.75,0.2,8,16,0,2,0.585,0.75,1,worldModel,weighted,0,a2a0fec2,382,0,120,0.5077362641816338,0.483104563181599,0.024631701000034756,0.35,0.2816666666666667,0.0683333333333333
600,245,0.28,0.3,3,0.05,0.05,0.05,2,0.242,0.02075,1,0.005,hybrid,0.1,0.5,0.3,0.01,0.0020833333333333333,0.0048,8,0.75,0.2,8,16,0,2,0.585,0.75,1,worldModel,weighted,0,a2a0fec2,383,0,120,0.5063440067321062,0.48343310862158734,0.022910898110518885,0.36,0.26166666666666666,0.09833333333333333
600,245,0.28,0.3,3,0.05,0.05,0.05,2,0.242,0.0225,1,0.005,hybrid,0.1,0.5,0.3,0.01,0.0020833333333333333,0.0048,8,0.75,0.2,8,16,0,2,0.585,0.75,1,worldModel,weighted,0,a2a0fec2,384,0,120,0.4989571912586689,0.48133898845563333,0.017618202803035554,0.3433333333333333,0.25333333333333335,0.08999999999999997
600,245,0.28,0.3,3,0.05,0.05,0.05,2,0.242,0.02425,1,0.005,hybrid,0.1,0.5,0.3,0.01,0.0020833333333333333,0.0048,8,0.75,0.2,8,16,0,2,0.585,0.75,1,worldModel,weighted,0,a2a0fec2,385,0,120,0.5030736827539901,0.4838422024995089,0.019231480254481237,0.33,0.29333333333333333,0.03666666666666668
600,245,0.28,0.3,3,0.05,0.05,0.05,2,0.242,0.026,1,0.005,hybrid,0.1,0.5,0.3,0.01,0.0020833333333333333,0.0048,8,0.75,0.2,8,16,0,2,0.585,0.75,1,worldModel,weighted,0,a2a0fec2,386,0,120,0.49562856818238893,0.4757104245138665,0.019918143668522403,0.285,0.20833333333333334,0.07666666666666663
600,245,0.28,0.3,3,0.05,0.05,0.05,2,0.242,0.02775,1,0.005,hybrid,0.1,0.5,0.3,0.01,0.0020833333333333333,0.0048,8,0.75,0.2,8,16,0,2,0.585,0.75,1,worldModel,weighted,0,a2a0fec2,387,0,120,0.5034738497436047,0.48616902861123285,0.017304821132371806,0.3516666666666667,0.2833333333333333,0.06833333333333336
600,245,0.28,0.3,3,0.05,0.05,0.05,2,0.242,0.0295,1,0.005,hybrid,0.1,0.5,0.3,0.01,0.0020833333333333333,0.0048,8,0.75,0.2,8,16,0,2,0.585,0.75,1,worldModel,weighted,0,a2a0fec2,388,0,120,0.49217229437703885,0.46013800501202545,0.0320342893650134,0.31833333333333336,0.19,0.12833333333333335
600,245,0.28,0.3,3,0.05,0.05,0.05,2,0.242,0.03125,1,0.005,hybrid,0.1,0.5,0.3,0.01,0.0020833333333333333,0.0048,8,0.75,0.2,8,16,0,2,0.585,0.75,1,worldModel,weighted,0,a2a0fec2,389,0,120,0.4868545383773744,0.46212678900609416,0.02472774937128025,0.2866666666666667,0.24333333333333335,0.043333333333333335
600,245,0.28,0.3,3,0.05,0.05,0.05,2,0.242,0.033,1,0.005,hybrid,0.1,0.5,0.3,0.01,0.0020833333333333333,0.0048,8,0.75,0.2,8,16,0,2,0.585,0.75,1,worldModel,weighted,0,a2a0fec2,390,0,120,0.4728087382204831,0.45773803532744445,0.015070702893038634,0.22833333333333333,0.155,0.07333333333333333
600,245,0.28,0.3,3,0.05,0.05,0.05,2,0.242,0.03475,1,0.005,hybrid,0.1,0.5,0.3,0.01,0.0020833333333333333,0.0048,8,0.75,0.2,8,16,0,2,0.585,0.75,1,worldModel,weighted,0,a2a0fec2,391,0,120,0.4898158230694632,0.4694362341115872,0.020379588957876005,0.27166666666666667,0.19333333333333333,0.07833333333333334
600,245,0.28,0.3,3,0.05,0.05,0.05,2,0.242,0.0365,1,0.005,hybrid,0.1,0.5,0.3,0.01,0.0020833333333333333,0.0048,8,0.75,0.2,8,16,0,2,0.585,0.75,1,worldModel,weighted,0,a2a0fec2,392,0,120,0.49239962176730234,0.469906070313106,0.022493551454196348,0.2966666666666667,0.18166666666666667,0.11500000000000002
600,245,0.28,0.3,3,0.05,0.05,0.05,2,0.242,0.03825,1,0.005,hybrid,0.1,0.5,0.3,0.01,0.0020833333333333333,0.0048,8,0.75,0.2,8,16,0,2,0.585,0.75,1,worldModel,weighted,0,a2a0fec2,393,0,120,0.47735250654940803,0.45547419605155787,0.021878310497850162,0.25166666666666665,0.13666666666666666,0.11499999999999999
600,245,0.28,0.3,3,0.05,0.05,0.05,2,0.242,0.04,1,0.005,hybrid,0.1,0.5,0.3,0.01,0.0020833333333333333,0.0048,8,0.75,0.2,8,16,0,2,0.585,0.75,1,worldModel,weighted,0,a2a0fec2,394,0,120,0.4705823090610405,0.45611471798891823,0.014467591072122254,0.16166666666666665,0.13833333333333334,0.023333333333333317
600,245,0.28,0.3,3,0.05,0.05,0.05,2,0.242,0.04175,1,0.005,hybrid,0.1,0.5,0.3,0.01,0.0020833333333333333,0.0048,8,0.75,0.2,8,16,0,2,0.585,0.75,1,worldModel,weighted,0,a2a0fec2,395,0,120,0.4876308414836725,0.46079662614191574,0.02683421534175673,0.25833333333333336,0.15166666666666667,0.10666666666666669
600,245,0.28,0.3,3,0.05,0.05,0.05,2,0.242,0.0435,1,0.005,hybrid,0.1,0.5,0.3,0.01,0.0020833333333333333,0.0048,8,0.75,0.2,8,16,0,2,0.585,0.75,1,worldModel,weighted,0,a2a0fec2,396,0,120,0.4712300185362498,0.4555494407936931,0.01568057774255671,0.18166666666666667,0.14666666666666667,0.035
600,245,0.28,0.3,3,0.05,0.05,0.05,2,0.242,0.04525,1,0.005,hybrid,0.1,0.5,0.3,0.01,0.0020833333333333333,0.0048,8,0.75,0.2,8,16,0,2,0.585,0.75,1,worldModel,weighted,0,a2a0fec2,397,0,120,0.4816015139160057,0.4576404738674561,0.023961040048549598,0.27,0.17333333333333334,0.09666666666666668
600,245,0.28,0.3,3,0.05,0.05,0.05,2,0.242,0.047,1,0.005,hybrid,0.1,0.5,0.3,0.01,0.0020833333333333333,0.0048,8,0.75,0.2,8,16,0,2,0.585,0.75,1,worldModel,weighted,0,a2a0fec2,398,0,120,0.47740925623103975,0.45824520842482647,0.01916404780621328,0.20166666666666666,0.13333333333333333,0.06833333333333333
600,245,0.28,0.3,3,0.05,0.05,0.05,2,0.251,0.012,1,0.005,hybrid,0.1,0.5,0.3,0.01,0.0020833333333333333,0.0048,8,0.75,0.2,8,16,0,2,0.585,0.75,1,worldModel,weighted,0,a2a0fec2,399,0,120,0.5130636383965611,0.5011340014636516,0.011929636932909493,0.42,0.36,0.06
600,245,0.28,0.3,3,0.05,0.05,0.05,2,0.251,0.01375,1,0.005,hybrid,0.1,0.5,0.3,0.01,0.0020833333333333333,0.0048,8,0.75,0.2,8,16,0,2,0.585,0.75,1,worldModel,weighted,0,a2a0fec2,400,0,120,0.5128106603523096,0.4994902343675494,0.013320425984760187,0.42,0.34833333333333333,0.07166666666666666
600,245,0.28,0.3,3,0.05,0.05,0.05,2,0.251,0.0155,1,0.005,hybrid,0.1,0.5,0.3,0.01,0.0020833333333333333,0.0048,8,0.75,0.2,8,16,0,2,0.585,0.75,1,worldModel,weighted,0,a2a0fec2,401,0,120,0.5248031261873742,0.48791926371554534,0.0368838624718289,0.4766666666666667,0.3416666666666667,0.135
600,245,0.28,0.3,3,0.05,0.05,0.05,2,0.251,0.01725,1,0.005,hybrid,0.1,0.5,0.3,0.01,0.0020833333333333333,0.0048,8,0.75,0.2,8,16,0,2,0.585,0.75,1,worldModel,weighted,0,a2a0fec2,402,0,120,0.5221871797243754,0.5038518009521067,0.018335378772268762,0.405,0.345,0.06000000000000005
600,245,0.28,0.3,3,0.05,0.05,0.05,2,0.251,0.019,1,0.005,hybrid,0.1,0.5,0.3,0.01,0.0020833333333333333,0.0048,8,0.75,0.2,8,16,0,2,0.585,0.75,1,worldModel,weighted,0,a2a0fec2,403,0,120,0.5067346076853574,0.48951152474309007,0.01722308294226732,0.355,0.2916666666666667,0.0633333333333333
600,245,0.28,0.3,3,0.05,0.05,0.05,2,0.251,0.02075,1,0.005,hybrid,0.1,0.5,0.3,0.01,0.0020833333333333333,0.0048,8,0.75,0.2,8,16,0,2,0.585,0.75,1,worldModel,weighted,0,a2a0fec2,404,0,120,0.5128299988806247,0.48197112132484715,0.030858877555777597,0.35,0.2633333333333333,0.08666666666666667
600,245,0.28,0.3,3,0.05,0.05,0.05,2,0.251,0.0225,1,0.005,hybrid,0.1,0.5,0.3,0.01,0.0020833333333333333,0.0048,8,0.75,0.2,8,16,0,2,0.585,0.75,1,worldModel,weighted,0,a2a0fec2,405,0,120,0.505101524963975,0.47760429947947464,0.027497225484500343,0.3616666666666667,0.27166666666666667,0.09000000000000002
600,245,0.28,0.3,3,0.05,0.05,0.05,2,0.251,0.02425,1,0.005,hybrid,0.1,0.5,0.3,0.01,0.0020833333333333333,0.0048,8,0.75,0.2,8,16,0,2,0.585,0.75,1,worldModel,weighted,0,a2a0fec2,406,0,120,0.48728929699709017,0.473993933138748,0.01329536385834218,0.345,0.22666666666666666,0.11833333333333332
600,245,0.28,0.3,3,0.05,0.05,0.05,2,0.251,0.026,1,0.005,hybrid,0.1,0.5,0.3,0.01,0.0020833333333333333,0.0048,8,0.75,0.2,8,16,0,2,0.585,0.75,1,worldModel,weighted,0,a2a0fec2,407,0,120,0.5167035405151545,0.48678512948254743,0.029918411032607117,0.365,0.26166666666666666,0.10333333333333333
600,245,0.28,0.3,3,0.05,0.05,0.05,2,0.251,0.02775,1,0.005,hybrid,0.1,0.5,0.3,0.01,0.0020833333333333333,0.0048,8,0.75,0.2,8,16,0,2,0.585,0.75,1,worldModel,weighted,0,a2a0fec2,408,0,120,0.48216506392384567,0.45972355178246893,0.02244151214137674,0.25666666666666665,0.21666666666666667,0.03999999999999998
600,245,0.28,0.3,3,0.05,0.05,0.05,2,0.251,0.0295,1,0.005,hybrid,0.1,0.5,0.3,0.01,0.0020833333333333333,0.0048,8,0.75,0.2,8,16,0,2,0.585,0.75,1,worldModel,weighted,0,a2a0fec2,409,0,120,0.49219005374237895,0.4657251908009251,0.026464862941453837,0.2833333333333333,0.195,0.08833333333333332
600,245,0.28,0.3,3,0.05,0.05,0.05,2,0.251,0.03125,1,0.005,hybrid,0.1,0.5,0.3,0.01,0.0020833333333333333,0.0048,8,0.75,0.2,8,16,0,2,0.585,0.75,1,worldModel,weighted,0,a2a0fec2,410,0,120,0.48022442376241087,0.4698879261501133,0.010336497612297546,0.24666666666666667,0.16833333333333333,0.07833333333333334
600,245,0.28,0.3,3,0.05,0.05,0.05,2,0.251,0.033,1,0.005,hybrid,0.1,0.5,0.3,0.01,0.0020833333333333333,0.0048,8,0.75,0.2,8,16,0,2,0.585,0.75,1,worldModel,weighted,0,a2a0fec2,411,0,120,0.49554716754083833,0.4770396023802459,0.018507565160592432,0.29833333333333334,0.17666666666666667,0.12166666666666667
600,245,0.28,0.3,3,0.05,0.05,0.05,2,0.251,0.03475,1,0.005,hybrid,0.1,0.5,0.3,0.01,0.0020833333333333333,0.0048,8,0.75,0.2,8,16,0,2,0.585,0.75,1,worldModel,weighted,0,a2a0fec2,412,0,120,0.47237456681827705,0.4519076150469482,0.020466951771328845,0.145,0.06,0.08499999999999999
600,245,0.28,0.3,3,0.05,0.05,0.05,2,0.251,0.0365,1,0.005,hybrid,0.1,0.5,0.3,0.01,0.0020833333333333333,0.0048,8,0.75,0.2,8,16,0,2,0.585,0.75,1,worldModel,weighted,0,a2a0fec2,413,0,120,0.471810094366471,0.4438287721822659,0.02798132218420507,0.19166666666666668,0.11833333333333333,0.07333333333333335
600,245,0.28,0.3,3,0.05,0.05,0.05,2,0.251,0.03825,1,0.005,hybrid,0.1,0.5,0.3,0.01,0.0020833333333333333,0.0048,8,0.75,0.2,8,16,0,2,0.585,0.75,1,worldModel,weighted,0,a2a0fec2,414,0,120,0.487298192443947,0.4647306801751256,0.02256751226882142,0.2866666666666667,0.215,0.07166666666666668
600,245,0.28,0.3,3,0.05,0.05,0.05,2,0.251,0.04,1,0.005,hybrid,0.1,0.5,0.3,0.01,0.0020833333333333333,0.0048,8,0.75,0.2,8,16,0,2,0.585,0.75,1,worldModel,weighted,0,a2a0fec2,415,0,120,0.47087966814637183,0.4534123636037111,0.01746730454266071,0.24,0.16333333333333333,0.07666666666666666
600,245,0.28,0.3,3,0.05,0.05,0.05,2,0.251,0.04175,1,0.005,hybrid,0.1,0.5,0.3,0.01,0.0020833333333333333,0.0048,8,0.75,0.2,8,16,0,2,0.585,0.75,1,worldModel,weighted,0,a2a0fec2,416,0,120,0.4665689914487302,0.43953960270310444,0.02702938874562577,0.17,0.12166666666666667,0.04833333333333334
600,245,0.28,0.3,3,0.05,0.05,0.05,2,0.251,0.0435,1,0.005,hybrid,0.1,0.5,0.3,0.01,0.0020833333333333333,0.0048,8,0.75,0.2,8,16,0,2,0.585,0.75,1,worldModel,weighted,0,a2a0fec2,417,0,120,0.4846852099895477,0.46450374558568003,0.0201814644038677,0.20833333333333334,0.15166666666666667,0.05666666666666667
600,245,0.28,0.3,3,0.05,0.05,0.05,2,0.251,0.04525,1,0.005,hybrid,0.1,0.5,0.3,0.01,0.0020833333333333333,0.0048,8,0.75,0.2,8,16,0,2,0.585,0.75,1,worldModel,weighted,0,a2a0fec2,418,0,120,0.4715533130740126,0.45278441497435173,0.01876889809966087,0.18333333333333332,0.115,0.06833333333333332
600,245,0.28,0.3,3,0.05,0.05,0.05,2,0.251,0.047,1,0.005,hybrid,0.1,0.5,0.3,0.01,0.0020833333333333333,0.0048,8,0.75,0.2,8,16,0,2,0.585,0.75,1,worldModel,weighted,0,a2a0fec2,419,0,120,0.4689327786428233,0.4500507501202325,0.0188820285225908,0.19,0.12666666666666668,0.06333333333333332
600,245,0.28,0.3,3,0.05,0.05,0.05,2,0.26,0.012,1,0.005,hybrid,0.1,0.5,0.3,0.01,0.0020833333333333333,0.0048,8,0.75,0.2,8,16,0,2,0.585,0.75,1,worldModel,weighted,0,a2a0fec2,420,0,120,0.5134757525101304,0.4939864106290042,0.01948934188112622,0.445,0.38666666666666666,0.05833333333333335
600,245,0.28,0.3,3,0.05,0.05,0.05,2,0.26,0.01375,1,0.005,hybrid,0.1,0.5,0.3,0.01,0.0020833333333333333,0.0048,8,0.75,0.2,8,16,0,2,0.585,0.75,1,worldModel,weighted,0,a2a0fec2,421,0,120,0.5200978856657942,0.5079726907238364,0.01212519494195774,0.41,0.37333333333333335,0.036666666666666625
600,245,0.28,0.3,3,0.05,0.05,0.05,2,0.26,0.0155,1,0.005,hybrid,0.1,0.5,0.3,0.01,0.0020833333333333333,0.0048,8,0.75,0.2,8,16,0,2,0.585,0.75,1,worldModel,weighted,0,a2a0fec2,422,0,120,0.5085632083192467,0.483135696357737,0.02542751196150972,0.38666666666666666,0.2833333333333333,0.10333333333333333
600,245,0.28,0.3,3,0.05,0.05,0.05,2,0.26,0.01725,1,0.005,hybrid,0.1,0.5,0.3,0.01,0.0020833333333333333,0.0048,8,0.75,0.2,8,16,0,2,0.585,0.75,1,worldModel,weighted,0,a2a0fec2,423,0,120,0.4923502142479022,0.46971630078429977,0.02263391346360244,0.3283333333333333,0.265,0.0633333333333333
600,245,0.28,0.3,3,0.05,0.05,0.05,2,0.26,0.019,1,0.005,hybrid,0.1,0.5,0.3,0.01,0.0020833333333333333,0.0048,8,0.75,0.2,8,16,0,2,0.585,0.75,1,worldModel,weighted,0,a2a0fec2,424,0,120,0.5066071862479051,0.48712045400093,0.019486732246975114,0.38,0.295,0.08500000000000002
600,245,0.28,0.3,3,0.05,0.05,0.05,2,0.26,0.02075,1,0.005,hybrid,0.1,0.5,0.3,0.01,0.0020833333333333333,0.0048,8,0.75,0.2,8,16,0,2,0.585,0.75,1,worldModel,weighted,0,a2a0fec2,425,0,120,0.5055244955730935,0.481244590425243,0.024279905147850556,0.37166666666666665,0.2833333333333333,0.08833333333333332
600,245,0.28,0.3,3,0.05,0.05,0.05,2,0.26,0.0225,1,0.005,hybrid,0.1,0.5,0.3,0.01,0.0020833333333333333,0.0048,8,0.75,0.2,8,16,0,2,0.585,0.75,1,worldModel,weighted,0,a2a0fec2,426,0,120,0.4956538304500282,0.4781039944229027,0.01754983602712551,0.305,0.24666666666666667,0.05833333333333332
600,245,0.28,0.3,3,0.05,0.05,0.05,2,0.26,0.02425,1,0.005,hybrid,0.1,0.5,0.3,0.01,0.0020833333333333333,0.0048,8,0.75,0.2,8,16,0,2,0.585,0.75,1,worldModel,weighted,0,a2a0fec2,427,0,120,0.5127095540550848,0.48835714934393765,0.024352404711147135,0.385,0.32,0.065
600,245,0.28,0.3,3,0.05,0.05,0.05,2,0.26,0.026,1,0.005,hybrid,0.1,0.5,0.3,0.01,0.0020833333333333333,0.0048,8,0.75,0.2,8,16,0,2,0.585,0.75,1,worldModel,weighted,0,a2a0fec2,428,0,120,0.5120590558523933,0.4782516231574118,0.03380743269498149,0.3383333333333333,0.25,0.08833333333333332
600,245,0.28,0.3,3,0.05,0.05,0.05,2,0.26,0.02775,1,0.005,hybrid,0.1,0.5,0.3,0.01,0.0020833333333333333,0.0048,8,0.75,0.2,8,16,0,2,0.585,0.75,1,worldModel,weighted,0,a2a0fec2,429,0,120,0.5042724698781967,0.48089517060046394,0.0233772992777328,0.34,0.25166666666666665,0.08833333333333337
600,245,0.28,0.3,3,0.05,0.05,0.05,2,0.26,0.0295,1,0.005,hybrid,0.1,0.5,0.3,0.01,0.0020833333333333333,0.0048,8,0.75,0.2,8,16,0,2,0.585,0.75,1,worldModel,weighted,0,a2a0fec2,430,0,120,0.49761543000737823,0.47838842726002134,0.01922700274735689,0.305,0.23166666666666666,0.07333333333333333
600,245,0.28,0.3,3,0.05,0.05,0.05,2,0.26,0.03125,1,0.005,hybrid,0.1,0.5,0.3,0.01,0.0020833333333333333,0.0048,8,0.75,0.2,8,16,0,2,0.585,0.75,1,worldModel,weighted,0,a2a0fec2,431,0,120,0.48798028300205865,0.4711003784338633,0.016879904568195325,0.2633333333333333,0.26,0.0033333333333332993
600,245,0.28,0.3,3,0.05,0.05,0.05,2,0.26,0.033,1,0.005,hybrid,0.1,0.5,0.3,0.01,0.0020833333333333333,0.0048,8,0.75,0.2,8,16,0,2,0.585,0.75,1,worldModel,weighted,0,a2a0fec2,432,0,120,0.49940748951708275,0.4734396179082493,0.02596787160883346,0.2833333333333333,0.225,0.05833333333333332
600,245,0.28,0.3,3,0.05,0.05,0.05,2,0.26,0.03475,1,0.005,hybrid,0.1,0.5,0.3,0.01,0.0020833333333333333,0.0048,8,0.75,0.2,8,16,0,2,0.585,0.75,1,worldModel,weighted,0,a2a0fec2,433,0,120,0.4979322757696112,0.4814934856568774,0.016438790112733803,0.29833333333333334,0.255,0.043333333333333335
600,245,0.28,0.3,3,0.05,0.05,0.05,2,0.26,0.0365,1,0.005,hybrid,0.1,0.5,0.3,0.01,0.0020833333333333333,0.0048,8,0.75,0.2,8,16,0,2,0.585,0.75,1,worldModel,weighted,0,a2a0fec2,434,0,120,0.4847047131632765,0.4620729908595482,0.022631722303728286,0.23666666666666666,0.13666666666666666,0.1
600,245,0.28,0.3,3,0.05,0.05,0.05,2,0.26,0.03825,1,0.005,hybrid,0.1,0.5,0.3,0.01,0.0020833333333333333,0.0048,8,0.75,0.2,8,16,0,2,0.585,0.75,1,worldModel,weighted,0,a2a0fec2,435,0,120,0.48668608723208306,0.467227487595131,0.019458599636952068,0.22333333333333333,0.17833333333333334,0.044999999999999984
600,245,0.28,0.3,3,0.05,0.05,0.05,2,0.26,0.04,1,0.005,hybrid,0.1,0.5,0.3,0.01,0.0020833333333333333,0.0048,8,0.75,0.2,8,16,0,2,0.585,0.75,1,worldModel,weighted,0,a2a0fec2,436,0,120,0.491386838760227,0.45985205225646497,0.03153478650376201,0.29333333333333333,0.16833333333333333,0.125
600,245,0.28,0.3,3,0.05,0.05,0.05,2,0.26,0.04175,1,0.005,hybrid,0.1,0.5,0.3,0.01,0.0020833333333333333,0.0048,8,0.75,0.2,8,16,0,2,0.585,0.75,1,worldModel,weighted,0,a2a0fec2,437,0,120,0.4706185172249873,0.44966524520888923,0.02095327201609809,0.175,0.125,0.04999999999999999
600,245,0.28,0.3,3,0.05,0.05,0.05,2,0.26,0.0435,1,0.005,hybrid,0.1,0.5,0.3,0.01,0.0020833333333333333,0.0048,8,0.75,0.2,8,16,0,2,0.585,0.75,1,worldModel,weighted,0,a2a0fec2,438,0,120,0.47069812851647536,0.44829571986570954,0.022402408650765815,0.22,0.12166666666666667,0.09833333333333333
600,245,0.28,0.3,3,0.05,0.05,0.05,2,0.26,0.04525,1,0.005,hybrid,0.1,0.5,0.3,0.01,0.0020833333333333333,0.0048,8,0.75,0.2,8,16,0,2,0.585,0.75,1,worldModel,weighted,0,a2a0fec2,439,0,120,0.48449677020311355,0.4588957887763778,0.025600981426735725,0.22166666666666668,0.12666666666666668,0.095
600,245,0.28,0.3,3,0.05,0.05,0.05,2,0.26,0.047,1,0.005,hybrid,0.1,0.5,0.3,0.01,0.0020833333333333333,0.0048,8,0.75,0.2,8,16,0,2,0.585,0.75,1,worldModel,weighted,0,a2a0fec2,440,0,120,0.4661304652442535,0.4444687599005798,0.021661705343673676,0.15833333333333333,0.11666666666666667,0.04166666666666666
